Date,Country,City,State_City,Category,Consumer,Corporate,Home_Office
"19 April, 2015",United States,Carrollton,Texas_Carrollton,Office Supplies,329.96,,
"04 August, 2017",United States,Carrollton,Texas_Carrollton,Office Supplies,,3.318,
"20 June, 2016",United States,Carrollton,Texas_Carrollton,Office Supplies,,10.368,
"12 August, 2016",United States,Carrollton,Texas_Carrollton,Technology,1399.944,,
"19 November, 2017",United States,Carrollton,Texas_Carrollton,Office Supplies,122.704,,
"21 February, 2017",United States,Carrollton,Texas_Carrollton,Technology,47.904,,
"20 June, 2016",United States,Carrollton,Texas_Carrollton,Technology,,95.968,
"20 March, 2015",United States,Carrollton,Texas_Carrollton,Office Supplies,21.376,,
"19 November, 2017",United States,Carrollton,Texas_Carrollton,Furniture,15.992,,
"12 November, 2014",United States,Carrollton,Texas_Carrollton,Furniture,25.128,,
"12 November, 2014",United States,Carrollton,Texas_Carrollton,Technology,127.984,,
