Date,Country,City,State_City,Category,Consumer,Corporate,Home_Office
"08 April, 2017",United States,Plainfield,New Jersey_Plainfield,Office Supplies,,,2633.51
"25 November, 2016",United States,Plainfield,New Jersey_Plainfield,Technology,,319.92,
"02 July, 2014",United States,Plainfield,New Jersey_Plainfield,Technology,73.98,,
"25 January, 2016",United States,Plainfield,New Jersey_Plainfield,Office Supplies,,27.21,
"02 July, 2014",United States,Plainfield,New Jersey_Plainfield,Office Supplies,5.58,,
"21 July, 2017",United States,Plainfield,New Jersey_Plainfield,Office Supplies,,,6.48
"11 December, 2017",United States,Plainfield,New Jersey_Plainfield,Office Supplies,798.93,,
"25 November, 2016",United States,Plainfield,New Jersey_Plainfield,Office Supplies,,563.4,
"15 August, 2017",United States,Plainfield,New Jersey_Plainfield,Office Supplies,97.84,,
