Date,Country,City,State_City,Category,Consumer,Corporate,Home_Office
"21 October, 2016",United States,Manchester,Connecticut_Manchester,Office Supplies,,135.35,
"30 April, 2017",United States,Manchester,Connecticut_Manchester,Office Supplies,5.76,,
"21 October, 2016",United States,Manchester,Connecticut_Manchester,Furniture,,1043.92,
"09 July, 2017",United States,Manchester,Connecticut_Manchester,Office Supplies,589.48,,
"09 July, 2017",United States,Manchester,Connecticut_Manchester,Technology,257.98,,
"28 May, 2015",United States,Manchester,Connecticut_Manchester,Office Supplies,93.79,,
