Date,Country,City,State_City,Category,Consumer,Corporate,Home_Office
"10 October, 2014",United States,Albuquerque,New Mexico_Albuquerque,Office Supplies,,255.85,
"29 December, 2014",United States,Albuquerque,New Mexico_Albuquerque,Technology,23.976,,
"28 March, 2014",United States,Albuquerque,New Mexico_Albuquerque,Technology,,,302.376
"12 October, 2017",United States,Albuquerque,New Mexico_Albuquerque,Technology,,595,
"13 March, 2017",United States,Albuquerque,New Mexico_Albuquerque,Office Supplies,,,424.4
"22 September, 2017",United States,Albuquerque,New Mexico_Albuquerque,Office Supplies,,27.18,
"13 March, 2017",United States,Albuquerque,New Mexico_Albuquerque,Technology,,,355.686
"28 December, 2017",United States,Albuquerque,New Mexico_Albuquerque,Office Supplies,122.53,,
"29 December, 2014",United States,Albuquerque,New Mexico_Albuquerque,Office Supplies,33.29,,
"12 October, 2017",United States,Albuquerque,New Mexico_Albuquerque,Office Supplies,,79.872,
