Date,Country,City,State_City,Category,Consumer,Corporate,Home_Office
"25 August, 2014",United States,Columbus,Ohio_Columbus,Office Supplies,199.256,30.246,
"08 February, 2015",United States,Columbus,Ohio_Columbus,Technology,107.982,,
"05 December, 2017",United States,Columbus,Indiana_Columbus,Office Supplies,100.34,,
"05 December, 2014",United States,Columbus,Ohio_Columbus,Technology,,216.678,
"17 December, 2014",United States,Columbus,Georgia_Columbus,Office Supplies,40.05,,
"27 November, 2017",United States,Columbus,Indiana_Columbus,Office Supplies,,656.22,
"03 October, 2014",United States,Columbus,Ohio_Columbus,Technology,142.488,,
"10 July, 2017",United States,Columbus,Georgia_Columbus,Office Supplies,,41.91,
"11 December, 2016",United States,Columbus,Ohio_Columbus,Furniture,,787.02,
"05 October, 2014",United States,Columbus,Ohio_Columbus,Office Supplies,91.92,,
"12 December, 2016",United States,Columbus,Georgia_Columbus,Office Supplies,49.12,,
"20 November, 2016",United States,Columbus,Ohio_Columbus,Furniture,,,86.97
"12 June, 2017",United States,Columbus,Georgia_Columbus,Furniture,,,452.94
"22 April, 2017",United States,Columbus,Georgia_Columbus,Office Supplies,675.06,,
"14 December, 2015",United States,Columbus,Georgia_Columbus,Office Supplies,,3.76,
"23 April, 2014",United States,Columbus,Ohio_Columbus,Office Supplies,,,7.488
"18 December, 2017",United States,Columbus,Ohio_Columbus,Office Supplies,233.532,,
"18 September, 2017",United States,Columbus,Georgia_Columbus,Technology,,507.66,
"11 March, 2014",United States,Columbus,Ohio_Columbus,Furniture,8.32,,
"19 April, 2016",United States,Columbus,Ohio_Columbus,Office Supplies,,,419.4
"16 April, 2016",United States,Columbus,Georgia_Columbus,Office Supplies,12.84,,
"02 May, 2014",United States,Columbus,Ohio_Columbus,Office Supplies,26.136,,
"20 November, 2016",United States,Columbus,Ohio_Columbus,Technology,,,255.984
"11 December, 2016",United States,Columbus,Ohio_Columbus,Office Supplies,,465.616,
"26 November, 2017",United States,Columbus,Ohio_Columbus,Technology,220.752,,
"22 August, 2016",United States,Columbus,Ohio_Columbus,Office Supplies,251.158,,
"20 April, 2015",United States,Columbus,Georgia_Columbus,Technology,,287.97,
"29 May, 2015",United States,Columbus,Ohio_Columbus,Furniture,,358.626,
"14 March, 2016",United States,Columbus,Ohio_Columbus,Furniture,21.88,,
"25 July, 2016",United States,Columbus,Ohio_Columbus,Technology,1439.976,,
"02 November, 2017",United States,Columbus,Ohio_Columbus,Office Supplies,,384.592,
"23 September, 2016",United States,Columbus,Georgia_Columbus,Office Supplies,118.25,,
"05 October, 2015",United States,Columbus,Ohio_Columbus,Technology,288,,
"08 December, 2016",United States,Columbus,Ohio_Columbus,Office Supplies,,,23.541
"04 June, 2014",United States,Columbus,Ohio_Columbus,Office Supplies,,,16.224
"09 December, 2015",United States,Columbus,Indiana_Columbus,Office Supplies,,34.02,
"19 April, 2016",United States,Columbus,Ohio_Columbus,Furniture,,,205.176
"30 April, 2017",United States,Columbus,Ohio_Columbus,Office Supplies,10.368,,
"26 November, 2017",United States,Columbus,Ohio_Columbus,Office Supplies,,265.408,
"18 September, 2016",United States,Columbus,Ohio_Columbus,Office Supplies,2.672,,
"19 August, 2014",United States,Columbus,Ohio_Columbus,Office Supplies,96.68,,
"11 January, 2016",United States,Columbus,Ohio_Columbus,Furniture,,,54.992
"29 May, 2017",United States,Columbus,Indiana_Columbus,Furniture,6.24,,
"03 October, 2015",United States,Columbus,Ohio_Columbus,Technology,71.984,,
"21 December, 2015",United States,Columbus,Ohio_Columbus,Office Supplies,,3.008,
"26 August, 2017",United States,Columbus,Georgia_Columbus,Technology,,,71.98
"05 December, 2014",United States,Columbus,Ohio_Columbus,Office Supplies,,145.788,
"16 September, 2016",United States,Columbus,Georgia_Columbus,Furniture,,,121.78
"10 October, 2014",United States,Columbus,Ohio_Columbus,Technology,101.994,,
"10 July, 2017",United States,Columbus,Georgia_Columbus,Furniture,18.84,,
"08 March, 2017",United States,Columbus,Georgia_Columbus,Office Supplies,,668.54,
"23 April, 2017",United States,Columbus,Ohio_Columbus,Office Supplies,,17.104,
"30 December, 2016",United States,Columbus,Ohio_Columbus,Office Supplies,19.616,,
"29 May, 2015",United States,Columbus,Ohio_Columbus,Office Supplies,,8.04,
"13 September, 2014",United States,Columbus,Ohio_Columbus,Office Supplies,2.502,,
"10 October, 2014",United States,Columbus,Ohio_Columbus,Office Supplies,18.264,,
"14 July, 2016",United States,Columbus,Georgia_Columbus,Furniture,51.75,,
"01 April, 2016",United States,Columbus,Georgia_Columbus,Furniture,,,7.04
"03 October, 2015",United States,Columbus,Ohio_Columbus,Office Supplies,32.07,,
"25 May, 2016",United States,Columbus,Georgia_Columbus,Office Supplies,,,1287.01
"22 November, 2014",United States,Columbus,Georgia_Columbus,Office Supplies,,1022.61,
"05 December, 2017",United States,Columbus,Indiana_Columbus,Technology,99.39,,
"27 March, 2016",United States,Columbus,Georgia_Columbus,Furniture,,60.16,
"03 October, 2015",United States,Columbus,Ohio_Columbus,Furniture,35.49,,
"10 August, 2017",United States,Columbus,Indiana_Columbus,Office Supplies,70.08,,
"03 October, 2014",United States,Columbus,Ohio_Columbus,Office Supplies,70.464,,
"25 December, 2015",United States,Columbus,Georgia_Columbus,Furniture,275.88,,
"16 March, 2017",United States,Columbus,Ohio_Columbus,Office Supplies,59.417,,
"27 February, 2014",United States,Columbus,Ohio_Columbus,Office Supplies,19.456,,
"26 December, 2017",United States,Columbus,Ohio_Columbus,Office Supplies,,,3.132
"10 August, 2017",United States,Columbus,Indiana_Columbus,Furniture,121.3,,
"14 July, 2016",United States,Columbus,Georgia_Columbus,Office Supplies,36.4,,
"03 July, 2017",United States,Columbus,Georgia_Columbus,Furniture,23.99,,
"17 January, 2016",United States,Columbus,Georgia_Columbus,Technology,,316,
"16 March, 2017",United States,Columbus,Ohio_Columbus,Furniture,51.264,,
"03 March, 2014",United States,Columbus,Ohio_Columbus,Office Supplies,,59.792,
"23 April, 2014",United States,Columbus,Ohio_Columbus,Furniture,,,585.08
"01 December, 2014",United States,Columbus,Ohio_Columbus,Furniture,917.848,,
"11 March, 2014",United States,Columbus,Ohio_Columbus,Office Supplies,10.464,,
"17 September, 2016",United States,Columbus,Georgia_Columbus,Technology,396,,
"18 August, 2017",United States,Columbus,Ohio_Columbus,Office Supplies,9.912,,
"05 May, 2017",United States,Columbus,Georgia_Columbus,Office Supplies,,34.5,
"20 March, 2017",United States,Columbus,Indiana_Columbus,Furniture,2.91,,
"02 February, 2017",United States,Columbus,Ohio_Columbus,Office Supplies,,99.76,
"24 September, 2017",United States,Columbus,Georgia_Columbus,Office Supplies,79,,
"02 April, 2017",United States,Columbus,Georgia_Columbus,Furniture,,,411.8
"29 May, 2017",United States,Columbus,Indiana_Columbus,Office Supplies,516.55,,
"06 November, 2014",United States,Columbus,Georgia_Columbus,Office Supplies,43.68,,
"21 October, 2016",United States,Columbus,Ohio_Columbus,Technology,235.152,,
"29 September, 2016",United States,Columbus,Indiana_Columbus,Office Supplies,,,40.88
"28 November, 2015",United States,Columbus,Ohio_Columbus,Office Supplies,3.008,,
"25 May, 2016",United States,Columbus,Georgia_Columbus,Furniture,,,24.96
"26 January, 2017",United States,Columbus,Georgia_Columbus,Technology,2939.93,,
"08 April, 2016",United States,Columbus,Georgia_Columbus,Furniture,354.9,,
"28 November, 2015",United States,Columbus,Ohio_Columbus,Furniture,71.12,,
"13 May, 2017",United States,Columbus,Indiana_Columbus,Office Supplies,,1641.21,
"12 November, 2017",United States,Columbus,Ohio_Columbus,Technology,,18.544,
"19 August, 2014",United States,Columbus,Georgia_Columbus,Office Supplies,,344.91,
"13 November, 2015",United States,Columbus,Indiana_Columbus,Technology,50.97,,
"01 December, 2014",United States,Columbus,Ohio_Columbus,Technology,659.988,,
"13 May, 2017",United States,Columbus,Indiana_Columbus,Technology,,587.97,
"19 September, 2016",United States,Columbus,Georgia_Columbus,Office Supplies,5.04,,
"23 September, 2016",United States,Columbus,Georgia_Columbus,Furniture,368.97,,
"17 September, 2016",United States,Columbus,Indiana_Columbus,Office Supplies,,33.4,
"20 April, 2015",United States,Columbus,Georgia_Columbus,Furniture,,595.38,
"20 November, 2016",United States,Columbus,Ohio_Columbus,Office Supplies,,,37.592
"24 November, 2014",United States,Columbus,Ohio_Columbus,Technology,,1049.97,
"14 July, 2017",United States,Columbus,Ohio_Columbus,Office Supplies,323.864,,
"20 November, 2016",United States,Columbus,Indiana_Columbus,Office Supplies,,328.54,
"17 December, 2014",United States,Columbus,Ohio_Columbus,Office Supplies,5.484,,
"19 September, 2016",United States,Columbus,Georgia_Columbus,Technology,249.95,,
"27 March, 2016",United States,Columbus,Georgia_Columbus,Office Supplies,,32.54,
"13 September, 2015",United States,Columbus,Indiana_Columbus,Technology,199.96,,
"03 March, 2014",United States,Columbus,Ohio_Columbus,Furniture,,302.45,
"19 September, 2017",United States,Columbus,Georgia_Columbus,Office Supplies,,,35.4
"17 December, 2017",United States,Columbus,Indiana_Columbus,Office Supplies,,,28.16
"13 January, 2015",United States,Columbus,Georgia_Columbus,Office Supplies,,9.82,
"11 September, 2017",United States,Columbus,Georgia_Columbus,Office Supplies,,,184.66
"03 July, 2017",United States,Columbus,Georgia_Columbus,Technology,287.97,,
"26 January, 2017",United States,Columbus,Georgia_Columbus,Furniture,62.72,,
"11 March, 2016",United States,Columbus,Georgia_Columbus,Office Supplies,,,481.32
"20 April, 2015",United States,Columbus,Georgia_Columbus,Office Supplies,,12.96,
"18 September, 2017",United States,Columbus,Georgia_Columbus,Furniture,,20.32,
"24 September, 2016",United States,Columbus,Ohio_Columbus,Furniture,155.372,,
"12 June, 2015",United States,Columbus,Indiana_Columbus,Office Supplies,,,24.56
"12 June, 2017",United States,Columbus,Georgia_Columbus,Office Supplies,,,91.2
"30 December, 2017",United States,Columbus,Indiana_Columbus,Office Supplies,,,209.3
"24 November, 2014",United States,Columbus,Ohio_Columbus,Furniture,,611.058,
"01 December, 2014",United States,Columbus,Ohio_Columbus,Office Supplies,36.288,,
"14 July, 2017",United States,Columbus,Ohio_Columbus,Technology,1889.946,,
"13 September, 2015",United States,Columbus,Indiana_Columbus,Furniture,1516.2,,
"08 May, 2017",United States,Columbus,Ohio_Columbus,Furniture,47.992,,
"16 April, 2017",United States,Columbus,Ohio_Columbus,Office Supplies,13.71,,
"19 September, 2015",United States,Columbus,Georgia_Columbus,Technology,,66.36,
"18 September, 2016",United States,Columbus,Ohio_Columbus,Furniture,104.724,,
"03 February, 2015",United States,Columbus,Georgia_Columbus,Office Supplies,74.52,,
"13 November, 2015",United States,Columbus,Indiana_Columbus,Office Supplies,159.85,,
"21 November, 2016",United States,Columbus,Ohio_Columbus,Technology,30.345,,
"24 September, 2015",United States,Columbus,Ohio_Columbus,Office Supplies,97.684,,
"29 October, 2014",United States,Columbus,Indiana_Columbus,Technology,,1.98,
"30 March, 2017",United States,Columbus,Georgia_Columbus,Office Supplies,,,59.76
"11 February, 2017",United States,Columbus,Ohio_Columbus,Furniture,147.568,,
"10 August, 2017",United States,Columbus,Indiana_Columbus,Technology,1454.49,,
"11 March, 2016",United States,Columbus,Georgia_Columbus,Furniture,,,76.92
"16 March, 2017",United States,Columbus,Ohio_Columbus,Technology,204.36,,
"12 November, 2017",United States,Columbus,Ohio_Columbus,Office Supplies,,10.848,
"02 April, 2017",United States,Columbus,Georgia_Columbus,Technology,,,360
"25 December, 2015",United States,Columbus,Georgia_Columbus,Office Supplies,157.9,,
"02 December, 2014",United States,Columbus,Ohio_Columbus,Technology,,119.8,
"18 September, 2017",United States,Columbus,Georgia_Columbus,Office Supplies,,469.85,
"25 May, 2017",United States,Columbus,Georgia_Columbus,Office Supplies,,,29.84
"21 September, 2017",United States,Columbus,Georgia_Columbus,Office Supplies,80.48,,
"02 February, 2017",United States,Columbus,Ohio_Columbus,Technology,,59.97,
"29 October, 2014",United States,Columbus,Indiana_Columbus,Office Supplies,,75.88,
"12 December, 2016",United States,Columbus,Georgia_Columbus,Technology,249.95,,
"21 November, 2016",United States,Columbus,Ohio_Columbus,Furniture,205.506,,
"14 July, 2017",United States,Columbus,Ohio_Columbus,Furniture,396.92,,
