Date,Country,City,State_City,Category,Consumer,Corporate,Home_Office
"28 September, 2014",United States,Hollywood,Florida_Hollywood,Furniture,337.088,,
"31 October, 2016",United States,Hollywood,Florida_Hollywood,Office Supplies,32.064,,
"10 November, 2017",United States,Hollywood,Florida_Hollywood,Office Supplies,,,11.52
"15 August, 2014",United States,Hollywood,Florida_Hollywood,Office Supplies,243.6,,
"02 July, 2015",United States,Hollywood,Florida_Hollywood,Office Supplies,27.504,,
"24 September, 2017",United States,Hollywood,Florida_Hollywood,Office Supplies,,,15.57
"24 September, 2017",United States,Hollywood,Florida_Hollywood,Technology,,,383.96
"27 August, 2016",United States,Hollywood,Florida_Hollywood,Office Supplies,,9.216,
"22 October, 2015",United States,Hollywood,Florida_Hollywood,Office Supplies,9.952,,
