Date,Country,City,State_City,Category,Consumer,Corporate,Home_Office
"12 November, 2017",United States,Los Angeles,California_Los Angeles,Office Supplies,11.56,14.016,
"19 April, 2016",United States,Los Angeles,California_Los Angeles,Technology,39.96,,
"11 May, 2016",United States,Los Angeles,California_Los Angeles,Office Supplies,5.98,,
"03 December, 2016",United States,Los Angeles,California_Los Angeles,Furniture,111.9,,
"25 August, 2015",United States,Los Angeles,California_Los Angeles,Office Supplies,,,105.96
"26 June, 2016",United States,Los Angeles,California_Los Angeles,Office Supplies,,262.1,
"23 August, 2014",United States,Los Angeles,California_Los Angeles,Office Supplies,,49.568,
"14 August, 2016",United States,Los Angeles,California_Los Angeles,Technology,105.552,,
"23 January, 2016",United States,Los Angeles,California_Los Angeles,Furniture,59.99,,
"09 July, 2014",United States,Los Angeles,California_Los Angeles,Office Supplies,,,68.704
"14 June, 2016",United States,Los Angeles,California_Los Angeles,Furniture,,,599.165
"10 November, 2016",United States,Los Angeles,California_Los Angeles,Office Supplies,999.674,,
"03 June, 2017",United States,Los Angeles,California_Los Angeles,Technology,,44.75,
"19 March, 2015",United States,Los Angeles,California_Los Angeles,Office Supplies,,11.96,
"30 January, 2015",United States,Los Angeles,California_Los Angeles,Technology,1919.976,,
"15 June, 2017",United States,Los Angeles,California_Los Angeles,Office Supplies,4.26,,
"12 September, 2017",United States,Los Angeles,California_Los Angeles,Office Supplies,166.44,,
"17 June, 2016",United States,Los Angeles,California_Los Angeles,Office Supplies,242.34,,
"29 October, 2016",United States,Los Angeles,California_Los Angeles,Office Supplies,11.744,,
"26 February, 2017",United States,Los Angeles,California_Los Angeles,Office Supplies,,,328.96
"17 September, 2016",United States,Los Angeles,California_Los Angeles,Technology,,73.584,
"16 November, 2017",United States,Los Angeles,California_Los Angeles,Furniture,132.36,,
"22 December, 2017",United States,Los Angeles,California_Los Angeles,Technology,474.95,,
"29 September, 2017",United States,Los Angeles,California_Los Angeles,Office Supplies,99.2,,
"01 December, 2017",United States,Los Angeles,California_Los Angeles,Office Supplies,55.488,,
"14 August, 2017",United States,Los Angeles,California_Los Angeles,Furniture,418.296,,
"31 October, 2016",United States,Los Angeles,California_Los Angeles,Office Supplies,,1085.42,
"24 November, 2017",United States,Los Angeles,California_Los Angeles,Furniture,435.168,,
"01 December, 2016",United States,Los Angeles,California_Los Angeles,Office Supplies,,23.04,
"21 October, 2016",United States,Los Angeles,California_Los Angeles,Furniture,262.096,,
"04 September, 2017",United States,Los Angeles,California_Los Angeles,Technology,5.56,,
"18 February, 2017",United States,Los Angeles,California_Los Angeles,Office Supplies,,9.82,
"26 February, 2017",United States,Los Angeles,California_Los Angeles,Technology,,,889.536
"10 November, 2016",United States,Los Angeles,California_Los Angeles,Furniture,467.46,,
"26 November, 2016",United States,Los Angeles,California_Los Angeles,Office Supplies,102.13,,
"19 August, 2014",United States,Los Angeles,California_Los Angeles,Office Supplies,,69.456,
"08 December, 2015",United States,Los Angeles,California_Los Angeles,Technology,,236,
"21 December, 2017",United States,Los Angeles,California_Los Angeles,Office Supplies,12.51,,
"21 September, 2015",United States,Los Angeles,California_Los Angeles,Office Supplies,,,7.9
"27 November, 2017",United States,Los Angeles,California_Los Angeles,Furniture,18.84,,
"15 April, 2017",United States,Los Angeles,California_Los Angeles,Office Supplies,,79.14,
"04 April, 2014",United States,Los Angeles,California_Los Angeles,Office Supplies,,7.184,
"26 March, 2014",United States,Los Angeles,California_Los Angeles,Technology,,66.3,
"10 March, 2016",United States,Los Angeles,California_Los Angeles,Technology,,,7543.362
"10 June, 2017",United States,Los Angeles,California_Los Angeles,Office Supplies,16.4,,29.6
"30 August, 2016",United States,Los Angeles,California_Los Angeles,Technology,339.96,,
"07 September, 2017",United States,Los Angeles,California_Los Angeles,Furniture,67.7,,
"06 July, 2017",United States,Los Angeles,California_Los Angeles,Furniture,122.136,,
"15 November, 2014",United States,Los Angeles,California_Los Angeles,Office Supplies,20.46,,
"29 September, 2014",United States,Los Angeles,California_Los Angeles,Office Supplies,77.38,,
"21 August, 2016",United States,Los Angeles,California_Los Angeles,Furniture,,2887.056,
"07 December, 2017",United States,Los Angeles,California_Los Angeles,Technology,374.376,,
"09 June, 2014",United States,Los Angeles,California_Los Angeles,Technology,1818.576,,
"07 October, 2017",United States,Los Angeles,California_Los Angeles,Technology,1324.574,,
"19 October, 2014",United States,Los Angeles,California_Los Angeles,Office Supplies,13.44,,
"02 October, 2017",United States,Los Angeles,California_Los Angeles,Office Supplies,,,1687.26
"04 December, 2017",United States,Los Angeles,California_Los Angeles,Office Supplies,,11.76,
"02 October, 2015",United States,Los Angeles,California_Los Angeles,Technology,503.96,,
"02 September, 2017",United States,Los Angeles,California_Los Angeles,Office Supplies,18.72,,191.02
"07 July, 2017",United States,Los Angeles,California_Los Angeles,Office Supplies,5.94,,
"19 October, 2015",United States,Los Angeles,California_Los Angeles,Office Supplies,,,1640.7
"28 June, 2016",United States,Los Angeles,California_Los Angeles,Office Supplies,,41.32,
"03 November, 2016",United States,Los Angeles,California_Los Angeles,Furniture,217.584,,
"15 November, 2014",United States,Los Angeles,California_Los Angeles,Technology,772.47,,
"20 December, 2014",United States,Los Angeles,California_Los Angeles,Office Supplies,694.534,,
"05 December, 2014",United States,Los Angeles,California_Los Angeles,Office Supplies,340.84,,
"14 November, 2017",United States,Los Angeles,California_Los Angeles,Office Supplies,34.24,,
"02 September, 2016",United States,Los Angeles,California_Los Angeles,Technology,1091.168,,
"13 June, 2015",United States,Los Angeles,California_Los Angeles,Office Supplies,36.624,,
"27 May, 2016",United States,Los Angeles,California_Los Angeles,Office Supplies,13.38,,
"31 October, 2014",United States,Los Angeles,California_Los Angeles,Technology,,251.91,
"14 December, 2015",United States,Los Angeles,California_Los Angeles,Technology,50,,
"11 June, 2017",United States,Los Angeles,California_Los Angeles,Office Supplies,184.41,,
"10 March, 2016",United States,Los Angeles,California_Los Angeles,Office Supplies,,,14.9
"16 December, 2014",United States,Los Angeles,California_Los Angeles,Furniture,,,286.028
"23 November, 2014",United States,Los Angeles,California_Los Angeles,Technology,29.99,,
"04 February, 2016",United States,Los Angeles,California_Los Angeles,Office Supplies,,93.02,
"28 July, 2016",United States,Los Angeles,California_Los Angeles,Office Supplies,18.9,,
"25 August, 2014",United States,Los Angeles,California_Los Angeles,Office Supplies,,74.76,
"19 December, 2015",United States,Los Angeles,California_Los Angeles,Technology,1941.81,,
"26 August, 2016",United States,Los Angeles,California_Los Angeles,Office Supplies,,8.26,
"12 March, 2016",United States,Los Angeles,California_Los Angeles,Office Supplies,19.98,,
"19 March, 2017",United States,Los Angeles,California_Los Angeles,Office Supplies,,381.36,
"27 December, 2014",United States,Los Angeles,California_Los Angeles,Office Supplies,,,11.56
"30 January, 2015",United States,Los Angeles,California_Los Angeles,Furniture,227.36,,
"01 January, 2017",United States,Los Angeles,California_Los Angeles,Furniture,474.43,,
"08 August, 2016",United States,Los Angeles,California_Los Angeles,Furniture,,,513.024
"16 December, 2017",United States,Los Angeles,California_Los Angeles,Office Supplies,,,172.26
"13 June, 2014",United States,Los Angeles,California_Los Angeles,Office Supplies,,14.52,
"13 July, 2014",United States,Los Angeles,California_Los Angeles,Furniture,,351.216,
"10 September, 2015",United States,Los Angeles,California_Los Angeles,Office Supplies,51.52,,
"04 June, 2015",United States,Los Angeles,California_Los Angeles,Technology,1109.95,,
"16 May, 2014",United States,Los Angeles,California_Los Angeles,Furniture,,232.88,
"06 December, 2014",United States,Los Angeles,California_Los Angeles,Office Supplies,,1261.33,
"20 January, 2014",United States,Los Angeles,California_Los Angeles,Office Supplies,19.36,,
"21 May, 2016",United States,Los Angeles,California_Los Angeles,Technology,121.436,,
"27 November, 2015",United States,Los Angeles,California_Los Angeles,Office Supplies,,,113.82
"19 September, 2017",United States,Los Angeles,California_Los Angeles,Office Supplies,,40.06,
"05 July, 2014",United States,Los Angeles,California_Los Angeles,Office Supplies,,,180.96
"04 December, 2015",United States,Los Angeles,California_Los Angeles,Office Supplies,,271.44,
"24 November, 2015",United States,Los Angeles,California_Los Angeles,Furniture,79.76,,
"15 September, 2017",United States,Los Angeles,California_Los Angeles,Furniture,184.752,,
"23 November, 2014",United States,Los Angeles,California_Los Angeles,Furniture,985.36,,
"19 August, 2014",United States,Los Angeles,California_Los Angeles,Furniture,,289.24,
"27 January, 2015",United States,Los Angeles,California_Los Angeles,Furniture,2803.92,,
"21 February, 2016",United States,Los Angeles,California_Los Angeles,Office Supplies,,498.958,
"06 May, 2014",United States,Los Angeles,California_Los Angeles,Office Supplies,,,254.456
"26 April, 2014",United States,Los Angeles,California_Los Angeles,Furniture,,230.28,
"16 March, 2017",United States,Los Angeles,California_Los Angeles,Office Supplies,,540.934,
"09 September, 2017",United States,Los Angeles,California_Los Angeles,Furniture,243.92,,
"09 March, 2017",United States,Los Angeles,California_Los Angeles,Technology,479.984,,
"19 June, 2015",United States,Los Angeles,California_Los Angeles,Furniture,12.56,,
"12 September, 2017",United States,Los Angeles,California_Los Angeles,Furniture,8.36,,
"13 February, 2016",United States,Los Angeles,California_Los Angeles,Office Supplies,,,146.82
"30 August, 2016",United States,Los Angeles,California_Los Angeles,Furniture,47.04,,
"28 January, 2016",United States,Los Angeles,California_Los Angeles,Office Supplies,,39.68,
"18 December, 2016",United States,Los Angeles,California_Los Angeles,Office Supplies,,618.18,
"20 September, 2014",United States,Los Angeles,California_Los Angeles,Office Supplies,,,64.152
"25 November, 2014",United States,Los Angeles,California_Los Angeles,Furniture,725.344,,
"23 March, 2015",United States,Los Angeles,California_Los Angeles,Office Supplies,,226.08,
"09 June, 2016",United States,Los Angeles,California_Los Angeles,Technology,177.48,,
"27 November, 2017",United States,Los Angeles,California_Los Angeles,Technology,57.568,,
"02 February, 2017",United States,Los Angeles,California_Los Angeles,Office Supplies,185.84,,
"12 December, 2015",United States,Los Angeles,California_Los Angeles,Office Supplies,25.76,,
"15 June, 2015",United States,Los Angeles,California_Los Angeles,Technology,,225.576,
"01 February, 2016",United States,Los Angeles,California_Los Angeles,Office Supplies,,105.52,
"11 November, 2014",United States,Los Angeles,California_Los Angeles,Furniture,112.648,,
"22 November, 2014",United States,Los Angeles,California_Los Angeles,Office Supplies,53.82,,
"28 August, 2015",United States,Los Angeles,California_Los Angeles,Office Supplies,1662.53,,
"20 November, 2016",United States,Los Angeles,California_Los Angeles,Office Supplies,,39,
"10 December, 2015",United States,Los Angeles,California_Los Angeles,Office Supplies,,,56.3
"29 December, 2016",United States,Los Angeles,California_Los Angeles,Office Supplies,11.232,,
"23 July, 2017",United States,Los Angeles,California_Los Angeles,Office Supplies,73.512,,
"27 December, 2015",United States,Los Angeles,California_Los Angeles,Office Supplies,128.52,,
"01 June, 2015",United States,Los Angeles,California_Los Angeles,Office Supplies,,,11.76
"09 May, 2016",United States,Los Angeles,California_Los Angeles,Office Supplies,,32.04,
"02 July, 2016",United States,Los Angeles,California_Los Angeles,Furniture,,195.184,
"01 September, 2015",United States,Los Angeles,California_Los Angeles,Technology,959.984,,
"25 July, 2016",United States,Los Angeles,California_Los Angeles,Office Supplies,21.48,,
"03 November, 2016",United States,Los Angeles,California_Los Angeles,Office Supplies,1750.92,,
"27 July, 2014",United States,Los Angeles,California_Los Angeles,Office Supplies,,276.28,
"02 April, 2017",United States,Los Angeles,California_Los Angeles,Furniture,25.11,,
"16 August, 2016",United States,Los Angeles,California_Los Angeles,Furniture,,161.28,
"22 May, 2016",United States,Los Angeles,California_Los Angeles,Technology,,222.384,
"25 December, 2016",United States,Los Angeles,California_Los Angeles,Technology,,2830.184,
"11 November, 2014",United States,Los Angeles,California_Los Angeles,Office Supplies,30.48,,131.7
"30 March, 2017",United States,Los Angeles,California_Los Angeles,Office Supplies,6.08,,
"09 June, 2014",United States,Los Angeles,California_Los Angeles,Furniture,1755.044,,
"28 October, 2016",United States,Los Angeles,California_Los Angeles,Office Supplies,93.06,,
"25 August, 2014",United States,Los Angeles,California_Los Angeles,Technology,,95.1,
"22 April, 2015",United States,Los Angeles,California_Los Angeles,Office Supplies,64.14,,
"06 November, 2017",United States,Los Angeles,California_Los Angeles,Office Supplies,20.96,,
"16 June, 2016",United States,Los Angeles,California_Los Angeles,Office Supplies,46.35,,
"22 February, 2016",United States,Los Angeles,California_Los Angeles,Technology,482.2,,
"12 November, 2014",United States,Los Angeles,California_Los Angeles,Furniture,629.064,,
"04 November, 2016",United States,Los Angeles,California_Los Angeles,Office Supplies,,,50.768
"30 May, 2016",United States,Los Angeles,California_Los Angeles,Office Supplies,,,38.88
"19 December, 2014",United States,Los Angeles,California_Los Angeles,Technology,,794.968,
"18 November, 2016",United States,Los Angeles,California_Los Angeles,Office Supplies,,,67.84
"28 August, 2015",United States,Los Angeles,California_Los Angeles,Technology,43.176,,
"02 November, 2015",United States,Los Angeles,California_Los Angeles,Furniture,1038.84,,
"22 May, 2015",United States,Los Angeles,California_Los Angeles,Technology,3749.048,,
"20 February, 2014",United States,Los Angeles,California_Los Angeles,Office Supplies,,,12.96
"09 December, 2017",United States,Los Angeles,California_Los Angeles,Office Supplies,,,200.16
"03 April, 2014",United States,Los Angeles,California_Los Angeles,Office Supplies,,11.16,
"13 December, 2015",United States,Los Angeles,California_Los Angeles,Office Supplies,9.96,,
"19 October, 2015",United States,Los Angeles,California_Los Angeles,Technology,,,270
"06 November, 2016",United States,Los Angeles,California_Los Angeles,Furniture,,,319.984
"09 March, 2017",United States,Los Angeles,California_Los Angeles,Office Supplies,30.84,,
"06 April, 2014",United States,Los Angeles,California_Los Angeles,Technology,,299.97,
"16 May, 2016",United States,Los Angeles,California_Los Angeles,Furniture,282.84,,
"02 September, 2016",United States,Los Angeles,California_Los Angeles,Office Supplies,49.672,,
"01 September, 2015",United States,Los Angeles,California_Los Angeles,Office Supplies,19.12,,
"15 January, 2017",United States,Los Angeles,California_Los Angeles,Office Supplies,,,21.4
"15 August, 2015",United States,Los Angeles,California_Los Angeles,Office Supplies,,323.1,
"28 May, 2016",United States,Los Angeles,California_Los Angeles,Office Supplies,467.68,,
"03 November, 2014",United States,Los Angeles,California_Los Angeles,Office Supplies,,,6.72
"02 January, 2017",United States,Los Angeles,California_Los Angeles,Technology,,16.59,
"27 August, 2015",United States,Los Angeles,California_Los Angeles,Office Supplies,,,5.104
"24 December, 2015",United States,Los Angeles,California_Los Angeles,Office Supplies,65.856,,
"09 June, 2014",United States,Los Angeles,California_Los Angeles,Office Supplies,140.684,,
"19 February, 2017",United States,Los Angeles,California_Los Angeles,Office Supplies,,,12.84
"03 November, 2016",United States,Los Angeles,California_Los Angeles,Technology,82.95,,
"04 November, 2014",United States,Los Angeles,California_Los Angeles,Furniture,573.728,,
"07 December, 2014",United States,Los Angeles,California_Los Angeles,Office Supplies,8.64,,
"12 July, 2014",United States,Los Angeles,California_Los Angeles,Technology,,,255.936
"20 August, 2017",United States,Los Angeles,California_Los Angeles,Office Supplies,25.92,,
"16 May, 2016",United States,Los Angeles,California_Los Angeles,Office Supplies,45.06,,
"20 October, 2016",United States,Los Angeles,California_Los Angeles,Office Supplies,,19.296,
"13 April, 2015",United States,Los Angeles,California_Los Angeles,Office Supplies,,75.84,
"22 July, 2014",United States,Los Angeles,California_Los Angeles,Office Supplies,,,19.68
"30 June, 2014",United States,Los Angeles,California_Los Angeles,Office Supplies,,32.4,
"21 February, 2016",United States,Los Angeles,California_Los Angeles,Technology,,12.99,
"09 September, 2017",United States,Los Angeles,California_Los Angeles,Office Supplies,54.08,99.87,
"29 August, 2017",United States,Los Angeles,California_Los Angeles,Furniture,,148.02,
"17 September, 2016",United States,Los Angeles,California_Los Angeles,Office Supplies,,26.58,
"06 April, 2014",United States,Los Angeles,California_Los Angeles,Furniture,,125.07,
"03 May, 2017",United States,Los Angeles,California_Los Angeles,Office Supplies,,832.96,
"02 November, 2017",United States,Los Angeles,California_Los Angeles,Office Supplies,168.1,,
"12 June, 2016",United States,Los Angeles,California_Los Angeles,Office Supplies,,14.62,
"03 February, 2015",United States,Los Angeles,California_Los Angeles,Furniture,,136.92,
"23 March, 2014",United States,Los Angeles,California_Los Angeles,Technology,604.752,,
"28 March, 2015",United States,Los Angeles,California_Los Angeles,Technology,166.24,,
"08 May, 2017",United States,Los Angeles,California_Los Angeles,Technology,,,3359.952
"15 April, 2014",United States,Los Angeles,California_Los Angeles,Office Supplies,,,106.96
"17 October, 2015",United States,Los Angeles,California_Los Angeles,Office Supplies,77.88,,
"31 January, 2016",United States,Los Angeles,California_Los Angeles,Office Supplies,,,56.7
"07 November, 2016",United States,Los Angeles,California_Los Angeles,Office Supplies,,90.396,
"11 July, 2017",United States,Los Angeles,California_Los Angeles,Technology,,1287.45,
"25 April, 2017",United States,Los Angeles,California_Los Angeles,Office Supplies,106.298,,
"26 July, 2017",United States,Los Angeles,California_Los Angeles,Furniture,,362.352,
"05 November, 2014",United States,Los Angeles,California_Los Angeles,Furniture,,,20.04
"29 September, 2014",United States,Los Angeles,California_Los Angeles,Furniture,204.6,,
"14 January, 2017",United States,Los Angeles,California_Los Angeles,Office Supplies,154.9,,
"20 January, 2017",United States,Los Angeles,California_Los Angeles,Technology,160.776,,
"07 October, 2016",United States,Los Angeles,California_Los Angeles,Office Supplies,37.824,,
"13 December, 2014",United States,Los Angeles,California_Los Angeles,Office Supplies,90.24,,
"12 November, 2014",United States,Los Angeles,California_Los Angeles,Office Supplies,11.96,,
"16 November, 2014",United States,Los Angeles,California_Los Angeles,Furniture,,305.9745,
"19 May, 2016",United States,Los Angeles,California_Los Angeles,Office Supplies,,87.84,
"08 May, 2016",United States,Los Angeles,California_Los Angeles,Office Supplies,17.94,,
"24 December, 2014",United States,Los Angeles,California_Los Angeles,Office Supplies,,142.86,382.3
"30 April, 2017",United States,Los Angeles,California_Los Angeles,Office Supplies,,9.78,23.24
"07 May, 2017",United States,Los Angeles,California_Los Angeles,Technology,,,79.99
"23 May, 2017",United States,Los Angeles,California_Los Angeles,Furniture,171.288,,
"03 August, 2017",United States,Los Angeles,California_Los Angeles,Office Supplies,99.87,,
"16 November, 2014",United States,Los Angeles,California_Los Angeles,Office Supplies,,344.91,
"24 September, 2017",United States,Los Angeles,California_Los Angeles,Technology,,1365.48,
"02 May, 2017",United States,Los Angeles,California_Los Angeles,Office Supplies,109.62,,
"30 March, 2017",United States,Los Angeles,California_Los Angeles,Technology,164.792,,
"18 February, 2017",United States,Los Angeles,California_Los Angeles,Technology,,277.506,
"22 April, 2015",United States,Los Angeles,California_Los Angeles,Technology,88.776,,
"28 April, 2016",United States,Los Angeles,California_Los Angeles,Furniture,,41.568,
"02 April, 2015",United States,Los Angeles,California_Los Angeles,Technology,71.976,,
"03 January, 2016",United States,Los Angeles,California_Los Angeles,Office Supplies,114.46,,
"25 December, 2016",United States,Los Angeles,California_Los Angeles,Office Supplies,,45.36,
"26 July, 2017",United States,Los Angeles,California_Los Angeles,Technology,,1649.95,
"17 April, 2017",United States,Los Angeles,California_Los Angeles,Technology,274.89,,
"07 February, 2016",United States,Los Angeles,California_Los Angeles,Technology,,623.96,
"13 January, 2015",United States,Los Angeles,California_Los Angeles,Furniture,542.45,,
"31 March, 2017",United States,Los Angeles,California_Los Angeles,Office Supplies,,29.7,
"15 August, 2016",United States,Los Angeles,California_Los Angeles,Office Supplies,55.46,,
"14 April, 2016",United States,Los Angeles,California_Los Angeles,Furniture,383.8,,
"03 December, 2016",United States,Los Angeles,California_Los Angeles,Office Supplies,772.68,,
"15 December, 2016",United States,Los Angeles,California_Los Angeles,Furniture,14.76,,
"14 May, 2015",United States,Los Angeles,California_Los Angeles,Office Supplies,1117.92,,
"18 May, 2015",United States,Los Angeles,California_Los Angeles,Office Supplies,,10.86,
"28 September, 2017",United States,Los Angeles,California_Los Angeles,Furniture,9.24,,
"20 April, 2014",United States,Los Angeles,California_Los Angeles,Furniture,59.92,,
"22 May, 2017",United States,Los Angeles,California_Los Angeles,Office Supplies,49.56,,
"16 February, 2015",United States,Los Angeles,California_Los Angeles,Office Supplies,124.55,,
"07 July, 2016",United States,Los Angeles,California_Los Angeles,Office Supplies,48.94,,
"22 February, 2016",United States,Los Angeles,California_Los Angeles,Office Supplies,10.65,,
"04 December, 2015",United States,Los Angeles,California_Los Angeles,Furniture,,36.4,
"01 November, 2014",United States,Los Angeles,California_Los Angeles,Office Supplies,,,65.8
"25 July, 2015",United States,Los Angeles,California_Los Angeles,Technology,623.96,,
"01 May, 2015",United States,Los Angeles,California_Los Angeles,Technology,,88.752,
"29 September, 2016",United States,Los Angeles,California_Los Angeles,Technology,36.24,,
"21 August, 2016",United States,Los Angeles,California_Los Angeles,Technology,,378.914,
"14 September, 2015",United States,Los Angeles,California_Los Angeles,Furniture,,170.136,
"26 December, 2016",United States,Los Angeles,California_Los Angeles,Office Supplies,,79.63,
"02 August, 2016",United States,Los Angeles,California_Los Angeles,Technology,,333.576,
"09 December, 2017",United States,Los Angeles,California_Los Angeles,Furniture,,,896.328
"01 March, 2015",United States,Los Angeles,California_Los Angeles,Technology,,15.984,
"24 December, 2017",United States,Los Angeles,California_Los Angeles,Technology,,,2879.952
"24 September, 2015",United States,Los Angeles,California_Los Angeles,Furniture,,14.91,
"13 January, 2015",United States,Los Angeles,California_Los Angeles,Office Supplies,70.008,,
"03 November, 2015",United States,Los Angeles,California_Los Angeles,Furniture,,,42.6
"26 August, 2014",United States,Los Angeles,California_Los Angeles,Technology,,,176.8
"05 May, 2016",United States,Los Angeles,California_Los Angeles,Office Supplies,,,5.98
"23 November, 2014",United States,Los Angeles,California_Los Angeles,Office Supplies,21.84,,
"15 August, 2016",United States,Los Angeles,California_Los Angeles,Furniture,312.03,,
"11 July, 2017",United States,Los Angeles,California_Los Angeles,Office Supplies,,176.77,
"14 December, 2015",United States,Los Angeles,California_Los Angeles,Office Supplies,,95.992,
"23 March, 2015",United States,Los Angeles,California_Los Angeles,Technology,,239.97,
"17 December, 2015",United States,Los Angeles,California_Los Angeles,Office Supplies,314.21,,
"02 August, 2016",United States,Los Angeles,California_Los Angeles,Office Supplies,,12.544,
"22 August, 2016",United States,Los Angeles,California_Los Angeles,Office Supplies,,5.76,
"28 September, 2015",United States,Los Angeles,California_Los Angeles,Technology,,36.784,
"16 January, 2016",United States,Los Angeles,California_Los Angeles,Office Supplies,11.648,,
"30 December, 2015",United States,Los Angeles,California_Los Angeles,Office Supplies,414.9,,
"03 November, 2015",United States,Los Angeles,California_Los Angeles,Technology,,,1302.818
"29 June, 2017",United States,Los Angeles,California_Los Angeles,Technology,62.31,,
"22 November, 2015",United States,Los Angeles,California_Los Angeles,Office Supplies,114.37,,
"20 November, 2015",United States,Los Angeles,California_Los Angeles,Office Supplies,,,19.46
"04 November, 2014",United States,Los Angeles,California_Los Angeles,Office Supplies,41.376,,
"09 October, 2017",United States,Los Angeles,California_Los Angeles,Office Supplies,35.2,,
"21 April, 2014",United States,Los Angeles,California_Los Angeles,Office Supplies,16.52,,
"31 October, 2014",United States,Los Angeles,California_Los Angeles,Office Supplies,,609.674,
"07 June, 2015",United States,Los Angeles,California_Los Angeles,Office Supplies,,7.52,
"11 November, 2017",United States,Los Angeles,California_Los Angeles,Furniture,,,34.92
"23 September, 2017",United States,Los Angeles,California_Los Angeles,Office Supplies,284,,
"14 September, 2017",United States,Los Angeles,California_Los Angeles,Office Supplies,56.7,,
"25 June, 2015",United States,Los Angeles,California_Los Angeles,Office Supplies,413.942,,
"03 July, 2016",United States,Los Angeles,California_Los Angeles,Office Supplies,16.92,,
"28 August, 2015",United States,Los Angeles,California_Los Angeles,Furniture,311.826,,
"02 May, 2017",United States,Los Angeles,California_Los Angeles,Technology,,159.56,
"18 April, 2015",United States,Los Angeles,California_Los Angeles,Office Supplies,,,1009.13
"17 September, 2015",United States,Los Angeles,California_Los Angeles,Office Supplies,,,32.4
"28 October, 2016",United States,Los Angeles,California_Los Angeles,Technology,302.376,,
"12 December, 2015",United States,Los Angeles,California_Los Angeles,Technology,299.94,,
"15 November, 2014",United States,Los Angeles,California_Los Angeles,Furniture,10.11,,
"25 November, 2016",United States,Los Angeles,California_Los Angeles,Furniture,194.352,,
"25 July, 2014",United States,Los Angeles,California_Los Angeles,Office Supplies,,,22
"12 October, 2017",United States,Los Angeles,California_Los Angeles,Technology,435.84,,
"08 August, 2016",United States,Los Angeles,California_Los Angeles,Office Supplies,,,503.16
"22 May, 2015",United States,Los Angeles,California_Los Angeles,Office Supplies,113.05,,
"06 December, 2016",United States,Los Angeles,California_Los Angeles,Office Supplies,,,496.758
"29 September, 2014",United States,Los Angeles,California_Los Angeles,Technology,686.32,,
"21 September, 2015",United States,Los Angeles,California_Los Angeles,Furniture,,,601.536
"17 December, 2017",United States,Los Angeles,California_Los Angeles,Office Supplies,,,11.808
"11 June, 2016",United States,Los Angeles,California_Los Angeles,Furniture,902.712,,
"17 July, 2017",United States,Los Angeles,California_Los Angeles,Technology,,,479.984
"29 December, 2017",United States,Los Angeles,California_Los Angeles,Technology,302.376,,
"13 April, 2015",United States,Los Angeles,California_Los Angeles,Furniture,241.568,37.68,
"02 March, 2017",United States,Los Angeles,California_Los Angeles,Office Supplies,,107.648,
"25 September, 2015",United States,Los Angeles,California_Los Angeles,Office Supplies,17.48,,
"24 November, 2016",United States,Los Angeles,California_Los Angeles,Furniture,,1684.752,9.94
"14 December, 2015",United States,Los Angeles,California_Los Angeles,Furniture,,273.568,15.24
"25 November, 2014",United States,Los Angeles,California_Los Angeles,Office Supplies,7.44,,
"08 June, 2017",United States,Los Angeles,California_Los Angeles,Technology,,,17.52
"15 October, 2017",United States,Los Angeles,California_Los Angeles,Furniture,,510.24,
"05 August, 2014",United States,Los Angeles,California_Los Angeles,Office Supplies,131.9,,
"04 September, 2017",United States,Los Angeles,California_Los Angeles,Office Supplies,705.834,54.32,
"25 April, 2015",United States,Los Angeles,California_Los Angeles,Office Supplies,,35.284,
"25 December, 2017",United States,Los Angeles,California_Los Angeles,Office Supplies,,424.172,
"18 June, 2017",United States,Los Angeles,California_Los Angeles,Office Supplies,38.88,,
"22 May, 2017",United States,Los Angeles,California_Los Angeles,Technology,68.46,,
"11 April, 2015",United States,Los Angeles,California_Los Angeles,Office Supplies,52.76,,
"18 December, 2017",United States,Los Angeles,California_Los Angeles,Office Supplies,51.99,,
"03 June, 2016",United States,Los Angeles,California_Los Angeles,Furniture,,71.088,
"05 August, 2014",United States,Los Angeles,California_Los Angeles,Furniture,340.144,,
"15 November, 2016",United States,Los Angeles,California_Los Angeles,Technology,,99.39,
"10 September, 2017",United States,Los Angeles,California_Los Angeles,Furniture,,362.352,
"26 September, 2014",United States,Los Angeles,California_Los Angeles,Furniture,145.568,,
"29 December, 2017",United States,Los Angeles,California_Los Angeles,Furniture,393.568,,
"15 October, 2017",United States,Los Angeles,California_Los Angeles,Office Supplies,,204.95,
"16 March, 2015",United States,Los Angeles,California_Los Angeles,Furniture,,43.13,
"02 September, 2016",United States,Los Angeles,California_Los Angeles,Furniture,663.408,,
"25 December, 2015",United States,Los Angeles,California_Los Angeles,Office Supplies,,,9.96
"20 January, 2014",United States,Los Angeles,California_Los Angeles,Furniture,19.3,,
"19 September, 2015",United States,Los Angeles,California_Los Angeles,Office Supplies,,22.96,
"17 April, 2017",United States,Los Angeles,California_Los Angeles,Office Supplies,69.46,,
"19 September, 2017",United States,Los Angeles,California_Los Angeles,Technology,,149.95,
"06 December, 2016",United States,Los Angeles,California_Los Angeles,Technology,,,521.544
"10 November, 2017",United States,Los Angeles,California_Los Angeles,Furniture,,,241.424
"18 June, 2017",United States,Los Angeles,California_Los Angeles,Furniture,917.9235,,
"31 January, 2016",United States,Los Angeles,California_Los Angeles,Technology,,,109.592
"10 June, 2016",United States,Los Angeles,California_Los Angeles,Furniture,1335.68,,
"17 July, 2016",United States,Los Angeles,California_Los Angeles,Office Supplies,,77.88,
"22 September, 2015",United States,Los Angeles,California_Los Angeles,Office Supplies,,61.44,
"15 August, 2016",United States,Los Angeles,California_Los Angeles,Technology,165.6,,
"19 November, 2017",United States,Los Angeles,California_Los Angeles,Furniture,18.7,,
"09 February, 2015",United States,Los Angeles,California_Los Angeles,Furniture,203.92,,
"18 February, 2015",United States,Los Angeles,California_Los Angeles,Office Supplies,,9.24,
"18 September, 2015",United States,Los Angeles,California_Los Angeles,Office Supplies,,28.58,
"24 November, 2016",United States,Los Angeles,California_Los Angeles,Technology,,1219.82,33.52
"19 November, 2017",United States,Los Angeles,California_Los Angeles,Office Supplies,305.01,,
"25 June, 2016",United States,Los Angeles,California_Los Angeles,Office Supplies,60.81,,
"21 November, 2016",United States,Los Angeles,California_Los Angeles,Office Supplies,,32.4,
"13 May, 2014",United States,Los Angeles,California_Los Angeles,Furniture,,279.456,
"06 August, 2016",United States,Los Angeles,California_Los Angeles,Technology,211.168,,
"03 December, 2016",United States,Los Angeles,California_Los Angeles,Technology,1649.95,,
"26 December, 2016",United States,Los Angeles,California_Los Angeles,Furniture,,1049.064,
"12 July, 2016",United States,Los Angeles,California_Los Angeles,Technology,,95.76,
"04 December, 2015",United States,Los Angeles,California_Los Angeles,Technology,,110.352,
"16 January, 2016",United States,Los Angeles,California_Los Angeles,Technology,90.57,,
"09 February, 2017",United States,Los Angeles,California_Los Angeles,Furniture,,21.12,
"27 November, 2015",United States,Los Angeles,California_Los Angeles,Technology,,,107.97
"30 December, 2016",United States,Los Angeles,California_Los Angeles,Office Supplies,,,487.704
"25 August, 2014",United States,Los Angeles,California_Los Angeles,Furniture,,6.28,
"30 May, 2017",United States,Los Angeles,California_Los Angeles,Office Supplies,,37.52,
"31 October, 2014",United States,Los Angeles,California_Los Angeles,Furniture,,146.352,
"30 May, 2016",United States,Los Angeles,California_Los Angeles,Furniture,,167.84,
"21 September, 2017",United States,Los Angeles,California_Los Angeles,Office Supplies,,15.51,
"07 December, 2015",United States,Los Angeles,California_Los Angeles,Furniture,79.92,,
"06 April, 2014",United States,Los Angeles,California_Los Angeles,Office Supplies,,211.438,
"15 June, 2017",United States,Los Angeles,California_Los Angeles,Technology,,119.96,
"05 December, 2015",United States,Los Angeles,California_Los Angeles,Technology,,39,
"05 May, 2016",United States,Los Angeles,California_Los Angeles,Technology,,,246.168
"18 April, 2014",United States,Los Angeles,California_Los Angeles,Office Supplies,35.49,,
"31 August, 2015",United States,Los Angeles,California_Los Angeles,Office Supplies,58.32,,
"26 December, 2016",United States,Los Angeles,California_Los Angeles,Technology,,302.384,
"08 June, 2017",United States,Los Angeles,California_Los Angeles,Furniture,,,1497.666
"06 January, 2014",United States,Los Angeles,California_Los Angeles,Office Supplies,19.44,,
"07 November, 2015",United States,Los Angeles,California_Los Angeles,Furniture,,190.72,
"02 February, 2017",United States,Los Angeles,California_Los Angeles,Furniture,86.26,,
"18 March, 2017",United States,Los Angeles,California_Los Angeles,Office Supplies,,124.16,
"03 July, 2017",United States,Los Angeles,California_Los Angeles,Office Supplies,87.92,,
"24 September, 2015",United States,Los Angeles,California_Los Angeles,Office Supplies,,1158.12,
"28 March, 2016",United States,Los Angeles,California_Los Angeles,Office Supplies,93.9,,
"30 December, 2015",United States,Los Angeles,California_Los Angeles,Technology,2836.44,,
"25 June, 2014",United States,Los Angeles,California_Los Angeles,Furniture,,447.84,
"02 September, 2017",United States,Los Angeles,California_Los Angeles,Furniture,236.528,,511.5
"28 May, 2016",United States,Los Angeles,California_Los Angeles,Technology,690,,
"12 October, 2017",United States,Los Angeles,California_Los Angeles,Office Supplies,5.88,,
"23 September, 2017",United States,Los Angeles,California_Los Angeles,Furniture,594.816,,
"03 October, 2014",United States,Los Angeles,California_Los Angeles,Furniture,,265.784,
"26 February, 2017",United States,Los Angeles,California_Los Angeles,Furniture,,,892.224
"19 June, 2015",United States,Los Angeles,California_Los Angeles,Office Supplies,193.17,,
"15 September, 2017",United States,Los Angeles,California_Los Angeles,Office Supplies,2357.488,,
"07 July, 2016",United States,Los Angeles,California_Los Angeles,Furniture,287.968,,
"29 June, 2017",United States,Los Angeles,California_Los Angeles,Office Supplies,1350.862,,
"15 November, 2016",United States,Los Angeles,California_Los Angeles,Office Supplies,1054.928,,
"15 April, 2014",United States,Los Angeles,California_Los Angeles,Furniture,,,187.76
"03 March, 2017",United States,Los Angeles,California_Los Angeles,Furniture,170.352,399.672,
"30 June, 2017",United States,Los Angeles,California_Los Angeles,Furniture,435.999,,
"30 June, 2017",United States,Los Angeles,California_Los Angeles,Office Supplies,204.95,,
"08 October, 2016",United States,Los Angeles,California_Los Angeles,Office Supplies,61.96,,
"11 April, 2015",United States,Los Angeles,California_Los Angeles,Technology,639.968,,
"05 December, 2015",United States,Los Angeles,California_Los Angeles,Office Supplies,,12.6,
"06 June, 2016",United States,Los Angeles,California_Los Angeles,Office Supplies,,,121.95
"01 August, 2015",United States,Los Angeles,California_Los Angeles,Office Supplies,,,6.72
"10 June, 2017",United States,Los Angeles,California_Los Angeles,Technology,,,279.96
"09 February, 2017",United States,Los Angeles,California_Los Angeles,Office Supplies,354.9,,
"26 April, 2014",United States,Los Angeles,California_Los Angeles,Office Supplies,,18.288,34
"03 October, 2015",United States,Los Angeles,California_Los Angeles,Furniture,120.666,,
"18 November, 2016",United States,Los Angeles,California_Los Angeles,Technology,,,61.192
"27 April, 2017",United States,Los Angeles,California_Los Angeles,Office Supplies,183.61,,
"12 April, 2016",United States,Los Angeles,California_Los Angeles,Furniture,832.64,,
"18 December, 2016",United States,Los Angeles,California_Los Angeles,Furniture,,183.84,
"19 December, 2014",United States,Los Angeles,California_Los Angeles,Office Supplies,,37.17,
"25 August, 2015",United States,Los Angeles,California_Los Angeles,Furniture,,,40.784
"01 March, 2015",United States,Los Angeles,California_Los Angeles,Furniture,,184.752,
"20 December, 2015",United States,Los Angeles,California_Los Angeles,Office Supplies,17.12,,
"02 December, 2017",United States,Los Angeles,California_Los Angeles,Office Supplies,,178.89,
"04 September, 2017",United States,Los Angeles,California_Los Angeles,Furniture,,1322.352,
"10 June, 2017",United States,Los Angeles,California_Los Angeles,Furniture,,,514.165
"12 July, 2014",United States,Los Angeles,California_Los Angeles,Office Supplies,,,249.75
"26 May, 2014",United States,Los Angeles,California_Los Angeles,Furniture,225.296,290.666,
"03 March, 2017",United States,Los Angeles,California_Los Angeles,Technology,1049.44,,
"26 May, 2014",United States,Los Angeles,California_Los Angeles,Technology,,285.568,
"20 October, 2015",United States,Los Angeles,California_Los Angeles,Furniture,439.536,,
"21 August, 2016",United States,Los Angeles,California_Los Angeles,Office Supplies,,73.152,
"28 October, 2014",United States,Los Angeles,California_Los Angeles,Office Supplies,,635.604,
"08 April, 2016",United States,Los Angeles,California_Los Angeles,Office Supplies,97.96,,
"02 October, 2015",United States,Los Angeles,California_Los Angeles,Office Supplies,65.376,,270.34
"24 November, 2015",United States,Los Angeles,California_Los Angeles,Technology,13.98,,
"12 April, 2016",United States,Los Angeles,California_Los Angeles,Office Supplies,69.272,,
"10 September, 2017",United States,Los Angeles,California_Los Angeles,Office Supplies,,7.184,
"03 June, 2017",United States,Los Angeles,California_Los Angeles,Office Supplies,,15.872,
"29 September, 2016",United States,Los Angeles,California_Los Angeles,Office Supplies,18.97,,
"19 February, 2017",United States,Los Angeles,California_Los Angeles,Furniture,,,44.67
"10 September, 2015",United States,Los Angeles,California_Los Angeles,Furniture,,106.68,
"24 October, 2016",United States,Los Angeles,California_Los Angeles,Technology,,459.98,
"27 October, 2017",United States,Los Angeles,California_Los Angeles,Technology,,71.96,
"09 September, 2017",United States,Los Angeles,California_Los Angeles,Technology,,159.96,
"24 November, 2015",United States,Los Angeles,California_Los Angeles,Office Supplies,1125.024,,
"24 December, 2014",United States,Los Angeles,California_Los Angeles,Technology,,,1054.882
"06 November, 2017",United States,Los Angeles,California_Los Angeles,Furniture,8.73,,
"24 September, 2016",United States,Los Angeles,California_Los Angeles,Office Supplies,,388.56,
"02 August, 2016",United States,Los Angeles,California_Los Angeles,Furniture,,136.464,
"10 June, 2016",United States,Los Angeles,California_Los Angeles,Office Supplies,53.1,,
"02 March, 2017",United States,Los Angeles,California_Los Angeles,Technology,,676.716,
"01 August, 2015",United States,Los Angeles,California_Los Angeles,Furniture,,,1004.976
"13 April, 2015",United States,Los Angeles,California_Los Angeles,Technology,479.92,258.576,
"27 October, 2017",United States,Los Angeles,California_Los Angeles,Furniture,,189.576,
"18 June, 2014",United States,Los Angeles,California_Los Angeles,Technology,139.8,,
"18 September, 2015",United States,Los Angeles,California_Los Angeles,Furniture,,24.4,
"15 February, 2015",United States,Los Angeles,California_Los Angeles,Office Supplies,627.48,,
"24 December, 2017",United States,Los Angeles,California_Los Angeles,Office Supplies,,,90.48
"30 September, 2017",United States,Los Angeles,California_Los Angeles,Technology,,,159.98
"03 April, 2014",United States,Los Angeles,California_Los Angeles,Technology,,222.29,
"14 November, 2016",United States,Los Angeles,California_Los Angeles,Office Supplies,9.84,,
"08 December, 2015",United States,Los Angeles,California_Los Angeles,Office Supplies,,221.96,
"09 April, 2016",United States,Los Angeles,California_Los Angeles,Furniture,556.665,,
"14 August, 2016",United States,Los Angeles,California_Los Angeles,Office Supplies,15.54,,
"16 December, 2014",United States,Los Angeles,California_Los Angeles,Technology,,,1022.168
"21 October, 2016",United States,Los Angeles,California_Los Angeles,Office Supplies,353.31,,
"15 September, 2017",United States,Los Angeles,California_Los Angeles,Technology,369.544,,
"28 March, 2015",United States,Los Angeles,California_Los Angeles,Office Supplies,33.4,,
"21 March, 2017",United States,Los Angeles,California_Los Angeles,Office Supplies,745.28,,
"17 June, 2016",United States,Los Angeles,California_Los Angeles,Furniture,239.666,,
"27 November, 2017",United States,Los Angeles,California_Los Angeles,Office Supplies,117.488,,
"28 September, 2015",United States,Los Angeles,California_Los Angeles,Office Supplies,,315.132,
"13 May, 2014",United States,Los Angeles,California_Los Angeles,Office Supplies,,8,
"17 April, 2017",United States,Los Angeles,California_Los Angeles,Furniture,218.352,,
"04 March, 2017",United States,Los Angeles,California_Los Angeles,Office Supplies,,24.57,
"11 November, 2014",United States,Los Angeles,California_Los Angeles,Technology,,,575.928
"17 December, 2015",United States,Los Angeles,California_Los Angeles,Technology,135.984,,
"23 February, 2017",United States,Los Angeles,California_Los Angeles,Office Supplies,37.44,,
"16 November, 2014",United States,Los Angeles,California_Los Angeles,Technology,,79.968,
"19 April, 2016",United States,Los Angeles,California_Los Angeles,Office Supplies,116.556,,
"26 November, 2016",United States,Los Angeles,California_Los Angeles,Furniture,4002.044,,
"25 November, 2014",United States,Los Angeles,California_Los Angeles,Technology,539.92,,
"08 April, 2016",United States,Los Angeles,California_Los Angeles,Furniture,24.7,,
"05 April, 2015",United States,Los Angeles,California_Los Angeles,Furniture,,892.224,
"24 December, 2014",United States,Los Angeles,California_Los Angeles,Furniture,,292.272,23.99
"07 July, 2016",United States,Los Angeles,California_Los Angeles,Technology,2799.96,,
"23 March, 2014",United States,Los Angeles,California_Los Angeles,Office Supplies,330.4,,
"04 November, 2014",United States,Los Angeles,California_Los Angeles,Technology,1114.312,,
"25 April, 2017",United States,Los Angeles,California_Los Angeles,Furniture,344.981,,
"28 October, 2014",United States,Los Angeles,California_Los Angeles,Furniture,,616.998,
"10 September, 2016",United States,Los Angeles,California_Los Angeles,Office Supplies,276.784,,
"18 April, 2014",United States,Los Angeles,California_Los Angeles,Technology,287.968,,
"12 November, 2015",United States,Los Angeles,California_Los Angeles,Office Supplies,,15.7,
"11 November, 2017",United States,Los Angeles,California_Los Angeles,Office Supplies,151.93,,
"24 September, 2016",United States,Los Angeles,California_Los Angeles,Furniture,,563.24,
"16 January, 2017",United States,Los Angeles,California_Los Angeles,Furniture,,427.592,
