Date,Country,City,State_City,Category,Consumer,Corporate,Home_Office
"18 March, 2014",United States,Jacksonville,Florida_Jacksonville,Technology,,,23459.78
"13 September, 2015",United States,Jacksonville,North Carolina_Jacksonville,Office Supplies,13.092,,
"26 March, 2016",United States,Jacksonville,North Carolina_Jacksonville,Office Supplies,67.64,,
"03 December, 2017",United States,Jacksonville,Florida_Jacksonville,Technology,47.992,,
"14 May, 2016",United States,Jacksonville,Florida_Jacksonville,Technology,,43.6,
"09 October, 2014",United States,Jacksonville,North Carolina_Jacksonville,Office Supplies,,88.768,
"18 March, 2014",United States,Jacksonville,Florida_Jacksonville,Office Supplies,,,48.328
"23 October, 2017",United States,Jacksonville,Florida_Jacksonville,Technology,863.88,,
"08 July, 2016",United States,Jacksonville,Florida_Jacksonville,Office Supplies,15.984,,
"10 April, 2017",United States,Jacksonville,Florida_Jacksonville,Office Supplies,,4.419,
"18 September, 2016",United States,Jacksonville,Florida_Jacksonville,Furniture,,383.438,
"28 March, 2017",United States,Jacksonville,Florida_Jacksonville,Office Supplies,,68.742,
"14 May, 2016",United States,Jacksonville,Florida_Jacksonville,Office Supplies,,117.226,
"14 January, 2017",United States,Jacksonville,North Carolina_Jacksonville,Office Supplies,21.744,,
"19 November, 2016",United States,Jacksonville,North Carolina_Jacksonville,Office Supplies,18.48,,
"29 July, 2017",United States,Jacksonville,North Carolina_Jacksonville,Technology,22,,
"11 December, 2017",United States,Jacksonville,Florida_Jacksonville,Technology,,73.568,
"16 December, 2014",United States,Jacksonville,Florida_Jacksonville,Office Supplies,,1.167,
"05 January, 2016",United States,Jacksonville,Florida_Jacksonville,Office Supplies,,5.248,
"03 December, 2015",United States,Jacksonville,North Carolina_Jacksonville,Office Supplies,105.314,,
"27 July, 2017",United States,Jacksonville,Florida_Jacksonville,Furniture,91.032,,
"08 November, 2015",United States,Jacksonville,North Carolina_Jacksonville,Office Supplies,,76.423,
"26 May, 2015",United States,Jacksonville,North Carolina_Jacksonville,Technology,,,167.944
"25 November, 2016",United States,Jacksonville,Florida_Jacksonville,Office Supplies,,,5.08
"16 May, 2015",United States,Jacksonville,Florida_Jacksonville,Technology,,,255.968
"20 September, 2014",United States,Jacksonville,Florida_Jacksonville,Office Supplies,,2.816,
"01 April, 2017",United States,Jacksonville,Florida_Jacksonville,Office Supplies,,27.072,
"19 December, 2014",United States,Jacksonville,Florida_Jacksonville,Technology,247.8,,
"07 April, 2017",United States,Jacksonville,Florida_Jacksonville,Technology,,,219.184
"10 April, 2017",United States,Jacksonville,Florida_Jacksonville,Furniture,,12.32,
"19 December, 2014",United States,Jacksonville,Florida_Jacksonville,Office Supplies,4.812,,
"09 April, 2017",United States,Jacksonville,Florida_Jacksonville,Office Supplies,284.19,,
"14 January, 2017",United States,Jacksonville,North Carolina_Jacksonville,Technology,7.92,,
"03 July, 2017",United States,Jacksonville,North Carolina_Jacksonville,Technology,24,,
"03 November, 2014",United States,Jacksonville,North Carolina_Jacksonville,Furniture,1355.388,,
"18 March, 2014",United States,Jacksonville,Florida_Jacksonville,Furniture,,,153.12
"02 January, 2017",United States,Jacksonville,North Carolina_Jacksonville,Office Supplies,,44.514,
"20 October, 2017",United States,Jacksonville,Florida_Jacksonville,Office Supplies,15.888,,
"31 December, 2016",United States,Jacksonville,Florida_Jacksonville,Office Supplies,71.096,,
"28 September, 2017",United States,Jacksonville,Florida_Jacksonville,Office Supplies,,10.368,
"01 April, 2017",United States,Jacksonville,Florida_Jacksonville,Furniture,,218.352,
"09 May, 2017",United States,Jacksonville,North Carolina_Jacksonville,Furniture,,207,
"05 January, 2016",United States,Jacksonville,Florida_Jacksonville,Technology,,250.656,
"06 June, 2014",United States,Jacksonville,Florida_Jacksonville,Office Supplies,63.381,,
"08 November, 2015",United States,Jacksonville,North Carolina_Jacksonville,Furniture,,4.712,
"01 April, 2017",United States,Jacksonville,Florida_Jacksonville,Technology,,23.976,
"18 September, 2016",United States,Jacksonville,Florida_Jacksonville,Office Supplies,3,,
"06 November, 2016",United States,Jacksonville,Florida_Jacksonville,Furniture,,243.552,
"03 December, 2015",United States,Jacksonville,North Carolina_Jacksonville,Furniture,77.952,,
"30 November, 2015",United States,Jacksonville,North Carolina_Jacksonville,Furniture,,17.088,
"26 May, 2015",United States,Jacksonville,North Carolina_Jacksonville,Office Supplies,,,184.224
"01 May, 2017",United States,Jacksonville,Florida_Jacksonville,Furniture,3737.182,,
"13 November, 2015",United States,Jacksonville,North Carolina_Jacksonville,Office Supplies,115.296,,
"11 September, 2017",United States,Jacksonville,Florida_Jacksonville,Furniture,34.504,,
"31 March, 2015",United States,Jacksonville,Florida_Jacksonville,Technology,,79.96,
"11 December, 2015",United States,Jacksonville,Florida_Jacksonville,Office Supplies,12.828,,
"24 April, 2017",United States,Jacksonville,Florida_Jacksonville,Office Supplies,,113.568,
"03 November, 2014",United States,Jacksonville,North Carolina_Jacksonville,Office Supplies,40.285,,
"21 December, 2015",United States,Jacksonville,North Carolina_Jacksonville,Technology,47.976,,
"09 August, 2015",United States,Jacksonville,Florida_Jacksonville,Office Supplies,,4.608,
"06 April, 2015",United States,Jacksonville,North Carolina_Jacksonville,Office Supplies,47.952,,
"14 October, 2016",United States,Jacksonville,North Carolina_Jacksonville,Furniture,102.592,,
"07 April, 2017",United States,Jacksonville,Florida_Jacksonville,Office Supplies,,,16.256
"20 October, 2017",United States,Jacksonville,Florida_Jacksonville,Furniture,43.936,,
"13 August, 2016",United States,Jacksonville,North Carolina_Jacksonville,Office Supplies,21.504,,
"21 March, 2015",United States,Jacksonville,North Carolina_Jacksonville,Office Supplies,1270.379,,
"10 June, 2017",United States,Jacksonville,Florida_Jacksonville,Office Supplies,,1347.52,
"08 August, 2014",United States,Jacksonville,Florida_Jacksonville,Furniture,155.456,,
"14 March, 2014",United States,Jacksonville,Florida_Jacksonville,Office Supplies,,,91.056
"11 December, 2017",United States,Jacksonville,Florida_Jacksonville,Furniture,,786.659,
"29 March, 2015",United States,Jacksonville,Florida_Jacksonville,Furniture,,,1166.92
"18 September, 2015",United States,Jacksonville,Florida_Jacksonville,Technology,,717.12,
"29 July, 2017",United States,Jacksonville,North Carolina_Jacksonville,Office Supplies,39.216,,
"14 October, 2016",United States,Jacksonville,North Carolina_Jacksonville,Office Supplies,179.952,,
"11 December, 2017",United States,Jacksonville,Florida_Jacksonville,Office Supplies,,13.584,
"02 June, 2017",United States,Jacksonville,North Carolina_Jacksonville,Office Supplies,25.344,,
"14 October, 2016",United States,Jacksonville,North Carolina_Jacksonville,Technology,22.704,,
"03 December, 2015",United States,Jacksonville,North Carolina_Jacksonville,Technology,105.584,,
"09 May, 2017",United States,Jacksonville,North Carolina_Jacksonville,Office Supplies,,65.232,
"07 August, 2017",United States,Jacksonville,North Carolina_Jacksonville,Technology,79.992,,
"14 May, 2016",United States,Jacksonville,Florida_Jacksonville,Furniture,,30.192,
"01 December, 2014",United States,Jacksonville,North Carolina_Jacksonville,Technology,95.968,,
"09 November, 2017",United States,Jacksonville,Florida_Jacksonville,Technology,,,691.144
"01 May, 2017",United States,Jacksonville,Florida_Jacksonville,Office Supplies,3.328,,
"26 March, 2016",United States,Jacksonville,North Carolina_Jacksonville,Technology,119.976,,
"06 November, 2016",United States,Jacksonville,Florida_Jacksonville,Office Supplies,,124.88,
"02 January, 2017",United States,Jacksonville,North Carolina_Jacksonville,Technology,,695.7,
"10 October, 2015",United States,Jacksonville,Florida_Jacksonville,Office Supplies,1801.632,,
"08 July, 2016",United States,Jacksonville,Florida_Jacksonville,Technology,823.96,,
