Date,Country,City,State_City,Category,Consumer,Corporate,Home_Office
"07 April, 2014",United States,Marietta,Georgia_Marietta,Technology,,,200.97
"07 April, 2014",United States,Marietta,Georgia_Marietta,Office Supplies,,,58.32
"28 November, 2016",United States,Marietta,Georgia_Marietta,Technology,,101.7,
"28 November, 2016",United States,Marietta,Georgia_Marietta,Furniture,,182.67,
"28 November, 2016",United States,Marietta,Georgia_Marietta,Office Supplies,,2389.32,
"13 August, 2015",United States,Marietta,Georgia_Marietta,Office Supplies,5.64,,
