Date,Country,City,State_City,Category,Consumer,Corporate,Home_Office
"17 March, 2014",United States,Lakeville,Minnesota_Lakeville,Office Supplies,249.92,,
"20 November, 2017",United States,Lakeville,Minnesota_Lakeville,Office Supplies,22,,
"01 June, 2014",United States,Lakeville,Minnesota_Lakeville,Furniture,,,2001.86
"01 June, 2014",United States,Lakeville,Minnesota_Lakeville,Office Supplies,,,1743.77
"30 July, 2015",United States,Lakeville,Minnesota_Lakeville,Furniture,,,155.88
"21 August, 2017",United States,Lakeville,Minnesota_Lakeville,Office Supplies,87.52,,
