Date,Country,City,State_City,Category,Consumer,Corporate,Home_Office
"04 August, 2016",United States,Peoria,Illinois_Peoria,Office Supplies,3.98,,
"28 December, 2017",United States,Peoria,Illinois_Peoria,Furniture,,124.3,
"26 October, 2015",United States,Peoria,Arizona_Peoria,Technology,,174.304,
"02 December, 2017",United States,Peoria,Arizona_Peoria,Office Supplies,67.86,,
"28 December, 2017",United States,Peoria,Illinois_Peoria,Office Supplies,,1.68,
"18 June, 2015",United States,Peoria,Arizona_Peoria,Furniture,,,75.36
"24 March, 2015",United States,Peoria,Illinois_Peoria,Furniture,,,359.058
"17 August, 2015",United States,Peoria,Arizona_Peoria,Technology,282.88,,
"17 August, 2015",United States,Peoria,Arizona_Peoria,Office Supplies,46.56,,
"11 June, 2017",United States,Peoria,Arizona_Peoria,Office Supplies,,,387.952
"11 June, 2017",United States,Peoria,Arizona_Peoria,Furniture,,,280.792
"18 June, 2015",United States,Peoria,Arizona_Peoria,Office Supplies,,,25.644
"07 June, 2014",United States,Peoria,Illinois_Peoria,Office Supplies,,12.462,
