Date,Country,City,State_City,Category,Consumer,Corporate,Home_Office
"27 May, 2017",United States,Pocatello,Idaho_Pocatello,Furniture,35,,
"27 May, 2017",United States,Pocatello,Idaho_Pocatello,Office Supplies,477.15,,
"27 May, 2017",United States,Pocatello,Idaho_Pocatello,Technology,302.376,,
"09 June, 2015",United States,Pocatello,Idaho_Pocatello,Technology,140.376,,
"26 March, 2016",United States,Pocatello,Idaho_Pocatello,Office Supplies,34.68,,
"09 June, 2015",United States,Pocatello,Idaho_Pocatello,Furniture,355.36,,
