Date,Country,City,State_City,Category,Consumer,Corporate,Home_Office
"28 June, 2015",United States,Gilbert,Arizona_Gilbert,Office Supplies,,5.904,
"24 December, 2015",United States,Gilbert,Arizona_Gilbert,Furniture,,883.84,
"20 February, 2017",United States,Gilbert,Arizona_Gilbert,Technology,,,365.568
"05 December, 2014",United States,Gilbert,Arizona_Gilbert,Technology,,167.968,
"20 February, 2017",United States,Gilbert,Arizona_Gilbert,Office Supplies,,,61.808
"20 February, 2017",United States,Gilbert,Arizona_Gilbert,Furniture,,,455.614
"28 June, 2015",United States,Gilbert,Arizona_Gilbert,Furniture,,621.76,
"15 June, 2015",United States,Gilbert,Arizona_Gilbert,Furniture,404.96,,
"05 December, 2014",United States,Gilbert,Arizona_Gilbert,Office Supplies,,1113.024,
"15 June, 2015",United States,Gilbert,Arizona_Gilbert,Office Supplies,91.936,,
