Date,Country,City,State_City,Category,Consumer,Corporate,Home_Office
"17 July, 2016",United States,Perth Amboy,New Jersey_Perth Amboy,Office Supplies,,218.12,
"17 July, 2016",United States,Perth Amboy,New Jersey_Perth Amboy,Technology,,597,
"17 February, 2017",United States,Perth Amboy,New Jersey_Perth Amboy,Office Supplies,,,178.21
"17 October, 2016",United States,Perth Amboy,New Jersey_Perth Amboy,Office Supplies,315.98,,
"17 October, 2016",United States,Perth Amboy,New Jersey_Perth Amboy,Furniture,120.98,,
"20 February, 2015",United States,Perth Amboy,New Jersey_Perth Amboy,Office Supplies,286.79,,
