Date,Country,City,State_City,Category,Consumer,Corporate,Home_Office
"01 August, 2017",United States,Austin,Texas_Austin,Technology,,1439.982,
"12 November, 2017",United States,Austin,Texas_Austin,Office Supplies,779.16,,
"23 October, 2017",United States,Austin,Texas_Austin,Office Supplies,282.618,,
"09 May, 2016",United States,Austin,Texas_Austin,Office Supplies,,1013.792,
"01 August, 2017",United States,Austin,Texas_Austin,Office Supplies,,36.288,
"31 December, 2015",United States,Austin,Texas_Austin,Office Supplies,162.064,,
"11 May, 2017",United States,Austin,Texas_Austin,Furniture,,,7.996
"29 July, 2017",United States,Austin,Texas_Austin,Office Supplies,,2.896,
"06 December, 2015",United States,Austin,Texas_Austin,Office Supplies,2.772,,
"29 July, 2017",United States,Austin,Texas_Austin,Technology,,124.792,
"15 January, 2017",United States,Austin,Texas_Austin,Technology,110.576,,
"20 December, 2015",United States,Austin,Texas_Austin,Office Supplies,88.8,,
"05 September, 2016",United States,Austin,Texas_Austin,Furniture,,347.802,
"11 May, 2017",United States,Austin,Texas_Austin,Office Supplies,,,86.512
"11 April, 2014",United States,Austin,Texas_Austin,Technology,,,758.352
"16 September, 2017",United States,Austin,Texas_Austin,Office Supplies,17.568,,
"28 November, 2015",United States,Austin,Texas_Austin,Office Supplies,335.52,,
"10 April, 2017",United States,Austin,Texas_Austin,Technology,95.736,,
"30 November, 2015",United States,Austin,Texas_Austin,Office Supplies,,,3.882
"10 April, 2017",United States,Austin,Texas_Austin,Office Supplies,10.368,,
"15 January, 2017",United States,Austin,Texas_Austin,Office Supplies,37.06,,
"16 September, 2017",United States,Austin,Texas_Austin,Technology,55.992,,
"12 December, 2015",United States,Austin,Texas_Austin,Technology,22.368,,
"23 October, 2017",United States,Austin,Texas_Austin,Technology,55.2,,
"10 September, 2015",United States,Austin,Texas_Austin,Furniture,,179.886,
