Date,Country,City,State_City,Category,Consumer,Corporate,Home_Office
"15 July, 2014",United States,Sioux Falls,South Dakota_Sioux Falls,Technology,,2.97,
"20 July, 2017",United States,Sioux Falls,South Dakota_Sioux Falls,Furniture,,182.94,
"20 July, 2017",United States,Sioux Falls,South Dakota_Sioux Falls,Technology,,389.97,
"20 July, 2017",United States,Sioux Falls,South Dakota_Sioux Falls,Office Supplies,,534.77,
"15 July, 2014",United States,Sioux Falls,South Dakota_Sioux Falls,Office Supplies,,6.54,
"25 July, 2017",United States,Sioux Falls,South Dakota_Sioux Falls,Office Supplies,20.23,,
