Date,Country,City,State_City,Category,Consumer,Corporate,Home_Office
"14 December, 2017",United States,San Diego,California_San Diego,Furniture,,,26.25
"21 July, 2017",United States,San Diego,California_San Diego,Office Supplies,66.692,,
"17 June, 2016",United States,San Diego,California_San Diego,Office Supplies,111.96,,
"18 June, 2015",United States,San Diego,California_San Diego,Office Supplies,51.98,,
"05 November, 2017",United States,San Diego,California_San Diego,Office Supplies,12.96,,
"22 March, 2015",United States,San Diego,California_San Diego,Furniture,,91.96,
"07 August, 2017",United States,San Diego,California_San Diego,Office Supplies,13.76,,
"24 December, 2014",United States,San Diego,California_San Diego,Office Supplies,13.97,,
"08 October, 2017",United States,San Diego,California_San Diego,Technology,,379.152,
"21 January, 2016",United States,San Diego,California_San Diego,Furniture,1167.056,,
"02 February, 2017",United States,San Diego,California_San Diego,Office Supplies,,30.96,
"02 February, 2014",United States,San Diego,California_San Diego,Office Supplies,,,12.35
"11 July, 2017",United States,San Diego,California_San Diego,Technology,,71.952,
"29 March, 2015",United States,San Diego,California_San Diego,Office Supplies,222.51,,
"05 February, 2016",United States,San Diego,California_San Diego,Technology,159.968,,
"05 September, 2015",United States,San Diego,California_San Diego,Office Supplies,28.752,,
"10 November, 2014",United States,San Diego,California_San Diego,Office Supplies,102.08,,
"18 September, 2016",United States,San Diego,California_San Diego,Office Supplies,,368.91,
"08 August, 2014",United States,San Diego,California_San Diego,Office Supplies,76.12,,
"03 March, 2014",United States,San Diego,California_San Diego,Furniture,626.352,,
"18 July, 2015",United States,San Diego,California_San Diego,Technology,519.96,,
"05 February, 2016",United States,San Diego,California_San Diego,Furniture,557.728,,
"23 September, 2016",United States,San Diego,California_San Diego,Office Supplies,,22.98,
"11 September, 2016",United States,San Diego,California_San Diego,Technology,3347.37,,
"02 February, 2017",United States,San Diego,California_San Diego,Technology,,239.984,
"22 March, 2015",United States,San Diego,California_San Diego,Technology,,1487.976,
"22 March, 2015",United States,San Diego,California_San Diego,Office Supplies,,105.52,
"02 November, 2015",United States,San Diego,California_San Diego,Office Supplies,129.44,,
"08 August, 2014",United States,San Diego,California_San Diego,Technology,1645.936,,
"23 October, 2015",United States,San Diego,California_San Diego,Technology,148.32,,
"13 August, 2017",United States,San Diego,California_San Diego,Office Supplies,,36.024,
"05 February, 2016",United States,San Diego,California_San Diego,Office Supplies,201.27,,
"26 August, 2016",United States,San Diego,California_San Diego,Furniture,,1603.136,
"14 December, 2015",United States,San Diego,California_San Diego,Office Supplies,8.096,,
"05 December, 2017",United States,San Diego,California_San Diego,Office Supplies,92.94,,
"27 January, 2014",United States,San Diego,California_San Diego,Office Supplies,93.67,,
"20 July, 2014",United States,San Diego,California_San Diego,Furniture,43.02,,
"27 January, 2014",United States,San Diego,California_San Diego,Furniture,333,,
"05 September, 2016",United States,San Diego,California_San Diego,Technology,,116,
"28 November, 2017",United States,San Diego,California_San Diego,Office Supplies,62.65,,
"18 December, 2016",United States,San Diego,California_San Diego,Furniture,39.92,,
"08 November, 2015",United States,San Diego,California_San Diego,Office Supplies,,,5
"03 December, 2017",United States,San Diego,California_San Diego,Office Supplies,166.44,,
"10 November, 2014",United States,San Diego,California_San Diego,Furniture,93.08,,
"15 November, 2016",United States,San Diego,California_San Diego,Technology,,361.376,
"20 September, 2014",United States,San Diego,California_San Diego,Office Supplies,,8.56,
"22 January, 2016",United States,San Diego,California_San Diego,Office Supplies,65.05,,
"09 November, 2017",United States,San Diego,California_San Diego,Furniture,,523.392,
"30 May, 2017",United States,San Diego,California_San Diego,Office Supplies,35.1,,
"04 March, 2016",United States,San Diego,California_San Diego,Office Supplies,,,16.99
"27 September, 2014",United States,San Diego,California_San Diego,Furniture,603.92,,
"24 June, 2016",United States,San Diego,California_San Diego,Technology,4515.04,,
"17 November, 2015",United States,San Diego,California_San Diego,Furniture,343.128,,
"24 June, 2016",United States,San Diego,California_San Diego,Office Supplies,346.29,,
"18 September, 2016",United States,San Diego,California_San Diego,Furniture,,1687.096,
"20 November, 2015",United States,San Diego,California_San Diego,Office Supplies,,139.816,
"18 September, 2015",United States,San Diego,California_San Diego,Office Supplies,443.92,,
"21 May, 2014",United States,San Diego,California_San Diego,Office Supplies,,,31.84
"26 June, 2017",United States,San Diego,California_San Diego,Office Supplies,83.76,,
"27 August, 2015",United States,San Diego,California_San Diego,Office Supplies,150.22,,
"12 November, 2016",United States,San Diego,California_San Diego,Technology,,,203.976
"31 August, 2015",United States,San Diego,California_San Diego,Technology,,,555.96
"27 May, 2014",United States,San Diego,California_San Diego,Office Supplies,,359.32,
"16 November, 2017",United States,San Diego,California_San Diego,Office Supplies,811.28,,
"20 February, 2017",United States,San Diego,California_San Diego,Furniture,,22.23,
"04 November, 2014",United States,San Diego,California_San Diego,Furniture,35.34,,
"23 October, 2015",United States,San Diego,California_San Diego,Office Supplies,23.36,,
"24 November, 2014",United States,San Diego,California_San Diego,Furniture,151.72,,
"08 August, 2014",United States,San Diego,California_San Diego,Furniture,327.76,,
"27 September, 2014",United States,San Diego,California_San Diego,Office Supplies,81.98,,
"11 July, 2017",United States,San Diego,California_San Diego,Office Supplies,,29.8,
"25 December, 2015",United States,San Diego,California_San Diego,Office Supplies,30.54,,
"02 October, 2015",United States,San Diego,California_San Diego,Office Supplies,,57.504,
"12 December, 2015",United States,San Diego,California_San Diego,Office Supplies,32.308,,
"09 August, 2014",United States,San Diego,California_San Diego,Office Supplies,,,20.88
"07 August, 2017",United States,San Diego,California_San Diego,Technology,159.96,,
"05 September, 2015",United States,San Diego,California_San Diego,Furniture,704.531,,
"03 November, 2017",United States,San Diego,California_San Diego,Furniture,,,1673.184
"02 February, 2017",United States,San Diego,California_San Diego,Furniture,,210.58,
"21 October, 2016",United States,San Diego,California_San Diego,Office Supplies,154.44,,
"14 December, 2016",United States,San Diego,California_San Diego,Office Supplies,,134.8,
"20 July, 2014",United States,San Diego,California_San Diego,Office Supplies,133.474,,
"01 December, 2015",United States,San Diego,California_San Diego,Furniture,,,2676.672
"05 December, 2015",United States,San Diego,California_San Diego,Furniture,,44.46,
"06 November, 2016",United States,San Diego,California_San Diego,Office Supplies,84.84,,
"06 December, 2015",United States,San Diego,California_San Diego,Technology,219.184,,
"02 November, 2015",United States,San Diego,California_San Diego,Furniture,609.459,,
"26 September, 2014",United States,San Diego,California_San Diego,Furniture,,,585.552
"12 November, 2016",United States,San Diego,California_San Diego,Furniture,,,674.352
"15 April, 2016",United States,San Diego,California_San Diego,Office Supplies,,,143.7
"29 March, 2015",United States,San Diego,California_San Diego,Technology,53.25,,
"08 October, 2017",United States,San Diego,California_San Diego,Office Supplies,,40.68,
"26 September, 2014",United States,San Diego,California_San Diego,Office Supplies,,,19.44
"04 February, 2014",United States,San Diego,California_San Diego,Office Supplies,,,117.136
"21 December, 2014",United States,San Diego,California_San Diego,Furniture,1897.92,,
"21 October, 2014",United States,San Diego,California_San Diego,Office Supplies,,36.36,
"23 September, 2014",United States,San Diego,California_San Diego,Technology,,83.984,
"04 November, 2016",United States,San Diego,California_San Diego,Technology,686.4,,
"26 April, 2015",United States,San Diego,California_San Diego,Furniture,,63.936,
"10 November, 2014",United States,San Diego,California_San Diego,Technology,612.526,,
"11 September, 2015",United States,San Diego,California_San Diego,Office Supplies,,265.86,
"26 September, 2015",United States,San Diego,California_San Diego,Office Supplies,,,188.63
"17 November, 2015",United States,San Diego,California_San Diego,Technology,415.968,,
"23 September, 2014",United States,San Diego,California_San Diego,Furniture,,435.999,
"06 December, 2015",United States,San Diego,California_San Diego,Office Supplies,120.15,,
"26 December, 2014",United States,San Diego,California_San Diego,Furniture,3.48,,
"14 December, 2016",United States,San Diego,California_San Diego,Furniture,,81.424,
"10 December, 2017",United States,San Diego,California_San Diego,Office Supplies,,85.504,
"08 November, 2015",United States,San Diego,California_San Diego,Technology,,,371.97
"26 December, 2014",United States,San Diego,California_San Diego,Office Supplies,11.91,,
"15 December, 2014",United States,San Diego,California_San Diego,Furniture,6.16,,
"18 December, 2016",United States,San Diego,California_San Diego,Technology,845.11,,
"25 December, 2015",United States,San Diego,California_San Diego,Technology,1199.96,,
"29 March, 2015",United States,San Diego,California_San Diego,Furniture,19.92,,
"04 July, 2015",United States,San Diego,California_San Diego,Office Supplies,,,22.848
"11 September, 2016",United States,San Diego,California_San Diego,Office Supplies,7.61,,
"21 July, 2017",United States,San Diego,California_San Diego,Furniture,225.296,,
"16 November, 2015",United States,San Diego,California_San Diego,Office Supplies,,18.9,
"23 October, 2015",United States,San Diego,California_San Diego,Furniture,1275.104,,
"06 October, 2014",United States,San Diego,California_San Diego,Technology,9.09,,
"17 October, 2017",United States,San Diego,California_San Diego,Office Supplies,10.64,,
"16 December, 2016",United States,San Diego,California_San Diego,Technology,,,21.21
"14 December, 2017",United States,San Diego,California_San Diego,Office Supplies,,,108.66
"18 November, 2016",United States,San Diego,California_San Diego,Technology,595,,
"03 November, 2017",United States,San Diego,California_San Diego,Technology,,,199.75
"20 February, 2017",United States,San Diego,California_San Diego,Technology,,215.968,
"26 April, 2015",United States,San Diego,California_San Diego,Technology,,311.976,
"26 April, 2015",United States,San Diego,California_San Diego,Office Supplies,,109.872,
"17 November, 2015",United States,San Diego,California_San Diego,Office Supplies,1114.51,,
"27 May, 2014",United States,San Diego,California_San Diego,Furniture,,567.12,
