Date,Country,City,State_City,Category,Consumer,Corporate,Home_Office
"20 June, 2014",United States,Plano,Texas_Plano,Furniture,193.0656,,
"03 December, 2017",United States,Plano,Texas_Plano,Office Supplies,10.368,,
"09 September, 2017",United States,Plano,Texas_Plano,Office Supplies,,9.856,
"26 June, 2016",United States,Plano,Texas_Plano,Technology,,,13.616
"19 May, 2017",United States,Plano,Texas_Plano,Technology,95.992,,
"19 May, 2017",United States,Plano,Texas_Plano,Office Supplies,13.216,,
"14 December, 2017",United States,Plano,Texas_Plano,Furniture,974.988,,
"20 June, 2014",United States,Plano,Texas_Plano,Technology,620.384,,
"03 July, 2017",United States,Plano,Texas_Plano,Technology,167.968,,
"29 March, 2014",United States,Plano,Texas_Plano,Furniture,890.841,,
"20 June, 2014",United States,Plano,Texas_Plano,Office Supplies,540.08,,
