Date,Country,City,State_City,Category,Consumer,Corporate,Home_Office
"30 November, 2015",United States,Las Vegas,Nevada_Las Vegas,Furniture,80.96,,
"12 December, 2015",United States,Las Vegas,Nevada_Las Vegas,Office Supplies,,130.28,
"21 November, 2015",United States,Las Vegas,Nevada_Las Vegas,Furniture,141.96,,
"20 May, 2017",United States,Las Vegas,Nevada_Las Vegas,Office Supplies,73.188,,
"30 June, 2017",United States,Las Vegas,Nevada_Las Vegas,Office Supplies,,,75.792
"20 May, 2017",United States,Las Vegas,Nevada_Las Vegas,Technology,1123.128,,
"20 September, 2015",United States,Las Vegas,Nevada_Las Vegas,Office Supplies,45.584,,
"23 January, 2014",United States,Las Vegas,Nevada_Las Vegas,Office Supplies,40.08,,
"19 November, 2015",United States,Las Vegas,Nevada_Las Vegas,Office Supplies,,31.08,
"30 November, 2015",United States,Las Vegas,Nevada_Las Vegas,Office Supplies,25.92,,
"21 November, 2015",United States,Las Vegas,Nevada_Las Vegas,Office Supplies,66.048,,
