Date,Country,City,State_City,Category,Consumer,Corporate,Home_Office
"08 September, 2017",United States,Hialeah,Florida_Hialeah,Office Supplies,,,61.68
"13 May, 2014",United States,Hialeah,Florida_Hialeah,Office Supplies,,,405.456
"25 December, 2017",United States,Hialeah,Florida_Hialeah,Furniture,21,,
"03 October, 2017",United States,Hialeah,Florida_Hialeah,Office Supplies,33.472,,
"16 December, 2014",United States,Hialeah,Florida_Hialeah,Furniture,,1013.832,
"24 November, 2016",United States,Hialeah,Florida_Hialeah,Furniture,,,339.92
"16 December, 2014",United States,Hialeah,Florida_Hialeah,Office Supplies,,1.984,
"08 September, 2017",United States,Hialeah,Florida_Hialeah,Technology,,,158.376
"22 November, 2015",United States,Hialeah,Florida_Hialeah,Technology,32.985,,
"07 July, 2016",United States,Hialeah,Florida_Hialeah,Office Supplies,,45.584,
"25 December, 2017",United States,Hialeah,Florida_Hialeah,Technology,120,,
"01 October, 2016",United States,Hialeah,Florida_Hialeah,Office Supplies,36.364,,
"15 October, 2014",United States,Hialeah,Florida_Hialeah,Furniture,15.384,,
"24 November, 2016",United States,Hialeah,Florida_Hialeah,Office Supplies,,,52.912
