Date,Country,City,State_City,Category,Consumer,Corporate,Home_Office
"28 June, 2016",United States,Paterson,New Jersey_Paterson,Office Supplies,353.9,,
"11 September, 2015",United States,Paterson,New Jersey_Paterson,Office Supplies,,,390.57
"11 September, 2015",United States,Paterson,New Jersey_Paterson,Furniture,,,8.92
"28 June, 2016",United States,Paterson,New Jersey_Paterson,Furniture,121.96,,
"04 December, 2017",United States,Paterson,New Jersey_Paterson,Furniture,498.15,,
"31 May, 2015",United States,Paterson,New Jersey_Paterson,Office Supplies,,336.98,
"11 December, 2017",United States,Paterson,New Jersey_Paterson,Office Supplies,,6.54,
"31 May, 2015",United States,Paterson,New Jersey_Paterson,Furniture,,8.28,
"21 December, 2017",United States,Paterson,New Jersey_Paterson,Office Supplies,235.94,,
"21 December, 2017",United States,Paterson,New Jersey_Paterson,Technology,281.97,,
