Date,Country,City,State_City,Category,Consumer,Corporate,Home_Office
"08 June, 2015",United States,Saint Petersburg,Florida_Saint Petersburg,Office Supplies,,764.4,
"02 February, 2014",United States,Saint Petersburg,Florida_Saint Petersburg,Technology,180.96,,
"12 June, 2017",United States,Saint Petersburg,Florida_Saint Petersburg,Furniture,17.088,,
"14 May, 2014",United States,Saint Petersburg,Florida_Saint Petersburg,Furniture,,310.88,
"02 February, 2014",United States,Saint Petersburg,Florida_Saint Petersburg,Office Supplies,18.336,,
"08 June, 2015",United States,Saint Petersburg,Florida_Saint Petersburg,Furniture,,173.208,
"05 September, 2014",United States,Saint Petersburg,Florida_Saint Petersburg,Furniture,31.984,,
"09 August, 2014",United States,Saint Petersburg,Florida_Saint Petersburg,Technology,,178.384,
"09 August, 2014",United States,Saint Petersburg,Florida_Saint Petersburg,Office Supplies,,15.552,
