Date,Country,City,State_City,Category,Consumer,Corporate,Home_Office
"26 February, 2017",United States,Santa Barbara,California_Santa Barbara,Office Supplies,356.79,,
"24 April, 2017",United States,Santa Barbara,California_Santa Barbara,Office Supplies,,,1.81
"06 December, 2015",United States,Santa Barbara,California_Santa Barbara,Office Supplies,,8.96,
"10 October, 2015",United States,Santa Barbara,California_Santa Barbara,Office Supplies,,31.05,
"06 June, 2016",United States,Santa Barbara,California_Santa Barbara,Technology,,,3528.488
"10 October, 2015",United States,Santa Barbara,California_Santa Barbara,Furniture,,362.136,
