Date,Country,City,State_City,Category,Consumer,Corporate,Home_Office
"25 November, 2014",United States,Brentwood,California_Brentwood,Office Supplies,,347.64,
"07 November, 2017",United States,Brentwood,California_Brentwood,Technology,,,821.514
"10 November, 2015",United States,Brentwood,California_Brentwood,Technology,79.9,,
"17 August, 2017",United States,Brentwood,California_Brentwood,Office Supplies,,3325.756,
"29 December, 2014",United States,Brentwood,California_Brentwood,Office Supplies,88.8,,
"29 December, 2014",United States,Brentwood,California_Brentwood,Technology,319.968,,
"17 August, 2017",United States,Brentwood,California_Brentwood,Technology,,71.976,
"06 December, 2017",United States,Brentwood,California_Brentwood,Office Supplies,,10.68,
"25 November, 2014",United States,Brentwood,California_Brentwood,Furniture,,23.88,
