Date,Country,City,State_City,Category,Consumer,Corporate,Home_Office
"12 December, 2016",United States,Lorain,Ohio_Lorain,Technology,,383.952,
"06 May, 2016",United States,Lorain,Ohio_Lorain,Furniture,,,54.712
"02 June, 2017",United States,Lorain,Ohio_Lorain,Office Supplies,,,27.44
"31 October, 2014",United States,Lorain,Ohio_Lorain,Furniture,,1421.664,
"12 December, 2016",United States,Lorain,Ohio_Lorain,Office Supplies,,18.693,
"01 January, 2017",United States,Lorain,Ohio_Lorain,Furniture,48.896,,
"06 May, 2016",United States,Lorain,Ohio_Lorain,Office Supplies,,,56.784
"02 June, 2017",United States,Lorain,Ohio_Lorain,Technology,,,2.97
