Date,Country,City,State_City,Category,Consumer,Corporate,Home_Office
"05 December, 2016",United States,Georgetown,Kentucky_Georgetown,Office Supplies,584.82,,
"05 December, 2016",United States,Georgetown,Kentucky_Georgetown,Technology,699.98,,
"11 September, 2017",United States,Georgetown,Kentucky_Georgetown,Office Supplies,209.88,,
"04 September, 2016",United States,Georgetown,Kentucky_Georgetown,Office Supplies,249.14,,
"04 September, 2016",United States,Georgetown,Kentucky_Georgetown,Furniture,42.6,,
