Date,Country,City,State_City,Category,Consumer,Corporate,Home_Office
"25 December, 2015",United States,Nashville,Tennessee_Nashville,Office Supplies,19.584,,
"14 August, 2016",United States,Nashville,Tennessee_Nashville,Office Supplies,15.552,,
"15 June, 2017",United States,Nashville,Tennessee_Nashville,Technology,,2479.912,
"20 September, 2015",United States,Nashville,Tennessee_Nashville,Office Supplies,1664.132,,
"29 May, 2016",United States,Nashville,Tennessee_Nashville,Office Supplies,15.725,,
"20 February, 2016",United States,Nashville,Tennessee_Nashville,Office Supplies,16.496,,
"16 April, 2016",United States,Nashville,Tennessee_Nashville,Technology,35.168,,
"05 December, 2015",United States,Nashville,Tennessee_Nashville,Furniture,,97.424,
"16 April, 2016",United States,Nashville,Tennessee_Nashville,Office Supplies,123.088,,
"15 June, 2017",United States,Nashville,Tennessee_Nashville,Furniture,,152.128,
"28 December, 2017",United States,Nashville,Tennessee_Nashville,Office Supplies,,,64.784
"04 December, 2017",United States,Nashville,Tennessee_Nashville,Technology,649,,
"15 June, 2017",United States,Nashville,Tennessee_Nashville,Office Supplies,,310.744,
"06 September, 2015",United States,Nashville,Tennessee_Nashville,Office Supplies,,7.24,
"07 September, 2017",United States,Nashville,Tennessee_Nashville,Office Supplies,,81.568,
"25 April, 2017",United States,Nashville,Tennessee_Nashville,Office Supplies,,,109.968
"29 May, 2016",United States,Nashville,Tennessee_Nashville,Furniture,44.76,,
"09 July, 2015",United States,Nashville,Tennessee_Nashville,Office Supplies,5.16,,
"19 March, 2016",United States,Nashville,Tennessee_Nashville,Office Supplies,,31.086,
"03 November, 2014",United States,Nashville,Tennessee_Nashville,Office Supplies,147.344,,
