Date,Country,City,State_City,Category,Consumer,Corporate,Home_Office
"11 April, 2017",United States,Burlington,North Carolina_Burlington,Office Supplies,22.744,,
"19 January, 2017",United States,Burlington,Vermont_Burlington,Office Supplies,637.18,,
"20 November, 2017",United States,Burlington,North Carolina_Burlington,Office Supplies,52.696,,
"07 November, 2015",United States,Burlington,Vermont_Burlington,Furniture,715.2,,
"19 October, 2017",United States,Burlington,North Carolina_Burlington,Office Supplies,,,1633.188
"08 November, 2015",United States,Burlington,Vermont_Burlington,Furniture,,4404.9,
"03 July, 2017",United States,Burlington,North Carolina_Burlington,Office Supplies,,9.552,
"26 December, 2017",United States,Burlington,Iowa_Burlington,Office Supplies,44.75,,
"23 January, 2016",United States,Burlington,Vermont_Burlington,Technology,,99.98,
"04 November, 2017",United States,Burlington,North Carolina_Burlington,Technology,,7999.98,
"05 December, 2017",United States,Burlington,Vermont_Burlington,Technology,,205.03,
"23 January, 2016",United States,Burlington,Vermont_Burlington,Office Supplies,,1572.33,
"30 November, 2017",United States,Burlington,North Carolina_Burlington,Technology,383.976,,
"30 November, 2017",United States,Burlington,North Carolina_Burlington,Furniture,1781.682,,
"15 November, 2016",United States,Burlington,North Carolina_Burlington,Furniture,,630.024,
"06 April, 2016",United States,Burlington,Vermont_Burlington,Technology,,,1294.75
"11 December, 2017",United States,Burlington,Iowa_Burlington,Office Supplies,,,12.68
"04 November, 2017",United States,Burlington,North Carolina_Burlington,Office Supplies,,167.44,
