Date,Country,City,State_City,Category,Consumer,Corporate,Home_Office
"17 May, 2016",United States,Waterbury,Connecticut_Waterbury,Office Supplies,79.79,,
"15 September, 2017",United States,Waterbury,Connecticut_Waterbury,Technology,,,59.98
"15 September, 2017",United States,Waterbury,Connecticut_Waterbury,Office Supplies,,,38.62
"17 June, 2016",United States,Waterbury,Connecticut_Waterbury,Technology,,566.97,
"10 April, 2017",United States,Waterbury,Connecticut_Waterbury,Technology,,,99.99
"10 April, 2017",United States,Waterbury,Connecticut_Waterbury,Office Supplies,,,286.15
"17 June, 2016",United States,Waterbury,Connecticut_Waterbury,Office Supplies,,17.8,
"20 January, 2017",United States,Waterbury,Connecticut_Waterbury,Office Supplies,3.52,,
"17 May, 2016",United States,Waterbury,Connecticut_Waterbury,Furniture,173.24,,
