Date,Country,City,State_City,Category,Consumer,Corporate,Home_Office
"18 October, 2015",United States,Mcallen,Texas_Mcallen,Office Supplies,,,73.164
"18 April, 2015",United States,Mcallen,Texas_Mcallen,Furniture,,56.686,
"18 October, 2015",United States,Mcallen,Texas_Mcallen,Technology,,,27.696
"18 April, 2015",United States,Mcallen,Texas_Mcallen,Office Supplies,,103.564,
"23 July, 2016",United States,Mcallen,Texas_Mcallen,Office Supplies,203.648,,
"18 April, 2015",United States,Mcallen,Texas_Mcallen,Technology,,384.16,
"18 May, 2017",United States,Mcallen,Texas_Mcallen,Office Supplies,,17.798,
