Date,Country,City,State_City,Category,Consumer,Corporate,Home_Office
"05 March, 2014",United States,Yonkers,New York_Yonkers,Office Supplies,225.592,,
"01 March, 2016",United States,Yonkers,New York_Yonkers,Office Supplies,389.3,,
"05 March, 2014",United States,Yonkers,New York_Yonkers,Technology,479.97,,
"01 March, 2016",United States,Yonkers,New York_Yonkers,Furniture,836.592,,
"01 March, 2016",United States,Yonkers,New York_Yonkers,Technology,4899.93,,
"27 July, 2017",United States,Yonkers,New York_Yonkers,Furniture,14.89,,
"13 November, 2017",United States,Yonkers,New York_Yonkers,Technology,,,163.96
"27 July, 2017",United States,Yonkers,New York_Yonkers,Technology,543.92,,
"16 November, 2017",United States,Yonkers,New York_Yonkers,Technology,,,52.44
"03 May, 2014",United States,Yonkers,New York_Yonkers,Office Supplies,51.072,,
