Date,Country,City,State_City,Category,Consumer,Corporate,Home_Office
"11 December, 2016",United States,Aurora,Colorado_Aurora,Office Supplies,243.384,,
"30 January, 2017",United States,Aurora,Illinois_Aurora,Furniture,69.375,,
"11 December, 2016",United States,Aurora,Colorado_Aurora,Technology,420.568,,
"25 April, 2015",United States,Aurora,Illinois_Aurora,Furniture,128.058,,
"29 December, 2016",United States,Aurora,Illinois_Aurora,Office Supplies,186.048,,
"07 July, 2016",United States,Aurora,Illinois_Aurora,Office Supplies,,26.32,
"11 September, 2015",United States,Aurora,Colorado_Aurora,Furniture,,24.64,
"11 December, 2017",United States,Aurora,Illinois_Aurora,Office Supplies,10.368,,
"09 October, 2017",United States,Aurora,Illinois_Aurora,Furniture,,719.095,
"13 November, 2015",United States,Aurora,Colorado_Aurora,Furniture,102.36,,
"30 January, 2017",United States,Aurora,Illinois_Aurora,Technology,2003.168,,
"28 September, 2017",United States,Aurora,Colorado_Aurora,Technology,,,54.384
"07 July, 2016",United States,Aurora,Illinois_Aurora,Furniture,,313.66,
"20 June, 2015",United States,Aurora,Colorado_Aurora,Technology,125.944,,
"07 June, 2014",United States,Aurora,Illinois_Aurora,Furniture,268.935,,
"19 September, 2016",United States,Aurora,Illinois_Aurora,Office Supplies,,,2.308
"13 November, 2015",United States,Aurora,Colorado_Aurora,Office Supplies,36.882,,
"15 August, 2016",United States,Aurora,Colorado_Aurora,Office Supplies,141.21,,
"14 January, 2017",United States,Aurora,Colorado_Aurora,Technology,,169.064,
"30 June, 2016",United States,Aurora,Illinois_Aurora,Technology,,,50.12
"29 November, 2016",United States,Aurora,Illinois_Aurora,Furniture,,,242.176
"28 September, 2017",United States,Aurora,Colorado_Aurora,Furniture,,,32.776
"03 September, 2016",United States,Aurora,Illinois_Aurora,Furniture,,,83.952
"10 May, 2015",United States,Aurora,Illinois_Aurora,Office Supplies,,,107.754
"14 July, 2014",United States,Aurora,Illinois_Aurora,Office Supplies,,,29.932
"20 November, 2015",United States,Aurora,Colorado_Aurora,Furniture,145.764,,
"28 September, 2015",United States,Aurora,Colorado_Aurora,Office Supplies,18.128,,
"22 April, 2016",United States,Aurora,Illinois_Aurora,Office Supplies,,,23.952
"11 December, 2017",United States,Aurora,Illinois_Aurora,Furniture,598.184,,
"14 January, 2017",United States,Aurora,Colorado_Aurora,Office Supplies,,168.624,
"25 April, 2015",United States,Aurora,Illinois_Aurora,Office Supplies,221.024,,
"13 October, 2016",United States,Aurora,Colorado_Aurora,Furniture,,752.41,
"14 July, 2014",United States,Aurora,Illinois_Aurora,Technology,,,38.272
"01 October, 2015",United States,Aurora,Colorado_Aurora,Office Supplies,,139.424,
"20 November, 2015",United States,Aurora,Colorado_Aurora,Office Supplies,14.508,,
"22 June, 2015",United States,Aurora,Illinois_Aurora,Furniture,,,796.425
"10 October, 2017",United States,Aurora,Illinois_Aurora,Furniture,239.358,,
"13 March, 2017",United States,Aurora,Illinois_Aurora,Technology,,7.992,
"30 January, 2017",United States,Aurora,Illinois_Aurora,Office Supplies,41.024,,
"13 November, 2015",United States,Aurora,Colorado_Aurora,Technology,238.896,,
"19 September, 2016",United States,Aurora,Illinois_Aurora,Furniture,,,701.372
"24 September, 2016",United States,Aurora,Colorado_Aurora,Office Supplies,,,511.056
"21 July, 2017",United States,Aurora,Illinois_Aurora,Office Supplies,,97.056,
"28 September, 2017",United States,Aurora,Colorado_Aurora,Office Supplies,,,448.104
"24 September, 2016",United States,Aurora,Colorado_Aurora,Furniture,,,21.44
"27 April, 2015",United States,Aurora,Colorado_Aurora,Office Supplies,,,49.4
"10 July, 2017",United States,Aurora,Illinois_Aurora,Office Supplies,,,298.464
"04 July, 2014",United States,Aurora,Colorado_Aurora,Office Supplies,,209.968,
"21 January, 2017",United States,Aurora,Illinois_Aurora,Office Supplies,268.576,,
"25 September, 2014",United States,Aurora,Colorado_Aurora,Office Supplies,,,14.576
