Date,Country,City,State_City,Category,Consumer,Corporate,Home_Office
"20 September, 2014",United States,Bloomington,Illinois_Bloomington,Furniture,617.7,,
"17 December, 2015",United States,Bloomington,Illinois_Bloomington,Office Supplies,193.136,,
"05 December, 2015",United States,Bloomington,Illinois_Bloomington,Office Supplies,12.224,,
"03 August, 2017",United States,Bloomington,Illinois_Bloomington,Technology,39.816,,
"12 April, 2014",United States,Bloomington,Indiana_Bloomington,Office Supplies,32.4,,
"17 December, 2015",United States,Bloomington,Illinois_Bloomington,Furniture,41.552,,
"22 October, 2015",United States,Bloomington,Illinois_Bloomington,Office Supplies,5.176,,
"02 November, 2017",United States,Bloomington,Illinois_Bloomington,Office Supplies,,54.336,
"24 September, 2016",United States,Bloomington,Indiana_Bloomington,Furniture,127.95,,
"03 March, 2016",United States,Bloomington,Indiana_Bloomington,Technology,134.85,,
"16 November, 2014",United States,Bloomington,Indiana_Bloomington,Office Supplies,,,308.6
