Date,Country,City,State_City,Category,Consumer,Corporate,Home_Office
"27 December, 2015",United States,Eau Claire,Wisconsin_Eau Claire,Technology,239.9,,
"17 December, 2017",United States,Eau Claire,Wisconsin_Eau Claire,Office Supplies,,32.56,
"27 December, 2015",United States,Eau Claire,Wisconsin_Eau Claire,Office Supplies,195.64,,
"17 May, 2014",United States,Eau Claire,Wisconsin_Eau Claire,Office Supplies,,,91.68
"08 December, 2016",United States,Eau Claire,Wisconsin_Eau Claire,Furniture,1085.87,,
