Date,Country,City,State_City,Category,Consumer,Corporate,Home_Office
"26 June, 2017",United States,La Porte,Indiana_La Porte,Furniture,526.45,,
"10 October, 2016",United States,La Porte,Texas_La Porte,Office Supplies,16.392,,
"12 November, 2016",United States,La Porte,Indiana_La Porte,Office Supplies,,383.14,
"10 October, 2016",United States,La Porte,Texas_La Porte,Furniture,14,,
"01 October, 2016",United States,La Porte,Indiana_La Porte,Technology,69.9,,
"01 October, 2016",United States,La Porte,Indiana_La Porte,Furniture,41.85,,
