Date,Country,City,State_City,Category,Consumer,Corporate,Home_Office
"19 December, 2015",United States,Omaha,Nebraska_Omaha,Office Supplies,,128.36,
"02 December, 2017",United States,Omaha,Nebraska_Omaha,Technology,2479.96,,
"13 September, 2016",United States,Omaha,Nebraska_Omaha,Furniture,1336.44,,
"13 September, 2016",United States,Omaha,Nebraska_Omaha,Office Supplies,858.37,,
"21 July, 2014",United States,Omaha,Nebraska_Omaha,Technology,35.98,,
"10 December, 2017",United States,Omaha,Nebraska_Omaha,Office Supplies,,,34.5
"17 April, 2016",United States,Omaha,Nebraska_Omaha,Office Supplies,,,29.05
"29 June, 2015",United States,Omaha,Nebraska_Omaha,Technology,,,269.98
"21 September, 2014",United States,Omaha,Nebraska_Omaha,Office Supplies,,68.71,
"03 February, 2015",United States,Omaha,Nebraska_Omaha,Technology,149.97,,
"27 June, 2017",United States,Omaha,Nebraska_Omaha,Office Supplies,20.07,,
"03 February, 2015",United States,Omaha,Nebraska_Omaha,Furniture,28.4,,
"03 November, 2014",United States,Omaha,Nebraska_Omaha,Technology,,89.97,
"18 December, 2016",United States,Omaha,Nebraska_Omaha,Furniture,,,563.94
"29 May, 2017",United States,Omaha,Nebraska_Omaha,Office Supplies,,,23.55
"06 October, 2014",United States,Omaha,Nebraska_Omaha,Office Supplies,,15.36,
"13 September, 2016",United States,Omaha,Nebraska_Omaha,Technology,179.92,,
