Date,Country,City,State_City,Category,Consumer,Corporate,Home_Office
"27 November, 2014",United States,Buffalo,New York_Buffalo,Furniture,,199.9,
"05 June, 2015",United States,Buffalo,New York_Buffalo,Furniture,,1522.638,
"08 July, 2014",United States,Buffalo,New York_Buffalo,Furniture,63.882,,
"13 November, 2017",United States,Buffalo,New York_Buffalo,Technology,,43.6,
"31 October, 2015",United States,Buffalo,New York_Buffalo,Office Supplies,82.74,,
"17 November, 2014",United States,Buffalo,New York_Buffalo,Furniture,4007.84,,
"23 June, 2016",United States,Buffalo,New York_Buffalo,Office Supplies,835.17,,
"13 November, 2017",United States,Buffalo,New York_Buffalo,Furniture,,154.95,
"17 November, 2014",United States,Buffalo,New York_Buffalo,Office Supplies,2152.776,,
