Date,Country,City,State_City,Category,Consumer,Corporate,Home_Office
"24 May, 2015",United States,Naperville,Illinois_Naperville,Office Supplies,7.656,,
"17 November, 2017",United States,Naperville,Illinois_Naperville,Technology,239.96,,
"24 May, 2015",United States,Naperville,Illinois_Naperville,Furniture,602.651,,
"10 September, 2017",United States,Naperville,Illinois_Naperville,Technology,,147.168,
"04 January, 2014",United States,Naperville,Illinois_Naperville,Office Supplies,,,288.06
"20 September, 2015",United States,Naperville,Illinois_Naperville,Office Supplies,2.808,,
