Date,Country,City,State_City,Category,Consumer,Corporate,Home_Office
"04 December, 2017",United States,Fairfield,Ohio_Fairfield,Office Supplies,74.352,,
"30 December, 2017",United States,Fairfield,California_Fairfield,Office Supplies,,34.624,
"28 March, 2017",United States,Fairfield,California_Fairfield,Office Supplies,,855.2,
"12 September, 2014",United States,Fairfield,Ohio_Fairfield,Office Supplies,63.924,,
"12 July, 2017",United States,Fairfield,Ohio_Fairfield,Office Supplies,3.816,,
"21 October, 2014",United States,Fairfield,Ohio_Fairfield,Office Supplies,121.792,,
"30 September, 2014",United States,Fairfield,Ohio_Fairfield,Office Supplies,,795.408,
"16 February, 2017",United States,Fairfield,Connecticut_Fairfield,Technology,,14.99,
"18 November, 2014",United States,Fairfield,Ohio_Fairfield,Technology,9.588,,
"15 August, 2014",United States,Fairfield,Connecticut_Fairfield,Office Supplies,62.94,,
"01 December, 2016",United States,Fairfield,Connecticut_Fairfield,Furniture,751.92,,
"25 December, 2017",United States,Fairfield,Ohio_Fairfield,Office Supplies,52.335,,
"28 November, 2016",United States,Fairfield,Connecticut_Fairfield,Office Supplies,7.16,,
"01 December, 2017",United States,Fairfield,Connecticut_Fairfield,Office Supplies,,,19.44
"03 November, 2014",United States,Fairfield,Connecticut_Fairfield,Office Supplies,11.64,,
"15 October, 2017",United States,Fairfield,Connecticut_Fairfield,Office Supplies,,13.05,
"13 March, 2017",United States,Fairfield,Connecticut_Fairfield,Office Supplies,523.16,,
"23 September, 2016",United States,Fairfield,Ohio_Fairfield,Office Supplies,,4.912,
"10 December, 2017",United States,Fairfield,Connecticut_Fairfield,Office Supplies,437.65,,
"21 October, 2014",United States,Fairfield,Ohio_Fairfield,Furniture,409.59,,
"28 March, 2017",United States,Fairfield,California_Fairfield,Technology,,532.72,
"01 December, 2016",United States,Fairfield,Connecticut_Fairfield,Office Supplies,88.08,,
"14 November, 2014",United States,Fairfield,Connecticut_Fairfield,Technology,832.93,,
"25 December, 2017",United States,Fairfield,Ohio_Fairfield,Furniture,273.06,,
"06 June, 2016",United States,Fairfield,Ohio_Fairfield,Furniture,548.96,,
"16 February, 2017",United States,Fairfield,Connecticut_Fairfield,Office Supplies,,579.51,
"14 November, 2014",United States,Fairfield,Connecticut_Fairfield,Office Supplies,43.8,,
"25 December, 2017",United States,Fairfield,Ohio_Fairfield,Technology,158.928,,
"03 August, 2017",United States,Fairfield,Ohio_Fairfield,Office Supplies,16.52,,
"28 March, 2017",United States,Fairfield,California_Fairfield,Furniture,,48.04,
"23 September, 2016",United States,Fairfield,Ohio_Fairfield,Furniture,,532.704,
"28 August, 2015",United States,Fairfield,Connecticut_Fairfield,Office Supplies,,470.36,
"01 December, 2017",United States,Fairfield,Connecticut_Fairfield,Furniture,,,897.15
"18 November, 2014",United States,Fairfield,Ohio_Fairfield,Office Supplies,11.808,,
"15 January, 2016",United States,Fairfield,Connecticut_Fairfield,Furniture,181.797,,
