Date,Country,City,State_City,Category,Consumer,Corporate,Home_Office
"28 October, 2016",United States,Boynton Beach,Florida_Boynton Beach,Office Supplies,37.425,,
"04 September, 2017",United States,Boynton Beach,Florida_Boynton Beach,Office Supplies,10.368,,
"04 September, 2017",United States,Boynton Beach,Florida_Boynton Beach,Furniture,97.184,,
"30 April, 2017",United States,Boynton Beach,Florida_Boynton Beach,Office Supplies,,,32.088
"30 September, 2014",United States,Boynton Beach,Florida_Boynton Beach,Office Supplies,15.552,,
"28 October, 2016",United States,Boynton Beach,Florida_Boynton Beach,Furniture,276.968,,
