Date,Country,City,State_City,Category,Consumer,Corporate,Home_Office
"07 September, 2017",United States,Phoenix,Arizona_Phoenix,Office Supplies,,,7.857
"28 May, 2017",United States,Phoenix,Arizona_Phoenix,Technology,,467.928,
"16 August, 2015",United States,Phoenix,Arizona_Phoenix,Technology,1879.96,,
"28 May, 2017",United States,Phoenix,Arizona_Phoenix,Office Supplies,,15.552,
"19 September, 2017",United States,Phoenix,Arizona_Phoenix,Technology,561.504,,
"11 May, 2017",United States,Phoenix,Arizona_Phoenix,Furniture,,209.979,
"13 December, 2014",United States,Phoenix,Arizona_Phoenix,Furniture,,87.96,
"23 May, 2015",United States,Phoenix,Arizona_Phoenix,Office Supplies,140.986,,
"27 November, 2016",United States,Phoenix,Arizona_Phoenix,Office Supplies,39.808,,
"19 July, 2015",United States,Phoenix,Arizona_Phoenix,Office Supplies,2.025,,
"18 July, 2016",United States,Phoenix,Arizona_Phoenix,Technology,55.992,,
"09 October, 2016",United States,Phoenix,Arizona_Phoenix,Furniture,,,169.568
"09 August, 2014",United States,Phoenix,Arizona_Phoenix,Office Supplies,13.809,,
"25 September, 2016",United States,Phoenix,Arizona_Phoenix,Furniture,393.165,,
"21 November, 2015",United States,Phoenix,Arizona_Phoenix,Technology,,23.344,
"18 July, 2017",United States,Phoenix,Arizona_Phoenix,Office Supplies,23.752,,
"11 May, 2015",United States,Phoenix,Arizona_Phoenix,Furniture,,,191.968
"15 May, 2017",United States,Phoenix,Arizona_Phoenix,Office Supplies,20.304,,
"27 December, 2014",United States,Phoenix,Arizona_Phoenix,Office Supplies,946.764,,
"30 December, 2014",United States,Phoenix,Arizona_Phoenix,Office Supplies,,551.985,
"24 December, 2015",United States,Phoenix,Arizona_Phoenix,Office Supplies,106.232,,
"15 May, 2017",United States,Phoenix,Arizona_Phoenix,Technology,29.592,,
"09 October, 2016",United States,Phoenix,Arizona_Phoenix,Office Supplies,,,1.408
"05 November, 2017",United States,Phoenix,Arizona_Phoenix,Office Supplies,246.38,,
"21 November, 2015",United States,Phoenix,Arizona_Phoenix,Office Supplies,,342.152,
"16 August, 2015",United States,Phoenix,Arizona_Phoenix,Office Supplies,320.368,,
"13 December, 2014",United States,Phoenix,Arizona_Phoenix,Office Supplies,,5.214,
"09 December, 2017",United States,Phoenix,Arizona_Phoenix,Office Supplies,,432.405,
"22 April, 2016",United States,Phoenix,Arizona_Phoenix,Office Supplies,,,292.133
"02 October, 2016",United States,Phoenix,Arizona_Phoenix,Office Supplies,54.792,,
"14 July, 2014",United States,Phoenix,Arizona_Phoenix,Office Supplies,55.92,,
"22 April, 2016",United States,Phoenix,Arizona_Phoenix,Furniture,,,1296.19
"24 December, 2015",United States,Phoenix,Arizona_Phoenix,Furniture,7.712,,
"22 June, 2014",United States,Phoenix,Arizona_Phoenix,Office Supplies,8.226,,
"25 December, 2016",United States,Phoenix,Arizona_Phoenix,Furniture,,83.413,
"11 September, 2016",United States,Phoenix,Arizona_Phoenix,Office Supplies,,33.216,
"19 September, 2017",United States,Phoenix,Arizona_Phoenix,Office Supplies,30.804,,
"18 July, 2017",United States,Phoenix,Arizona_Phoenix,Furniture,1275.144,,
"24 December, 2015",United States,Phoenix,Arizona_Phoenix,Technology,111.984,,
"25 December, 2016",United States,Phoenix,Arizona_Phoenix,Technology,,415.89,
"10 October, 2014",United States,Phoenix,Arizona_Phoenix,Furniture,,,46.872
