Date,Country,City,State_City,Category,Consumer,Corporate,Home_Office
"18 May, 2017",United States,Sandy Springs,Georgia_Sandy Springs,Technology,,90.73,
"18 May, 2017",United States,Sandy Springs,Georgia_Sandy Springs,Office Supplies,,131.18,
"02 December, 2014",United States,Sandy Springs,Georgia_Sandy Springs,Office Supplies,,15.24,
"02 December, 2014",United States,Sandy Springs,Georgia_Sandy Springs,Technology,,5.95,
"18 May, 2017",United States,Sandy Springs,Georgia_Sandy Springs,Furniture,,302.94,
"30 June, 2016",United States,Sandy Springs,Georgia_Sandy Springs,Furniture,1266.86,,
"30 June, 2016",United States,Sandy Springs,Georgia_Sandy Springs,Office Supplies,35.97,,
"24 September, 2017",United States,Sandy Springs,Georgia_Sandy Springs,Technology,,,89.9
"24 September, 2017",United States,Sandy Springs,Georgia_Sandy Springs,Office Supplies,,,58.26
