Date,Country,City,State_City,Category,Consumer,Corporate,Home_Office
"24 July, 2017",United States,Huntington Beach,California_Huntington Beach,Technology,,2399.96,
"14 March, 2014",United States,Huntington Beach,California_Huntington Beach,Office Supplies,,13.94,
"01 September, 2016",United States,Huntington Beach,California_Huntington Beach,Office Supplies,,,12.78
"24 June, 2017",United States,Huntington Beach,California_Huntington Beach,Office Supplies,95.92,,
"16 November, 2014",United States,Huntington Beach,California_Huntington Beach,Office Supplies,,5.22,
