Date,Country,City,State_City,Category,Consumer,Corporate,Home_Office
"07 July, 2016",United States,Orem,Utah_Orem,Office Supplies,58.94,,
"02 June, 2014",United States,Orem,Utah_Orem,Office Supplies,,,59.808
"02 June, 2014",United States,Orem,Utah_Orem,Furniture,,,73.32
"31 May, 2015",United States,Orem,Utah_Orem,Office Supplies,338.85,,
"25 September, 2015",United States,Orem,Utah_Orem,Furniture,1044.63,,
"15 October, 2017",United States,Orem,Utah_Orem,Office Supplies,,11.68,
"31 May, 2015",United States,Orem,Utah_Orem,Furniture,1406.86,,
