Date,Country,City,State_City,Category,Consumer,Corporate,Home_Office
"30 August, 2014",United States,Bristol,Connecticut_Bristol,Office Supplies,121.24,,
"03 September, 2015",United States,Bristol,Connecticut_Bristol,Technology,,100.49,
"05 April, 2015",United States,Bristol,Tennessee_Bristol,Office Supplies,,157.794,
"19 July, 2014",United States,Bristol,Connecticut_Bristol,Technology,,359.98,
"29 December, 2016",United States,Bristol,Tennessee_Bristol,Office Supplies,,40.896,
"03 September, 2015",United States,Bristol,Connecticut_Bristol,Office Supplies,,137.62,
"19 July, 2014",United States,Bristol,Connecticut_Bristol,Furniture,,70.56,
"08 June, 2014",United States,Bristol,Tennessee_Bristol,Furniture,,170.352,
"19 July, 2014",United States,Bristol,Connecticut_Bristol,Office Supplies,,24.69,
"10 September, 2016",United States,Bristol,Tennessee_Bristol,Office Supplies,,,67.56
