Date,Country,City,State_City,Category,Consumer,Corporate,Home_Office
"21 March, 2014",United States,Asheville,North Carolina_Asheville,Office Supplies,,16.272,
"12 November, 2014",United States,Asheville,North Carolina_Asheville,Office Supplies,,7.872,
"13 September, 2017",United States,Asheville,North Carolina_Asheville,Office Supplies,15.92,,
"24 November, 2017",United States,Asheville,North Carolina_Asheville,Office Supplies,,19.008,
"20 May, 2016",United States,Asheville,North Carolina_Asheville,Technology,1363.96,,
"27 November, 2017",United States,Asheville,North Carolina_Asheville,Office Supplies,52.344,,
