Date,Country,City,State_City,Category,Consumer,Corporate,Home_Office
"02 September, 2016",United States,Des Moines,Washington_Des Moines,Office Supplies,65.94,,
"18 September, 2015",United States,Des Moines,Washington_Des Moines,Office Supplies,,,18.54
"07 March, 2014",United States,Des Moines,Washington_Des Moines,Office Supplies,,,107.648
"30 January, 2017",United States,Des Moines,Iowa_Des Moines,Technology,,207,
"28 March, 2014",United States,Des Moines,Iowa_Des Moines,Office Supplies,6.12,,
"02 September, 2016",United States,Des Moines,Washington_Des Moines,Technology,999.98,,
"21 November, 2016",United States,Des Moines,Iowa_Des Moines,Office Supplies,,40.46,
"14 September, 2015",United States,Des Moines,Iowa_Des Moines,Office Supplies,,,25.9
"21 September, 2014",United States,Des Moines,Washington_Des Moines,Technology,2046.354,,
"02 September, 2016",United States,Des Moines,Washington_Des Moines,Furniture,215.976,,
"30 January, 2017",United States,Des Moines,Iowa_Des Moines,Office Supplies,,98.64,
"12 August, 2016",United States,Des Moines,Iowa_Des Moines,Office Supplies,6.48,,
"28 March, 2014",United States,Des Moines,Iowa_Des Moines,Furniture,1184.72,,
"21 November, 2016",United States,Des Moines,Iowa_Des Moines,Technology,,404.94,
"30 January, 2017",United States,Des Moines,Iowa_Des Moines,Furniture,,34.58,
