Date,Country,City,State_City,Category,Consumer,Corporate,Home_Office
"14 October, 2017",United States,Oakland,California_Oakland,Furniture,9.46,,
"21 August, 2017",United States,Oakland,California_Oakland,Office Supplies,389.534,,
"21 August, 2017",United States,Oakland,California_Oakland,Furniture,698.648,,
"15 August, 2015",United States,Oakland,California_Oakland,Furniture,104.23,,
"12 December, 2014",United States,Oakland,California_Oakland,Office Supplies,8.94,,
"02 December, 2017",United States,Oakland,California_Oakland,Furniture,,1159.056,
"21 August, 2017",United States,Oakland,California_Oakland,Technology,431.968,,
"12 December, 2014",United States,Oakland,California_Oakland,Furniture,21.78,,
"02 December, 2017",United States,Oakland,California_Oakland,Technology,,39.992,
"07 January, 2016",United States,Oakland,California_Oakland,Office Supplies,,,34.58
"15 August, 2016",United States,Oakland,California_Oakland,Office Supplies,,3.15,
"20 November, 2015",United States,Oakland,California_Oakland,Technology,72.744,,
"15 August, 2016",United States,Oakland,California_Oakland,Technology,,71.976,
"09 November, 2016",United States,Oakland,California_Oakland,Technology,479.97,,
"21 December, 2017",United States,Oakland,California_Oakland,Office Supplies,,1000.02,
"02 December, 2017",United States,Oakland,California_Oakland,Office Supplies,,179.9,
"15 August, 2015",United States,Oakland,California_Oakland,Office Supplies,70.26,,
"04 September, 2017",United States,Oakland,California_Oakland,Office Supplies,,11.808,
"13 May, 2014",United States,Oakland,California_Oakland,Technology,149.97,,
"20 November, 2015",United States,Oakland,California_Oakland,Furniture,572.16,,
"24 October, 2015",United States,Oakland,California_Oakland,Furniture,,,454.272
