Date,Country,City,State_City,Category,Consumer,Corporate,Home_Office
"20 June, 2017",United States,Belleville,New Jersey_Belleville,Technology,239.97,,
"28 October, 2016",United States,Belleville,New Jersey_Belleville,Office Supplies,,1186.07,
"20 June, 2017",United States,Belleville,New Jersey_Belleville,Office Supplies,9.82,,
"16 February, 2016",United States,Belleville,New Jersey_Belleville,Furniture,227.96,,
"06 October, 2017",United States,Belleville,New Jersey_Belleville,Office Supplies,150.18,,
"28 October, 2016",United States,Belleville,New Jersey_Belleville,Furniture,,77.6,
