Date,Country,City,State_City,Category,Consumer,Corporate,Home_Office
"31 July, 2015",United States,Hattiesburg,Mississippi_Hattiesburg,Technology,,239.7,
"07 December, 2017",United States,Hattiesburg,Mississippi_Hattiesburg,Technology,52,,
"19 July, 2016",United States,Hattiesburg,Mississippi_Hattiesburg,Office Supplies,420.02,,
"07 December, 2017",United States,Hattiesburg,Mississippi_Hattiesburg,Office Supplies,320.64,,
"19 July, 2016",United States,Hattiesburg,Mississippi_Hattiesburg,Furniture,690.48,,
