Date,Country,City,State_City,Category,Consumer,Corporate,Home_Office
"18 April, 2016",United States,Houston,Texas_Houston,Office Supplies,,1554.936,
"19 March, 2015",United States,Houston,Texas_Houston,Office Supplies,,,65.584
"02 September, 2016",United States,Houston,Texas_Houston,Office Supplies,,,8.608
"17 September, 2017",United States,Houston,Texas_Houston,Technology,,,1415.76
"30 May, 2016",United States,Houston,Texas_Houston,Technology,303.92,,
"01 December, 2015",United States,Houston,Texas_Houston,Furniture,6.688,,
"26 December, 2015",United States,Houston,Texas_Houston,Furniture,,,275.058
"26 June, 2015",United States,Houston,Texas_Houston,Technology,971.88,,
"20 October, 2016",United States,Houston,Texas_Houston,Furniture,56.686,,
"25 September, 2014",United States,Houston,Texas_Houston,Office Supplies,,,39.78
"16 July, 2016",United States,Houston,Texas_Houston,Furniture,,9.552,
"01 March, 2014",United States,Houston,Texas_Houston,Furniture,376.509,,
"30 July, 2016",United States,Houston,Texas_Houston,Office Supplies,,,9.264
"23 July, 2016",United States,Houston,Texas_Houston,Technology,115.136,,
"12 June, 2016",United States,Houston,Texas_Houston,Office Supplies,,,160.26
"21 April, 2017",United States,Houston,Texas_Houston,Office Supplies,102.892,20.736,
"08 December, 2014",United States,Houston,Texas_Houston,Office Supplies,,60.416,
"09 February, 2017",United States,Houston,Texas_Houston,Furniture,3.984,,
"05 September, 2016",United States,Houston,Texas_Houston,Office Supplies,,52.096,91.23
"27 March, 2017",United States,Houston,Texas_Houston,Furniture,1835.136,,
"17 February, 2017",United States,Houston,Texas_Houston,Furniture,,,89.0664
"08 February, 2016",United States,Houston,Texas_Houston,Furniture,,241.5,
"03 September, 2014",United States,Houston,Texas_Houston,Office Supplies,,,7.68
"18 April, 2016",United States,Houston,Texas_Houston,Furniture,,472.252,
"23 November, 2014",United States,Houston,Texas_Houston,Office Supplies,,,23.68
"08 September, 2014",United States,Houston,Texas_Houston,Office Supplies,200.016,,
"23 March, 2015",United States,Houston,Texas_Houston,Furniture,107.772,,
"24 June, 2016",United States,Houston,Texas_Houston,Office Supplies,,8.712,
"21 March, 2016",United States,Houston,Texas_Houston,Office Supplies,,1.344,
"28 November, 2014",United States,Houston,Texas_Houston,Technology,998.85,,
"24 October, 2015",United States,Houston,Texas_Houston,Furniture,,347.361,
"08 December, 2015",United States,Houston,Texas_Houston,Technology,,,119.96
"31 March, 2015",United States,Houston,Texas_Houston,Office Supplies,,98.376,
"10 November, 2016",United States,Houston,Texas_Houston,Technology,279.944,,
"04 November, 2016",United States,Houston,Texas_Houston,Furniture,77.488,,
"30 January, 2015",United States,Houston,Texas_Houston,Office Supplies,14.304,,
"01 March, 2014",United States,Houston,Texas_Houston,Office Supplies,137.352,,
"22 August, 2016",United States,Houston,Texas_Houston,Office Supplies,4.312,,
"20 April, 2014",United States,Houston,Texas_Houston,Furniture,1145.69,,
"04 May, 2015",United States,Houston,Texas_Houston,Technology,,946.344,
"06 February, 2015",United States,Houston,Texas_Houston,Office Supplies,673.686,,
"04 September, 2015",United States,Houston,Texas_Houston,Technology,,134.376,
"04 March, 2017",United States,Houston,Texas_Houston,Office Supplies,89.568,,11.184
"18 March, 2017",United States,Houston,Texas_Houston,Technology,537.544,,
"02 December, 2016",United States,Houston,Texas_Houston,Furniture,,781.864,
"15 November, 2014",United States,Houston,Texas_Houston,Office Supplies,604.656,,
"27 December, 2015",United States,Houston,Texas_Houston,Technology,,,371.168
"12 May, 2017",United States,Houston,Texas_Houston,Office Supplies,,162.16,
"06 April, 2015",United States,Houston,Texas_Houston,Office Supplies,66.564,,
"13 November, 2017",United States,Houston,Texas_Houston,Office Supplies,,,9.324
"02 September, 2014",United States,Houston,Texas_Houston,Technology,,559.71,
"05 August, 2017",United States,Houston,Texas_Houston,Office Supplies,,,151.056
"19 October, 2017",United States,Houston,Texas_Houston,Technology,16.68,,
"02 December, 2017",United States,Houston,Texas_Houston,Office Supplies,294.62,12.16,
"19 November, 2016",United States,Houston,Texas_Houston,Technology,71.96,,
"02 May, 2016",United States,Houston,Texas_Houston,Office Supplies,86.352,,
"26 November, 2014",United States,Houston,Texas_Houston,Furniture,19.3,,
"19 November, 2017",United States,Houston,Texas_Houston,Office Supplies,1538.228,,
"25 April, 2014",United States,Houston,Texas_Houston,Office Supplies,,,16.608
"17 September, 2017",United States,Houston,Texas_Houston,Furniture,,,318.43
"11 December, 2015",United States,Houston,Texas_Houston,Office Supplies,46.344,,
"19 March, 2015",United States,Houston,Texas_Houston,Furniture,,,383.4656
"02 April, 2015",United States,Houston,Texas_Houston,Office Supplies,,9.156,
"14 May, 2017",United States,Houston,Texas_Houston,Furniture,899.43,,
"22 December, 2017",United States,Houston,Texas_Houston,Office Supplies,108.13,,
"05 July, 2014",United States,Houston,Texas_Houston,Office Supplies,502.2,,
"07 November, 2014",United States,Houston,Texas_Houston,Furniture,683.144,,
"14 November, 2017",United States,Houston,Texas_Houston,Office Supplies,21.99,,
"28 April, 2015",United States,Houston,Texas_Houston,Office Supplies,44.66,,
"07 November, 2015",United States,Houston,Texas_Houston,Technology,287.91,,
"23 December, 2016",United States,Houston,Texas_Houston,Technology,,873.336,
"13 November, 2015",United States,Houston,Texas_Houston,Furniture,613.9992,,
"06 August, 2015",United States,Houston,Texas_Houston,Furniture,,369.1992,
"08 April, 2016",United States,Houston,Texas_Houston,Office Supplies,1088.792,,
"17 September, 2017",United States,Houston,Texas_Houston,Office Supplies,,,15.712
"28 October, 2017",United States,Houston,Texas_Houston,Technology,50.176,,
"28 October, 2017",United States,Houston,Texas_Houston,Office Supplies,15.552,,
"12 November, 2014",United States,Houston,Texas_Houston,Technology,,79.512,
"20 November, 2016",United States,Houston,Texas_Houston,Technology,151.192,122.92,
"08 September, 2016",United States,Houston,Texas_Houston,Technology,57.584,,
"27 August, 2016",United States,Houston,Texas_Houston,Office Supplies,,94.08,
"21 May, 2014",United States,Houston,Texas_Houston,Office Supplies,79.136,,
"17 August, 2014",United States,Houston,Texas_Houston,Office Supplies,,15.552,
"26 March, 2017",United States,Houston,Texas_Houston,Office Supplies,,193.752,
"08 September, 2016",United States,Houston,Texas_Houston,Office Supplies,167.088,,
"11 September, 2017",United States,Houston,Texas_Houston,Furniture,512.19,,
"08 September, 2014",United States,Houston,Texas_Houston,Furniture,966.7,,
"25 November, 2017",United States,Houston,Texas_Houston,Technology,299.96,,
"20 April, 2015",United States,Houston,Texas_Houston,Office Supplies,117.456,,
"08 September, 2016",United States,Houston,Texas_Houston,Furniture,2396.2656,,
"07 November, 2014",United States,Houston,Texas_Houston,Office Supplies,42.188,100.398,
"07 November, 2015",United States,Houston,Texas_Houston,Office Supplies,394.772,,
"23 May, 2017",United States,Houston,Texas_Houston,Office Supplies,70.148,,
"02 December, 2016",United States,Houston,Texas_Houston,Office Supplies,,30.816,
"06 September, 2016",United States,Houston,Texas_Houston,Office Supplies,10.784,,
"19 June, 2015",United States,Houston,Texas_Houston,Office Supplies,,,228.92
"23 October, 2015",United States,Houston,Texas_Houston,Technology,150.384,,
"12 May, 2015",United States,Houston,Texas_Houston,Technology,619.152,,
"09 May, 2016",United States,Houston,Texas_Houston,Technology,19.136,,
"21 May, 2014",United States,Houston,Texas_Houston,Furniture,107.772,,
"24 October, 2016",United States,Houston,Texas_Houston,Office Supplies,,15.552,
"26 April, 2015",United States,Houston,Texas_Houston,Furniture,408.422,,
"17 October, 2014",United States,Houston,Texas_Houston,Furniture,5.312,,
"06 August, 2015",United States,Houston,Texas_Houston,Office Supplies,,125.67,
"24 April, 2016",United States,Houston,Texas_Houston,Technology,,,258.696
"01 September, 2014",United States,Houston,Texas_Houston,Office Supplies,34.752,,
"22 November, 2016",United States,Houston,Texas_Houston,Office Supplies,36.408,,
"15 September, 2017",United States,Houston,Texas_Houston,Office Supplies,31.744,31.872,
"17 August, 2017",United States,Houston,Texas_Houston,Furniture,,,91.376
"07 September, 2014",United States,Houston,Texas_Houston,Furniture,,,200.795
"25 November, 2017",United States,Houston,Texas_Houston,Furniture,853.93,,
"04 May, 2014",United States,Houston,Texas_Houston,Office Supplies,43.312,,
"14 July, 2016",United States,Houston,Texas_Houston,Technology,419.944,,
"24 November, 2017",United States,Houston,Texas_Houston,Office Supplies,10.824,,
"06 June, 2014",United States,Houston,Texas_Houston,Office Supplies,,,100.24
"14 May, 2017",United States,Houston,Texas_Houston,Office Supplies,171.016,,
"05 November, 2016",United States,Houston,Texas_Houston,Technology,171.96,,
"08 November, 2015",United States,Houston,Texas_Houston,Office Supplies,10.476,,
"25 June, 2016",United States,Houston,Texas_Houston,Furniture,117.958,,
"12 November, 2015",United States,Houston,Texas_Houston,Office Supplies,,304.224,
"08 October, 2015",United States,Houston,Texas_Houston,Office Supplies,3.44,,
"02 May, 2015",United States,Houston,Texas_Houston,Office Supplies,,8.856,
"03 July, 2017",United States,Houston,Texas_Houston,Technology,,597.132,
"17 July, 2015",United States,Houston,Texas_Houston,Office Supplies,,20.696,
"02 June, 2017",United States,Houston,Texas_Houston,Office Supplies,10.688,,
"11 September, 2017",United States,Houston,Texas_Houston,Office Supplies,11.828,,
"17 February, 2017",United States,Houston,Texas_Houston,Technology,,,438.336
"23 December, 2016",United States,Houston,Texas_Houston,Office Supplies,,45.36,
"31 March, 2015",United States,Houston,Texas_Houston,Furniture,,22.38,
"11 November, 2014",United States,Houston,Texas_Houston,Technology,389.656,,
"24 October, 2015",United States,Houston,Texas_Houston,Office Supplies,,25.92,
"22 November, 2016",United States,Houston,Texas_Houston,Technology,24.032,,
"22 March, 2015",United States,Houston,Texas_Houston,Office Supplies,143.68,,
"12 November, 2014",United States,Houston,Texas_Houston,Furniture,,67.9932,
"05 November, 2016",United States,Houston,Texas_Houston,Office Supplies,16.152,,
"11 September, 2016",United States,Houston,Texas_Houston,Office Supplies,99.568,,
"26 March, 2017",United States,Houston,Texas_Houston,Technology,,2543.92,
"17 May, 2015",United States,Houston,Texas_Houston,Office Supplies,,47.368,
"20 December, 2015",United States,Houston,Texas_Houston,Technology,,,100.8
"12 September, 2014",United States,Houston,Texas_Houston,Office Supplies,5.18,,
"11 December, 2015",United States,Houston,Texas_Houston,Technology,159.984,,
"02 July, 2017",United States,Houston,Texas_Houston,Office Supplies,,,169.192
"04 March, 2017",United States,Houston,Texas_Houston,Furniture,,,103.5
"05 March, 2015",United States,Houston,Texas_Houston,Technology,31.92,,
"06 November, 2017",United States,Houston,Texas_Houston,Office Supplies,1.248,,
"14 May, 2017",United States,Houston,Texas_Houston,Technology,7.992,,
"18 April, 2014",United States,Houston,Texas_Houston,Office Supplies,152.04,,
"06 February, 2015",United States,Houston,Texas_Houston,Technology,18.528,,
"07 November, 2015",United States,Houston,Texas_Houston,Furniture,64.96,,
"21 April, 2017",United States,Houston,Texas_Houston,Technology,,47.976,
"09 February, 2017",United States,Houston,Texas_Houston,Technology,127.984,,
"27 December, 2015",United States,Houston,Texas_Houston,Office Supplies,,,113.328
"02 July, 2015",United States,Houston,Texas_Houston,Office Supplies,32.784,,
"06 December, 2014",United States,Houston,Texas_Houston,Furniture,23.976,,
"25 July, 2016",United States,Houston,Texas_Houston,Office Supplies,,15.712,20.936
"13 July, 2015",United States,Houston,Texas_Houston,Office Supplies,,,41.568
"25 May, 2017",United States,Houston,Texas_Houston,Office Supplies,50.136,,
"01 March, 2015",United States,Houston,Texas_Houston,Office Supplies,,55.328,
"18 April, 2014",United States,Houston,Texas_Houston,Furniture,317.058,,
"25 June, 2015",United States,Houston,Texas_Houston,Office Supplies,53.544,,
"11 November, 2014",United States,Houston,Texas_Houston,Office Supplies,1249.84,,
"23 December, 2016",United States,Houston,Texas_Houston,Furniture,,2.328,
"07 September, 2014",United States,Houston,Texas_Houston,Technology,,,243.464
"02 February, 2016",United States,Houston,Texas_Houston,Furniture,,73.784,
"03 July, 2017",United States,Houston,Texas_Houston,Office Supplies,,273.896,
"21 September, 2015",United States,Houston,Texas_Houston,Technology,,1097.544,
"08 July, 2015",United States,Houston,Texas_Houston,Office Supplies,21.12,,
"14 February, 2014",United States,Houston,Texas_Houston,Office Supplies,16.176,,
"30 June, 2014",United States,Houston,Texas_Houston,Office Supplies,,47.232,
"05 September, 2015",United States,Houston,Texas_Houston,Office Supplies,,,89.86
"20 November, 2016",United States,Houston,Texas_Houston,Furniture,,325.498,
"17 September, 2015",United States,Houston,Texas_Houston,Furniture,,21.936,
"06 April, 2015",United States,Houston,Texas_Houston,Technology,25.488,,
"08 April, 2016",United States,Houston,Texas_Houston,Furniture,95.984,,
"08 April, 2016",United States,Houston,Texas_Houston,Technology,431.928,,
"25 November, 2017",United States,Houston,Texas_Houston,Office Supplies,86.528,,
"02 October, 2017",United States,Houston,Texas_Houston,Office Supplies,,37.208,
"12 May, 2015",United States,Houston,Texas_Houston,Furniture,21.968,,
"17 February, 2017",United States,Houston,Texas_Houston,Office Supplies,,,175.44
"30 July, 2015",United States,Houston,Texas_Houston,Office Supplies,,61.792,
"26 January, 2017",United States,Houston,Texas_Houston,Office Supplies,18.16,,
"27 March, 2017",United States,Houston,Texas_Houston,Technology,39.992,,
"08 October, 2016",United States,Houston,Texas_Houston,Furniture,,51.712,
"12 June, 2016",United States,Houston,Texas_Houston,Furniture,,,386.356
"26 September, 2015",United States,Houston,Texas_Houston,Technology,1114.4,,
"25 September, 2014",United States,Houston,Texas_Houston,Furniture,,,300.5328
"25 August, 2014",United States,Houston,Texas_Houston,Office Supplies,38.064,,
"26 September, 2016",United States,Houston,Texas_Houston,Office Supplies,15.624,99.848,
"02 May, 2015",United States,Houston,Texas_Houston,Technology,,158.376,
"19 November, 2016",United States,Houston,Texas_Houston,Furniture,2.328,,
"10 September, 2016",United States,Houston,Texas_Houston,Technology,719.96,,
"03 December, 2017",United States,Houston,Texas_Houston,Furniture,13.592,,
"19 November, 2017",United States,Houston,Texas_Houston,Furniture,191.058,,
"26 September, 2015",United States,Houston,Texas_Houston,Office Supplies,2.08,,
"05 April, 2016",United States,Houston,Texas_Houston,Office Supplies,,,158.368
"02 April, 2014",United States,Houston,Texas_Houston,Office Supplies,60.208,,
"21 March, 2016",United States,Houston,Texas_Houston,Furniture,,99.372,
"21 September, 2015",United States,Houston,Texas_Houston,Furniture,,4.928,
"27 February, 2016",United States,Houston,Texas_Houston,Furniture,16.192,,
"10 September, 2016",United States,Houston,Texas_Houston,Furniture,300.93,,
"22 July, 2014",United States,Houston,Texas_Houston,Office Supplies,26.632,,
"02 September, 2016",United States,Houston,Texas_Houston,Technology,,,159.56
"19 June, 2017",United States,Houston,Texas_Houston,Office Supplies,148.884,,
"13 December, 2014",United States,Houston,Texas_Houston,Office Supplies,2.92,,
"29 May, 2017",United States,Houston,Texas_Houston,Furniture,65.424,,
"22 March, 2015",United States,Houston,Texas_Houston,Technology,18.392,,
"05 September, 2016",United States,Houston,Texas_Houston,Furniture,,21.204,
"20 April, 2014",United States,Houston,Texas_Houston,Office Supplies,44.84,,
"09 February, 2017",United States,Houston,Texas_Houston,Office Supplies,265.776,,
"12 May, 2015",United States,Houston,Texas_Houston,Office Supplies,127.904,,
"21 November, 2017",United States,Houston,Texas_Houston,Technology,55.176,,
"25 June, 2015",United States,Houston,Texas_Houston,Furniture,75.384,,
"12 November, 2014",United States,Houston,Texas_Houston,Office Supplies,,55.616,
"10 March, 2015",United States,Houston,Texas_Houston,Office Supplies,1.112,,
"17 March, 2017",United States,Houston,Texas_Houston,Office Supplies,,,24.048
"09 December, 2017",United States,Houston,Texas_Houston,Furniture,,9.708,
"04 September, 2016",United States,Houston,Texas_Houston,Office Supplies,66.288,,
"05 November, 2016",United States,Houston,Texas_Houston,Furniture,1819.7928,,
"03 January, 2014",United States,Houston,Texas_Houston,Office Supplies,16.448,,
"18 August, 2016",United States,Houston,Texas_Houston,Furniture,,,14.896
"22 November, 2017",United States,Houston,Texas_Houston,Office Supplies,35.712,,
"20 October, 2016",United States,Houston,Texas_Houston,Office Supplies,76.264,,
"19 November, 2016",United States,Houston,Texas_Houston,Office Supplies,222.38,,
"03 March, 2014",United States,Houston,Texas_Houston,Office Supplies,176.772,,
"26 September, 2016",United States,Houston,Texas_Houston,Furniture,,454.965,
"02 December, 2017",United States,Houston,Texas_Houston,Furniture,8.752,,
"08 September, 2017",United States,Houston,Texas_Houston,Technology,,85.2,
"17 September, 2015",United States,Houston,Texas_Houston,Office Supplies,,6.588,
"25 August, 2015",United States,Houston,Texas_Houston,Office Supplies,3.798,,
"27 December, 2015",United States,Houston,Texas_Houston,Furniture,,,744.4572
"26 December, 2014",United States,Houston,Texas_Houston,Furniture,,,600.558
"20 March, 2017",United States,Houston,Texas_Houston,Office Supplies,330.768,,
"03 October, 2016",United States,Houston,Texas_Houston,Office Supplies,15.648,,
"17 August, 2017",United States,Houston,Texas_Houston,Office Supplies,,,52.432
"07 September, 2014",United States,Houston,Texas_Houston,Office Supplies,,,24.784
"09 December, 2017",United States,Houston,Texas_Houston,Office Supplies,,28.488,
"15 April, 2017",United States,Houston,Texas_Houston,Office Supplies,,,20.736
"15 June, 2016",United States,Houston,Texas_Houston,Office Supplies,173.488,,
"01 March, 2015",United States,Houston,Texas_Houston,Furniture,,1227.9984,
"25 August, 2015",United States,Houston,Texas_Houston,Furniture,27.984,,
"23 October, 2015",United States,Houston,Texas_Houston,Office Supplies,36.288,,
"01 December, 2014",United States,Houston,Texas_Houston,Furniture,,674.058,
"23 November, 2014",United States,Houston,Texas_Houston,Furniture,,155.372,
"11 May, 2014",United States,Houston,Texas_Houston,Technology,46.864,,
"19 October, 2017",United States,Houston,Texas_Houston,Office Supplies,,,29.472
"07 October, 2017",United States,Houston,Texas_Houston,Office Supplies,4.24,,
"16 April, 2017",United States,Houston,Texas_Houston,Office Supplies,61.486,,
"28 May, 2017",United States,Houston,Texas_Houston,Technology,54.368,,
"19 September, 2014",United States,Houston,Texas_Houston,Technology,,5579.94,
"14 November, 2016",United States,Houston,Texas_Houston,Office Supplies,2.296,,
"18 April, 2014",United States,Houston,Texas_Houston,Technology,227.976,,
