Date,Country,City,State_City,Category,Consumer,Corporate,Home_Office
"25 September, 2017",United States,Chester,Pennsylvania_Chester,Office Supplies,,199.491,
"22 June, 2014",United States,Chester,Pennsylvania_Chester,Furniture,1023.988,,
"14 May, 2015",United States,Chester,Pennsylvania_Chester,Office Supplies,,,570.492
"22 June, 2014",United States,Chester,Pennsylvania_Chester,Technology,82.782,,
"10 March, 2017",United States,Chester,Pennsylvania_Chester,Office Supplies,,,5.248
"10 March, 2017",United States,Chester,Pennsylvania_Chester,Furniture,,,50.568
"10 March, 2017",United States,Chester,Pennsylvania_Chester,Technology,,,35.91
