Date,Country,City,State_City,Category,Consumer,Corporate,Home_Office
"15 October, 2016",United States,Oklahoma City,Oklahoma_Oklahoma City,Office Supplies,,,1052.77
"03 December, 2014",United States,Oklahoma City,Oklahoma_Oklahoma City,Technology,479.96,,
"10 November, 2016",United States,Oklahoma City,Oklahoma_Oklahoma City,Technology,221.98,,
"29 July, 2017",United States,Oklahoma City,Oklahoma_Oklahoma City,Technology,461.97,,
"29 July, 2017",United States,Oklahoma City,Oklahoma_Oklahoma City,Office Supplies,171.1,,
"08 August, 2016",United States,Oklahoma City,Oklahoma_Oklahoma City,Office Supplies,10.56,,
"20 June, 2016",United States,Oklahoma City,Oklahoma_Oklahoma City,Furniture,,57.69,
"29 July, 2017",United States,Oklahoma City,Oklahoma_Oklahoma City,Furniture,302.67,,
"07 November, 2017",United States,Oklahoma City,Oklahoma_Oklahoma City,Office Supplies,38.16,,
"15 October, 2016",United States,Oklahoma City,Oklahoma_Oklahoma City,Technology,,,5.5
"13 November, 2016",United States,Oklahoma City,Oklahoma_Oklahoma City,Furniture,,30.36,
"30 March, 2017",United States,Oklahoma City,Oklahoma_Oklahoma City,Office Supplies,325.86,,
"18 November, 2016",United States,Oklahoma City,Oklahoma_Oklahoma City,Office Supplies,,,1117.92
"20 June, 2016",United States,Oklahoma City,Oklahoma_Oklahoma City,Technology,,6.9,
"17 November, 2015",United States,Oklahoma City,Oklahoma_Oklahoma City,Office Supplies,647.56,,
"10 November, 2016",United States,Oklahoma City,Oklahoma_Oklahoma City,Furniture,341.96,,
"17 November, 2015",United States,Oklahoma City,Oklahoma_Oklahoma City,Furniture,1323.9,,
