Date,Country,City,State_City,Category,Consumer,Corporate,Home_Office
"08 December, 2017",United States,Madison,Wisconsin_Madison,Furniture,459.92,,
"08 December, 2017",United States,Madison,Wisconsin_Madison,Office Supplies,1178.33,,
"08 December, 2017",United States,Madison,Wisconsin_Madison,Technology,178.11,,
"02 September, 2016",United States,Madison,Wisconsin_Madison,Office Supplies,10.07,,
"11 November, 2014",United States,Madison,Wisconsin_Madison,Office Supplies,665.88,,
"01 December, 2014",United States,Madison,Wisconsin_Madison,Office Supplies,46.64,,
"01 December, 2014",United States,Madison,Wisconsin_Madison,Furniture,2807.84,,
