Date,Country,City,State_City,Category,Consumer,Corporate,Home_Office
"17 November, 2017",United States,Brownsville,Texas_Brownsville,Furniture,327.7328,,
"30 March, 2014",United States,Brownsville,Texas_Brownsville,Furniture,,,127.302
"28 September, 2017",United States,Brownsville,Texas_Brownsville,Office Supplies,1.744,,
"30 March, 2014",United States,Brownsville,Texas_Brownsville,Technology,,,251.944
"09 December, 2014",United States,Brownsville,Texas_Brownsville,Office Supplies,,247.784,
"30 March, 2014",United States,Brownsville,Texas_Brownsville,Office Supplies,,,335.72
