Date,Country,City,State_City,Category,Consumer,Corporate,Home_Office
"07 September, 2014",United States,Tulsa,Oklahoma_Tulsa,Furniture,879.57,,591.86
"11 August, 2016",United States,Tulsa,Oklahoma_Tulsa,Office Supplies,,,151.82
"06 October, 2016",United States,Tulsa,Oklahoma_Tulsa,Office Supplies,28.85,,
"27 May, 2017",United States,Tulsa,Oklahoma_Tulsa,Furniture,477.3,,
"21 March, 2017",United States,Tulsa,Oklahoma_Tulsa,Furniture,1805.88,,
"22 October, 2017",United States,Tulsa,Oklahoma_Tulsa,Office Supplies,,,36.44
"23 September, 2017",United States,Tulsa,Oklahoma_Tulsa,Technology,291.96,,
"07 September, 2014",United States,Tulsa,Oklahoma_Tulsa,Office Supplies,55.77,,51.92
"31 October, 2016",United States,Tulsa,Oklahoma_Tulsa,Furniture,,368.97,
"03 August, 2016",United States,Tulsa,Oklahoma_Tulsa,Technology,167.28,,
"07 September, 2014",United States,Tulsa,Oklahoma_Tulsa,Technology,104.85,,
"11 February, 2016",United States,Tulsa,Oklahoma_Tulsa,Technology,,69.93,
"16 December, 2017",United States,Tulsa,Oklahoma_Tulsa,Office Supplies,10.8,,
"10 September, 2015",United States,Tulsa,Oklahoma_Tulsa,Office Supplies,14.94,,
"03 August, 2016",United States,Tulsa,Oklahoma_Tulsa,Office Supplies,81.54,,
"31 October, 2016",United States,Tulsa,Oklahoma_Tulsa,Office Supplies,,367.29,
