Date,Country,City,State_City,Category,Consumer,Corporate,Home_Office
"11 November, 2017",United States,Springfield,Ohio_Springfield,Office Supplies,,,10.368
"01 April, 2017",United States,Springfield,Missouri_Springfield,Office Supplies,122.6,,
"21 March, 2014",United States,Springfield,Virginia_Springfield,Technology,,3499.93,
"11 December, 2016",United States,Springfield,Ohio_Springfield,Office Supplies,,73.536,
"18 May, 2017",United States,Springfield,Missouri_Springfield,Office Supplies,,,750.05
"16 December, 2014",United States,Springfield,Virginia_Springfield,Furniture,29.46,,
"09 October, 2015",United States,Springfield,Virginia_Springfield,Office Supplies,30.84,,
"19 September, 2017",United States,Springfield,Oregon_Springfield,Furniture,,481.804,
"18 December, 2015",United States,Springfield,Ohio_Springfield,Office Supplies,646.776,,
"15 May, 2016",United States,Springfield,Ohio_Springfield,Office Supplies,15.232,,
"05 October, 2015",United States,Springfield,Virginia_Springfield,Office Supplies,,,75.04
"21 October, 2017",United States,Springfield,Oregon_Springfield,Technology,,28.4,
"10 September, 2017",United States,Springfield,Missouri_Springfield,Technology,409.65,,
"12 September, 2016",United States,Springfield,Virginia_Springfield,Technology,,20.7,
"10 November, 2016",United States,Springfield,Ohio_Springfield,Furniture,,,148.288
"17 September, 2014",United States,Springfield,Oregon_Springfield,Technology,85.845,,
"27 August, 2014",United States,Springfield,Virginia_Springfield,Office Supplies,13.36,,
"02 August, 2014",United States,Springfield,Missouri_Springfield,Office Supplies,,,865.08
"06 December, 2014",United States,Springfield,Oregon_Springfield,Office Supplies,53.424,,
"14 September, 2017",United States,Springfield,Ohio_Springfield,Technology,,895.944,
"04 September, 2016",United States,Springfield,Missouri_Springfield,Office Supplies,16.56,,
"17 September, 2014",United States,Springfield,Oregon_Springfield,Office Supplies,232.448,,
"02 August, 2014",United States,Springfield,Missouri_Springfield,Technology,,,21.2
"18 May, 2017",United States,Springfield,Missouri_Springfield,Technology,,,114.95
"09 November, 2015",United States,Springfield,Missouri_Springfield,Office Supplies,60.78,,
"02 November, 2017",United States,Springfield,Ohio_Springfield,Furniture,,,155.372
"10 April, 2016",United States,Springfield,Ohio_Springfield,Office Supplies,,8.904,
"10 November, 2016",United States,Springfield,Ohio_Springfield,Office Supplies,,,530.424
"19 September, 2017",United States,Springfield,Oregon_Springfield,Office Supplies,,23.832,
"10 January, 2014",United States,Springfield,Virginia_Springfield,Furniture,,51.94,
"21 August, 2015",United States,Springfield,Ohio_Springfield,Office Supplies,,12.828,
"14 November, 2015",United States,Springfield,Oregon_Springfield,Technology,,251.144,
"17 July, 2016",United States,Springfield,Missouri_Springfield,Office Supplies,589.52,,
"30 May, 2015",United States,Springfield,Virginia_Springfield,Technology,,,151.96
"28 March, 2014",United States,Springfield,Ohio_Springfield,Furniture,,,330.588
"12 April, 2016",United States,Springfield,Virginia_Springfield,Office Supplies,104.89,,
"11 January, 2016",United States,Springfield,Ohio_Springfield,Technology,,,15.588
"20 July, 2014",United States,Springfield,Ohio_Springfield,Office Supplies,53.344,,
"24 December, 2015",United States,Springfield,Missouri_Springfield,Furniture,,9.68,
"06 December, 2014",United States,Springfield,Oregon_Springfield,Furniture,275.49,,
"04 December, 2015",United States,Springfield,Missouri_Springfield,Office Supplies,,85.96,
"12 April, 2016",United States,Springfield,Virginia_Springfield,Furniture,343.92,,
"04 April, 2016",United States,Springfield,Virginia_Springfield,Office Supplies,,,27.81
"27 August, 2014",United States,Springfield,Virginia_Springfield,Technology,,579.95,
"16 December, 2014",United States,Springfield,Virginia_Springfield,Technology,99.98,,
"21 March, 2014",United States,Springfield,Virginia_Springfield,Office Supplies,,269.63,
"07 August, 2015",United States,Springfield,Virginia_Springfield,Office Supplies,,25.06,
"27 August, 2014",United States,Springfield,Virginia_Springfield,Furniture,,1232.06,
"19 September, 2017",United States,Springfield,Oregon_Springfield,Technology,,191.976,
"29 March, 2016",United States,Springfield,Ohio_Springfield,Furniture,299.975,,
"02 November, 2017",United States,Springfield,Virginia_Springfield,Office Supplies,5.56,,
"02 August, 2015",United States,Springfield,Oregon_Springfield,Furniture,277.5,,
"13 August, 2016",United States,Springfield,Virginia_Springfield,Office Supplies,125.92,,
"21 October, 2017",United States,Springfield,Oregon_Springfield,Office Supplies,,5.184,
"10 September, 2017",United States,Springfield,Missouri_Springfield,Office Supplies,399.27,,
"04 May, 2017",United States,Springfield,Ohio_Springfield,Office Supplies,2.313,,
"23 December, 2016",United States,Springfield,Virginia_Springfield,Furniture,859.14,,
"10 September, 2017",United States,Springfield,Ohio_Springfield,Technology,296.952,,
"07 February, 2015",United States,Springfield,Virginia_Springfield,Office Supplies,,324.11,
"19 November, 2017",United States,Springfield,Virginia_Springfield,Office Supplies,22.96,,
"29 December, 2016",United States,Springfield,Oregon_Springfield,Office Supplies,27.792,,
"24 December, 2015",United States,Springfield,Missouri_Springfield,Technology,,4899.93,
"13 November, 2017",United States,Springfield,Ohio_Springfield,Technology,,713.859,
"15 December, 2016",United States,Springfield,Oregon_Springfield,Furniture,,,564.195
"12 September, 2016",United States,Springfield,Virginia_Springfield,Office Supplies,,79.24,
"26 November, 2015",United States,Springfield,Missouri_Springfield,Technology,,599.99,
"30 May, 2016",United States,Springfield,Virginia_Springfield,Technology,,1979.7,
"13 June, 2017",United States,Springfield,Virginia_Springfield,Office Supplies,181.86,,
"09 November, 2015",United States,Springfield,Missouri_Springfield,Furniture,1024.38,,
"21 August, 2015",United States,Springfield,Ohio_Springfield,Furniture,,624.442,
"30 May, 2016",United States,Springfield,Virginia_Springfield,Furniture,,2275.5,
"07 February, 2016",United States,Springfield,Virginia_Springfield,Technology,100,,
"25 June, 2017",United States,Springfield,Oregon_Springfield,Office Supplies,,,87.688
"10 November, 2016",United States,Springfield,Missouri_Springfield,Office Supplies,,81.96,
"04 September, 2016",United States,Springfield,Missouri_Springfield,Technology,279.95,,
"02 October, 2017",United States,Springfield,Oregon_Springfield,Furniture,217.764,,
"13 January, 2017",United States,Springfield,Missouri_Springfield,Office Supplies,,4406.39,
"29 March, 2016",United States,Springfield,Ohio_Springfield,Technology,158.376,,
"04 June, 2016",United States,Springfield,Virginia_Springfield,Office Supplies,75.88,,
"15 October, 2016",United States,Springfield,Virginia_Springfield,Office Supplies,,342.76,
"04 April, 2016",United States,Springfield,Virginia_Springfield,Technology,,,149.97
"14 November, 2015",United States,Springfield,Virginia_Springfield,Office Supplies,,860.07,
"29 September, 2016",United States,Springfield,Oregon_Springfield,Technology,,859.2,
"29 March, 2015",United States,Springfield,Virginia_Springfield,Office Supplies,5.56,,
"15 December, 2016",United States,Springfield,Oregon_Springfield,Office Supplies,,,87.168
"21 October, 2017",United States,Springfield,Oregon_Springfield,Furniture,,478.48,
"06 May, 2016",United States,Springfield,Missouri_Springfield,Office Supplies,,,54.48
"07 February, 2016",United States,Springfield,Virginia_Springfield,Office Supplies,7.83,,
"09 December, 2016",United States,Springfield,Virginia_Springfield,Furniture,1056.86,,
"13 November, 2017",United States,Springfield,Ohio_Springfield,Office Supplies,,11.22,
"10 January, 2014",United States,Springfield,Virginia_Springfield,Office Supplies,,2.89,
"10 November, 2016",United States,Springfield,Ohio_Springfield,Technology,,,220.878
"11 January, 2016",United States,Springfield,Ohio_Springfield,Office Supplies,,,78.864
"14 April, 2015",United States,Springfield,Oregon_Springfield,Office Supplies,35.208,,
"12 May, 2017",United States,Springfield,Ohio_Springfield,Office Supplies,,,10.272
"07 August, 2015",United States,Springfield,Virginia_Springfield,Technology,,494.97,
"12 September, 2016",United States,Springfield,Virginia_Springfield,Furniture,,1059.12,
"18 January, 2014",United States,Springfield,Oregon_Springfield,Office Supplies,,64.864,
"30 May, 2016",United States,Springfield,Virginia_Springfield,Office Supplies,,62.1,
"17 September, 2016",United States,Springfield,Ohio_Springfield,Office Supplies,295.4,,
"26 October, 2015",United States,Springfield,Oregon_Springfield,Office Supplies,,1215.269,
"25 November, 2014",United States,Springfield,Oregon_Springfield,Office Supplies,51.016,,
"14 November, 2015",United States,Springfield,Oregon_Springfield,Office Supplies,,8.72,
"14 April, 2017",United States,Springfield,Missouri_Springfield,Office Supplies,,,8.76
"13 January, 2017",United States,Springfield,Missouri_Springfield,Furniture,,212.94,
"13 June, 2015",United States,Springfield,Ohio_Springfield,Office Supplies,,,3.424
"10 November, 2016",United States,Springfield,Missouri_Springfield,Furniture,,37.3,
"02 October, 2017",United States,Springfield,Oregon_Springfield,Office Supplies,156.854,,
