Date,Country,City,State_City,Category,Consumer,Corporate,Home_Office
"23 July, 2016",United States,Tampa,Florida_Tampa,Office Supplies,,58.912,
"15 March, 2014",United States,Tampa,Florida_Tampa,Furniture,45.696,,
"17 July, 2017",United States,Tampa,Florida_Tampa,Furniture,7.904,,
"15 June, 2015",United States,Tampa,Florida_Tampa,Technology,11.672,,
"27 August, 2017",United States,Tampa,Florida_Tampa,Office Supplies,,2.896,
"23 July, 2016",United States,Tampa,Florida_Tampa,Technology,,265.475,
"14 September, 2014",United States,Tampa,Florida_Tampa,Furniture,13.128,,
"14 September, 2014",United States,Tampa,Florida_Tampa,Office Supplies,13,,
"23 December, 2014",United States,Tampa,Florida_Tampa,Office Supplies,555.064,,
"11 April, 2015",United States,Tampa,Florida_Tampa,Furniture,121.888,,
"07 April, 2017",United States,Tampa,Florida_Tampa,Furniture,,,1112.5465
"07 April, 2017",United States,Tampa,Florida_Tampa,Technology,,,617.976
"07 April, 2017",United States,Tampa,Florida_Tampa,Office Supplies,,,5.328
"15 March, 2014",United States,Tampa,Florida_Tampa,Office Supplies,325.086,,
"23 December, 2014",United States,Tampa,Florida_Tampa,Furniture,64.784,,
"01 May, 2015",United States,Tampa,Florida_Tampa,Office Supplies,,214.08,
"21 February, 2016",United States,Tampa,Florida_Tampa,Office Supplies,,,471.078
"01 May, 2015",United States,Tampa,Florida_Tampa,Furniture,,63.552,
"31 March, 2014",United States,Tampa,Florida_Tampa,Furniture,1125.488,,
"31 March, 2014",United States,Tampa,Florida_Tampa,Office Supplies,16.677,,
"28 October, 2016",United States,Tampa,Florida_Tampa,Office Supplies,38.19,,
"02 December, 2017",United States,Tampa,Florida_Tampa,Office Supplies,,,45.66
