Date,Country,City,State_City,Category,Consumer,Corporate,Home_Office
"18 November, 2014",United States,Franklin,Wisconsin_Franklin,Furniture,,392.94,
"01 December, 2016",United States,Franklin,Massachusetts_Franklin,Furniture,477.159,,
"12 May, 2014",United States,Franklin,Massachusetts_Franklin,Furniture,700.056,,
"09 December, 2016",United States,Franklin,Tennessee_Franklin,Technology,40.68,,
"01 December, 2016",United States,Franklin,Massachusetts_Franklin,Office Supplies,901.95,,
"27 August, 2017",United States,Franklin,Massachusetts_Franklin,Furniture,,1488.424,
"08 January, 2016",United States,Franklin,Wisconsin_Franklin,Office Supplies,,106.05,
"05 December, 2016",United States,Franklin,Wisconsin_Franklin,Furniture,,1951.84,
"31 December, 2014",United States,Franklin,Massachusetts_Franklin,Technology,,,113.97
"26 August, 2016",United States,Franklin,Wisconsin_Franklin,Technology,,,47.97
"09 December, 2016",United States,Franklin,Tennessee_Franklin,Office Supplies,,2.946,
"20 August, 2017",United States,Franklin,Massachusetts_Franklin,Office Supplies,,40.29,
"27 August, 2017",United States,Franklin,Tennessee_Franklin,Office Supplies,5.184,,
"05 December, 2016",United States,Franklin,Massachusetts_Franklin,Furniture,,81.94,
"03 June, 2017",United States,Franklin,Tennessee_Franklin,Furniture,,35.168,
"22 September, 2015",United States,Franklin,Tennessee_Franklin,Office Supplies,,,763.508
"09 July, 2015",United States,Franklin,Massachusetts_Franklin,Office Supplies,,129.52,
"31 December, 2014",United States,Franklin,Massachusetts_Franklin,Furniture,,,63.2
"08 January, 2016",United States,Franklin,Wisconsin_Franklin,Furniture,,1565.88,
"01 September, 2015",United States,Franklin,Massachusetts_Franklin,Office Supplies,,,1203.36
"01 January, 2017",United States,Franklin,Wisconsin_Franklin,Office Supplies,,,3.6
"09 December, 2016",United States,Franklin,Tennessee_Franklin,Furniture,,79.974,
"13 May, 2017",United States,Franklin,Tennessee_Franklin,Office Supplies,,20.768,
"01 September, 2015",United States,Franklin,Massachusetts_Franklin,Furniture,,,185.1
"05 December, 2016",United States,Franklin,Wisconsin_Franklin,Technology,,534.42,
"05 December, 2016",United States,Franklin,Wisconsin_Franklin,Office Supplies,,171.55,
"08 November, 2015",United States,Franklin,Massachusetts_Franklin,Office Supplies,11.65,,
"01 December, 2016",United States,Franklin,Massachusetts_Franklin,Technology,137.94,,
