Date,Country,City,State_City,Category,Consumer,Corporate,Home_Office
"22 December, 2016",United States,Redmond,Oregon_Redmond,Office Supplies,31.32,,
"17 September, 2016",United States,Redmond,Washington_Redmond,Office Supplies,,,12.32
"10 August, 2015",United States,Redmond,Oregon_Redmond,Technology,578.312,,
"04 September, 2017",United States,Redmond,Oregon_Redmond,Office Supplies,,88.074,
"10 August, 2015",United States,Redmond,Oregon_Redmond,Office Supplies,133.472,,
"01 September, 2017",United States,Redmond,Washington_Redmond,Technology,19.99,,
"22 December, 2016",United States,Redmond,Oregon_Redmond,Furniture,34.624,,
"22 October, 2017",United States,Redmond,Oregon_Redmond,Furniture,,177.225,
"01 September, 2017",United States,Redmond,Washington_Redmond,Office Supplies,22.92,,
