Date,Country,City,State_City,Category,Consumer,Corporate,Home_Office
"20 July, 2015",United States,Highland Park,Illinois_Highland Park,Furniture,1298.374,,
"27 June, 2016",United States,Highland Park,Illinois_Highland Park,Office Supplies,,37.464,
"13 November, 2016",United States,Highland Park,Illinois_Highland Park,Office Supplies,,,3.136
"20 July, 2015",United States,Highland Park,Illinois_Highland Park,Office Supplies,2.88,,
"20 July, 2015",United States,Highland Park,Illinois_Highland Park,Technology,153.584,,
"27 June, 2016",United States,Highland Park,Illinois_Highland Park,Furniture,,539.658,
