Date,Country,City,State_City,Category,Consumer,Corporate,Home_Office
"11 September, 2015",United States,Redlands,California_Redlands,Office Supplies,189.99,,
"31 October, 2015",United States,Redlands,California_Redlands,Office Supplies,517.362,14.28,
"26 September, 2016",United States,Redlands,California_Redlands,Office Supplies,124.58,,
"31 October, 2015",United States,Redlands,California_Redlands,Technology,1295.84,,
"31 October, 2015",United States,Redlands,California_Redlands,Furniture,748.969,,
