Date,Country,City,State_City,Category,Consumer,Corporate,Home_Office
"08 November, 2015",United States,Hampton,Virginia_Hampton,Office Supplies,338.19,,
"08 November, 2015",United States,Hampton,Virginia_Hampton,Furniture,186.54,,
"20 August, 2014",United States,Hampton,Virginia_Hampton,Furniture,,500.24,
"05 November, 2014",United States,Hampton,Virginia_Hampton,Furniture,149.9,,
"27 October, 2016",United States,Hampton,Virginia_Hampton,Furniture,290.98,,
"09 June, 2015",United States,Hampton,Virginia_Hampton,Office Supplies,,,113.1
"08 November, 2015",United States,Hampton,Virginia_Hampton,Technology,226.2,,
"20 August, 2014",United States,Hampton,Virginia_Hampton,Office Supplies,,917.11,
