Date,Country,City,State_City,Category,Consumer,Corporate,Home_Office
"13 August, 2017",United States,Memphis,Tennessee_Memphis,Technology,1.584,,
"26 April, 2015",United States,Memphis,Tennessee_Memphis,Furniture,928.976,,
"30 December, 2014",United States,Memphis,Tennessee_Memphis,Office Supplies,39.128,,
"29 September, 2017",United States,Memphis,Tennessee_Memphis,Office Supplies,243.92,,
"29 April, 2014",United States,Memphis,Tennessee_Memphis,Furniture,,561.584,
"18 March, 2016",United States,Memphis,Tennessee_Memphis,Furniture,189.882,,
"30 June, 2017",United States,Memphis,Tennessee_Memphis,Furniture,,19.52,
"29 April, 2014",United States,Memphis,Tennessee_Memphis,Office Supplies,,99.92,
"26 April, 2015",United States,Memphis,Tennessee_Memphis,Office Supplies,72.784,,
"18 December, 2015",United States,Memphis,Tennessee_Memphis,Furniture,,20.32,
"01 May, 2016",United States,Memphis,Tennessee_Memphis,Office Supplies,6.726,,
"27 May, 2017",United States,Memphis,Tennessee_Memphis,Office Supplies,25.92,,
"22 November, 2015",United States,Memphis,Tennessee_Memphis,Office Supplies,58.05,,
"01 May, 2016",United States,Memphis,Tennessee_Memphis,Furniture,370.62,,
"06 December, 2014",United States,Memphis,Tennessee_Memphis,Office Supplies,42.208,,
"18 December, 2015",United States,Memphis,Tennessee_Memphis,Office Supplies,,74.368,
"24 November, 2017",United States,Memphis,Tennessee_Memphis,Office Supplies,,76.521,
"13 November, 2017",United States,Memphis,Tennessee_Memphis,Office Supplies,728.968,,
"13 August, 2017",United States,Memphis,Tennessee_Memphis,Furniture,455.632,,
"13 August, 2017",United States,Memphis,Tennessee_Memphis,Office Supplies,1925.71,,
