Date,Country,City,State_City,Category,Consumer,Corporate,Home_Office
"21 November, 2017",United States,Pasadena,California_Pasadena,Office Supplies,,,79.76
"22 November, 2014",United States,Pasadena,Texas_Pasadena,Office Supplies,6.928,,
"21 November, 2017",United States,Pasadena,California_Pasadena,Technology,,,659.976
"06 July, 2015",United States,Pasadena,California_Pasadena,Furniture,170.352,,
"29 September, 2017",United States,Pasadena,Texas_Pasadena,Technology,,,336.51
"23 April, 2017",United States,Pasadena,California_Pasadena,Furniture,90.5,,
"11 April, 2017",United States,Pasadena,California_Pasadena,Office Supplies,41.86,,
"03 October, 2017",United States,Pasadena,California_Pasadena,Furniture,,171.288,
"26 August, 2016",United States,Pasadena,Texas_Pasadena,Technology,,159.984,
"18 November, 2016",United States,Pasadena,Texas_Pasadena,Office Supplies,,,74.864
"14 November, 2017",United States,Pasadena,Texas_Pasadena,Office Supplies,45.04,,
"07 September, 2015",United States,Pasadena,California_Pasadena,Office Supplies,671.93,,
"03 October, 2017",United States,Pasadena,Texas_Pasadena,Office Supplies,,20.64,
"14 November, 2014",United States,Pasadena,Texas_Pasadena,Office Supplies,,20.736,
"12 June, 2016",United States,Pasadena,California_Pasadena,Office Supplies,,198.84,
"28 July, 2016",United States,Pasadena,Texas_Pasadena,Furniture,,,327.42
"07 May, 2017",United States,Pasadena,California_Pasadena,Technology,419.944,,
"29 September, 2017",United States,Pasadena,Texas_Pasadena,Office Supplies,,,35.936
"08 June, 2017",United States,Pasadena,Texas_Pasadena,Office Supplies,,1.624,
"20 June, 2016",United States,Pasadena,California_Pasadena,Office Supplies,248.192,,
"14 November, 2017",United States,Pasadena,Texas_Pasadena,Technology,167.952,,
"12 December, 2016",United States,Pasadena,California_Pasadena,Office Supplies,56.52,,
"20 June, 2016",United States,Pasadena,California_Pasadena,Furniture,161.568,,
"11 April, 2017",United States,Pasadena,California_Pasadena,Technology,199.95,,
"26 August, 2016",United States,Pasadena,Texas_Pasadena,Furniture,,1024.716,
"23 April, 2017",United States,Pasadena,California_Pasadena,Office Supplies,92.88,,
"11 October, 2014",United States,Pasadena,California_Pasadena,Furniture,433.568,,
"12 December, 2016",United States,Pasadena,California_Pasadena,Furniture,383.64,,
"18 November, 2016",United States,Pasadena,Texas_Pasadena,Furniture,,,255.108
"11 October, 2014",United States,Pasadena,California_Pasadena,Office Supplies,31.92,,
