Date,Country,City,State_City,Category,Consumer,Corporate,Home_Office
"20 October, 2017",United States,Durham,North Carolina_Durham,Technology,,15.984,
"03 September, 2015",United States,Durham,North Carolina_Durham,Office Supplies,,200.984,
"03 October, 2014",United States,Durham,North Carolina_Durham,Office Supplies,,,67.76
"07 September, 2015",United States,Durham,North Carolina_Durham,Office Supplies,,140.736,
"20 October, 2017",United States,Durham,North Carolina_Durham,Office Supplies,,14.352,
"30 November, 2015",United States,Durham,North Carolina_Durham,Office Supplies,104.4,,
"30 November, 2015",United States,Durham,North Carolina_Durham,Furniture,335.744,,
