Date,Country,City,State_City,Category,Consumer,Corporate,Home_Office
"01 June, 2017",United States,Indianapolis,Indiana_Indianapolis,Office Supplies,,2422.58,
"29 May, 2015",United States,Indianapolis,Indiana_Indianapolis,Office Supplies,12.39,,
"19 November, 2016",United States,Indianapolis,Indiana_Indianapolis,Office Supplies,,54.96,
"05 August, 2017",United States,Indianapolis,Indiana_Indianapolis,Technology,79.78,,
"01 June, 2017",United States,Indianapolis,Indiana_Indianapolis,Furniture,,1925.88,
"01 July, 2017",United States,Indianapolis,Indiana_Indianapolis,Office Supplies,,,639.83
"15 September, 2015",United States,Indianapolis,Indiana_Indianapolis,Office Supplies,215.18,,
"04 May, 2015",United States,Indianapolis,Indiana_Indianapolis,Office Supplies,,125.93,
"06 December, 2015",United States,Indianapolis,Indiana_Indianapolis,Technology,,,999.98
"01 June, 2017",United States,Indianapolis,Indiana_Indianapolis,Technology,,123.86,
"05 August, 2017",United States,Indianapolis,Indiana_Indianapolis,Office Supplies,259.08,,
"06 October, 2014",United States,Indianapolis,Indiana_Indianapolis,Office Supplies,,386.34,
"21 October, 2017",United States,Indianapolis,Indiana_Indianapolis,Office Supplies,,909.12,
"20 December, 2014",United States,Indianapolis,Indiana_Indianapolis,Office Supplies,1107.66,,
"09 December, 2017",United States,Indianapolis,Indiana_Indianapolis,Office Supplies,43.85,,
