Date,Country,City,State_City,Category,Consumer,Corporate,Home_Office
"16 June, 2017",United States,Florence,Kentucky_Florence,Technology,257.97,,
"19 December, 2014",United States,Florence,Alabama_Florence,Office Supplies,160.03,,
"16 June, 2017",United States,Florence,Kentucky_Florence,Office Supplies,180.66,,
"09 September, 2017",United States,Florence,South Carolina_Florence,Office Supplies,,685.26,
"16 June, 2017",United States,Florence,Kentucky_Florence,Furniture,301.96,,
"23 March, 2015",United States,Florence,South Carolina_Florence,Office Supplies,59.48,,
"23 May, 2016",United States,Florence,Alabama_Florence,Office Supplies,,,4.98
"21 August, 2015",United States,Florence,Kentucky_Florence,Office Supplies,,53.28,
"19 December, 2014",United States,Florence,Alabama_Florence,Furniture,1819.86,,
"24 August, 2015",United States,Florence,Kentucky_Florence,Technology,3747.93,,
"01 April, 2017",United States,Florence,South Carolina_Florence,Furniture,,127.95,
"04 June, 2017",United States,Florence,Alabama_Florence,Office Supplies,12.48,,
"16 September, 2017",United States,Florence,Kentucky_Florence,Technology,,,18
"29 June, 2016",United States,Florence,South Carolina_Florence,Office Supplies,191.88,,
