Date,Country,City,State_City,Category,Consumer,Corporate,Home_Office
"17 June, 2014",United States,Chicago,Illinois_Chicago,Office Supplies,62.016,,
"31 May, 2015",United States,Chicago,Illinois_Chicago,Office Supplies,,182.956,
"21 March, 2016",United States,Chicago,Illinois_Chicago,Furniture,528.43,,
"19 December, 2014",United States,Chicago,Illinois_Chicago,Technology,323.976,,
"11 November, 2016",United States,Chicago,Illinois_Chicago,Technology,,95.968,
"22 May, 2017",United States,Chicago,Illinois_Chicago,Furniture,181.986,,
"10 April, 2016",United States,Chicago,Illinois_Chicago,Office Supplies,,13.568,
"13 March, 2017",United States,Chicago,Illinois_Chicago,Office Supplies,,,64.768
"09 June, 2017",United States,Chicago,Illinois_Chicago,Furniture,,,132.901
"28 November, 2015",United States,Chicago,Illinois_Chicago,Furniture,,12.132,
"24 November, 2014",United States,Chicago,Illinois_Chicago,Office Supplies,646.2,,
"20 December, 2015",United States,Chicago,Illinois_Chicago,Technology,415.952,,
"22 January, 2017",United States,Chicago,Illinois_Chicago,Office Supplies,,22.992,
"16 December, 2016",United States,Chicago,Illinois_Chicago,Office Supplies,4.788,,
"20 October, 2014",United States,Chicago,Illinois_Chicago,Office Supplies,,,542.234
"22 June, 2017",United States,Chicago,Illinois_Chicago,Office Supplies,3.036,,
"22 May, 2017",United States,Chicago,Illinois_Chicago,Office Supplies,23.936,,
"25 May, 2014",United States,Chicago,Illinois_Chicago,Furniture,29.32,,
"11 November, 2014",United States,Chicago,Illinois_Chicago,Furniture,808.928,,
"24 September, 2017",United States,Chicago,Illinois_Chicago,Office Supplies,11.424,,
"26 July, 2014",United States,Chicago,Illinois_Chicago,Office Supplies,123.552,,
"27 May, 2016",United States,Chicago,Illinois_Chicago,Office Supplies,1297.368,,
"31 October, 2017",United States,Chicago,Illinois_Chicago,Technology,,508.768,
"23 October, 2016",United States,Chicago,Illinois_Chicago,Furniture,,16.156,
"12 July, 2015",United States,Chicago,Illinois_Chicago,Technology,1345.192,,
"16 February, 2016",United States,Chicago,Illinois_Chicago,Office Supplies,,104.224,
"20 December, 2015",United States,Chicago,Illinois_Chicago,Furniture,359.058,,
"26 May, 2014",United States,Chicago,Illinois_Chicago,Furniture,359.772,,
"09 December, 2016",United States,Chicago,Illinois_Chicago,Technology,,19.04,
"28 June, 2016",United States,Chicago,Illinois_Chicago,Technology,359.976,,
"03 February, 2017",United States,Chicago,Illinois_Chicago,Office Supplies,,,490.168
"19 December, 2015",United States,Chicago,Illinois_Chicago,Technology,,,25.488
"21 October, 2017",United States,Chicago,Illinois_Chicago,Office Supplies,23.992,,
"03 September, 2017",United States,Chicago,Illinois_Chicago,Office Supplies,42.616,8.904,
"14 March, 2014",United States,Chicago,Illinois_Chicago,Technology,,,574.91
"06 June, 2016",United States,Chicago,Illinois_Chicago,Technology,328.224,,
"23 November, 2017",United States,Chicago,Illinois_Chicago,Technology,222.384,,
"04 September, 2017",United States,Chicago,Illinois_Chicago,Furniture,,825.174,
"30 May, 2014",United States,Chicago,Illinois_Chicago,Technology,,719.976,
"27 October, 2017",United States,Chicago,Illinois_Chicago,Technology,,,27.184
"28 May, 2017",United States,Chicago,Illinois_Chicago,Office Supplies,,3.564,
"05 March, 2015",United States,Chicago,Illinois_Chicago,Office Supplies,259.712,,
"21 November, 2016",United States,Chicago,Illinois_Chicago,Technology,81.576,,
"17 February, 2017",United States,Chicago,Illinois_Chicago,Furniture,,,480.96
"18 November, 2017",United States,Chicago,Illinois_Chicago,Office Supplies,55.584,,
"19 December, 2016",United States,Chicago,Illinois_Chicago,Office Supplies,,1.8,
"12 June, 2017",United States,Chicago,Illinois_Chicago,Furniture,8.856,,
"08 June, 2015",United States,Chicago,Illinois_Chicago,Office Supplies,143.128,,
"23 May, 2016",United States,Chicago,Illinois_Chicago,Technology,1979.928,,
"09 July, 2017",United States,Chicago,Illinois_Chicago,Office Supplies,228.92,67.304,
"12 June, 2016",United States,Chicago,Illinois_Chicago,Technology,,,1007.979
"11 October, 2016",United States,Chicago,Illinois_Chicago,Office Supplies,33.064,,
"09 December, 2016",United States,Chicago,Illinois_Chicago,Office Supplies,,24.924,
"16 November, 2015",United States,Chicago,Illinois_Chicago,Technology,,239.976,
"22 September, 2014",United States,Chicago,Illinois_Chicago,Office Supplies,,331.536,
"10 October, 2015",United States,Chicago,Illinois_Chicago,Office Supplies,8.016,,
"27 November, 2016",United States,Chicago,Illinois_Chicago,Office Supplies,,97.984,
"19 December, 2014",United States,Chicago,Illinois_Chicago,Office Supplies,48.144,,
"22 December, 2014",United States,Chicago,Illinois_Chicago,Office Supplies,274.096,,
"03 April, 2017",United States,Chicago,Illinois_Chicago,Office Supplies,7.056,,
"08 March, 2015",United States,Chicago,Illinois_Chicago,Office Supplies,8.568,,
"30 June, 2014",United States,Chicago,Illinois_Chicago,Office Supplies,5.248,,
"06 March, 2016",United States,Chicago,Illinois_Chicago,Office Supplies,4.062,,
"13 June, 2017",United States,Chicago,Illinois_Chicago,Furniture,,,470.302
"29 March, 2016",United States,Chicago,Illinois_Chicago,Office Supplies,,,45.528
"29 March, 2016",United States,Chicago,Illinois_Chicago,Technology,,,812.736
"15 December, 2014",United States,Chicago,Illinois_Chicago,Furniture,,8.544,
"13 June, 2017",United States,Chicago,Illinois_Chicago,Office Supplies,,,164.736
"20 January, 2017",United States,Chicago,Illinois_Chicago,Office Supplies,11.52,,
"13 September, 2015",United States,Chicago,Illinois_Chicago,Furniture,170.072,,
"14 September, 2014",United States,Chicago,Illinois_Chicago,Office Supplies,,72.608,
"07 September, 2017",United States,Chicago,Illinois_Chicago,Office Supplies,,,73.008
"25 February, 2017",United States,Chicago,Illinois_Chicago,Office Supplies,1.788,,
"31 March, 2017",United States,Chicago,Illinois_Chicago,Office Supplies,13.468,,
"03 August, 2017",United States,Chicago,Illinois_Chicago,Furniture,183.372,,
"10 December, 2015",United States,Chicago,Illinois_Chicago,Office Supplies,53.088,,
"31 March, 2014",United States,Chicago,Illinois_Chicago,Office Supplies,8.134,,
"29 January, 2017",United States,Chicago,Illinois_Chicago,Office Supplies,12.128,,
"20 September, 2014",United States,Chicago,Illinois_Chicago,Furniture,493.43,,
"28 May, 2017",United States,Chicago,Illinois_Chicago,Furniture,,106.869,
"29 October, 2014",United States,Chicago,Illinois_Chicago,Technology,2735.952,,
"03 September, 2016",United States,Chicago,Illinois_Chicago,Furniture,198.744,,
"19 August, 2017",United States,Chicago,Illinois_Chicago,Office Supplies,2.296,,
"20 September, 2014",United States,Chicago,Illinois_Chicago,Technology,11.12,,
"29 March, 2016",United States,Chicago,Illinois_Chicago,Furniture,,,844.116
"27 December, 2015",United States,Chicago,Illinois_Chicago,Office Supplies,,,12.672
"21 May, 2016",United States,Chicago,Illinois_Chicago,Office Supplies,,3.798,
"14 October, 2017",United States,Chicago,Illinois_Chicago,Office Supplies,,,40.852
"16 April, 2017",United States,Chicago,Illinois_Chicago,Office Supplies,,,16.52
"02 September, 2014",United States,Chicago,Illinois_Chicago,Technology,239.976,,
"16 November, 2015",United States,Chicago,Illinois_Chicago,Office Supplies,,21.488,
"31 October, 2017",United States,Chicago,Illinois_Chicago,Office Supplies,,9.912,
"11 May, 2014",United States,Chicago,Illinois_Chicago,Office Supplies,,,122.052
"21 November, 2016",United States,Chicago,Illinois_Chicago,Office Supplies,60,,
"30 March, 2015",United States,Chicago,Illinois_Chicago,Technology,,180.96,
"29 August, 2016",United States,Chicago,Illinois_Chicago,Office Supplies,,,66.412
"04 June, 2016",United States,Chicago,Illinois_Chicago,Furniture,612.637,,
"04 December, 2017",United States,Chicago,Illinois_Chicago,Office Supplies,61.568,,
"17 April, 2017",United States,Chicago,Illinois_Chicago,Office Supplies,,195.136,
"01 November, 2014",United States,Chicago,Illinois_Chicago,Office Supplies,,15.696,
"15 September, 2017",United States,Chicago,Illinois_Chicago,Technology,323.976,,
"07 December, 2017",United States,Chicago,Illinois_Chicago,Office Supplies,,1889.99,
"06 October, 2017",United States,Chicago,Illinois_Chicago,Office Supplies,309.488,,
"04 June, 2016",United States,Chicago,Illinois_Chicago,Technology,31.984,,
"16 November, 2015",United States,Chicago,Illinois_Chicago,Furniture,,34.504,
"28 November, 2015",United States,Chicago,Illinois_Chicago,Office Supplies,,136.288,
"02 September, 2016",United States,Chicago,Illinois_Chicago,Office Supplies,64.408,,
"06 May, 2017",United States,Chicago,Illinois_Chicago,Office Supplies,,,6.408
"17 May, 2016",United States,Chicago,Illinois_Chicago,Office Supplies,41.314,,
"30 March, 2015",United States,Chicago,Illinois_Chicago,Office Supplies,,23.52,
"23 September, 2017",United States,Chicago,Illinois_Chicago,Technology,39.984,,
"15 May, 2017",United States,Chicago,Illinois_Chicago,Technology,11.12,,
"16 June, 2017",United States,Chicago,Illinois_Chicago,Office Supplies,,5.936,
"06 June, 2014",United States,Chicago,Illinois_Chicago,Office Supplies,38.572,,
"18 May, 2017",United States,Chicago,Illinois_Chicago,Furniture,,24.5,
"13 March, 2017",United States,Chicago,Illinois_Chicago,Furniture,,,89.768
"13 September, 2015",United States,Chicago,Illinois_Chicago,Office Supplies,7.824,,
"12 July, 2014",United States,Chicago,Illinois_Chicago,Office Supplies,35.856,,
"06 December, 2014",United States,Chicago,Illinois_Chicago,Technology,35.04,,
"15 May, 2017",United States,Chicago,Illinois_Chicago,Office Supplies,56.704,,
"27 October, 2017",United States,Chicago,Illinois_Chicago,Office Supplies,,,7.056
"26 August, 2017",United States,Chicago,Illinois_Chicago,Furniture,64.96,,
"01 November, 2016",United States,Chicago,Illinois_Chicago,Technology,68.112,,
"23 July, 2017",United States,Chicago,Illinois_Chicago,Office Supplies,,63.312,
"03 May, 2016",United States,Chicago,Illinois_Chicago,Office Supplies,55.972,,
"27 May, 2014",United States,Chicago,Illinois_Chicago,Office Supplies,17.46,,
"17 February, 2014",United States,Chicago,Illinois_Chicago,Office Supplies,54.208,,
"30 January, 2016",United States,Chicago,Illinois_Chicago,Office Supplies,,156.512,
"02 September, 2017",United States,Chicago,Illinois_Chicago,Office Supplies,,257.508,
"23 November, 2017",United States,Chicago,Illinois_Chicago,Furniture,6.464,,
"15 November, 2015",United States,Chicago,Illinois_Chicago,Office Supplies,,270.356,
"27 September, 2015",United States,Chicago,Illinois_Chicago,Furniture,24.288,,
"19 November, 2017",United States,Chicago,Illinois_Chicago,Furniture,219.075,,
"13 June, 2017",United States,Chicago,Illinois_Chicago,Technology,,,47.984
"20 October, 2014",United States,Chicago,Illinois_Chicago,Technology,,,319.968
"25 May, 2014",United States,Chicago,Illinois_Chicago,Office Supplies,75.6,,
"16 February, 2016",United States,Chicago,Illinois_Chicago,Furniture,,62.958,
"12 July, 2015",United States,Chicago,Illinois_Chicago,Office Supplies,8.84,,
"27 May, 2016",United States,Chicago,Illinois_Chicago,Furniture,30.76,,
"02 September, 2017",United States,Chicago,Illinois_Chicago,Technology,40.68,,
"29 December, 2014",United States,Chicago,Illinois_Chicago,Furniture,38.976,,
"29 August, 2016",United States,Chicago,Illinois_Chicago,Technology,,,95.976
"14 December, 2014",United States,Chicago,Illinois_Chicago,Technology,35.016,,
"28 August, 2017",United States,Chicago,Illinois_Chicago,Office Supplies,52.064,,
"09 December, 2014",United States,Chicago,Illinois_Chicago,Office Supplies,,28.836,
"30 June, 2017",United States,Chicago,Illinois_Chicago,Furniture,,,583.282
"04 September, 2017",United States,Chicago,Illinois_Chicago,Office Supplies,,24.672,
"12 October, 2014",United States,Chicago,Illinois_Chicago,Office Supplies,,22.24,
"21 April, 2016",United States,Chicago,Illinois_Chicago,Office Supplies,,195.976,
"17 February, 2017",United States,Chicago,Illinois_Chicago,Technology,,,124.792
"02 September, 2016",United States,Chicago,Illinois_Chicago,Furniture,,,84.272
"27 September, 2015",United States,Chicago,Illinois_Chicago,Office Supplies,15.08,,
"05 September, 2016",United States,Chicago,Illinois_Chicago,Office Supplies,,,9.248
"28 November, 2015",United States,Chicago,Illinois_Chicago,Technology,,647.904,
"10 September, 2017",United States,Chicago,Illinois_Chicago,Office Supplies,,,762.594
"08 June, 2015",United States,Chicago,Illinois_Chicago,Technology,2.376,,
"11 September, 2017",United States,Chicago,Illinois_Chicago,Office Supplies,31.072,,
"20 July, 2017",United States,Chicago,Illinois_Chicago,Furniture,8.792,,
"20 April, 2017",United States,Chicago,Illinois_Chicago,Office Supplies,15.76,,
"26 December, 2014",United States,Chicago,Illinois_Chicago,Office Supplies,8.69,,
"18 November, 2014",United States,Chicago,Illinois_Chicago,Office Supplies,,14.48,
"12 November, 2016",United States,Chicago,Illinois_Chicago,Furniture,,22.752,
"05 November, 2017",United States,Chicago,Illinois_Chicago,Office Supplies,,16.03,
"23 October, 2016",United States,Chicago,Illinois_Chicago,Office Supplies,,54.816,
"06 May, 2016",United States,Chicago,Illinois_Chicago,Office Supplies,3.208,,
"23 November, 2017",United States,Chicago,Illinois_Chicago,Office Supplies,11.52,10.688,
"03 September, 2016",United States,Chicago,Illinois_Chicago,Office Supplies,8.808,,
"30 April, 2015",United States,Chicago,Illinois_Chicago,Furniture,,,213.115
"24 September, 2017",United States,Chicago,Illinois_Chicago,Furniture,520.464,,
"14 December, 2017",United States,Chicago,Illinois_Chicago,Furniture,,,2.032
"09 June, 2017",United States,Chicago,Illinois_Chicago,Office Supplies,,,36.352
"31 March, 2014",United States,Chicago,Illinois_Chicago,Technology,79.984,,
"17 November, 2015",United States,Chicago,Illinois_Chicago,Office Supplies,40.92,,
"27 November, 2016",United States,Chicago,Illinois_Chicago,Technology,,62.4,
"20 July, 2017",United States,Chicago,Illinois_Chicago,Office Supplies,69.712,,
"14 December, 2014",United States,Chicago,Illinois_Chicago,Office Supplies,8,9.264,
"06 December, 2014",United States,Chicago,Illinois_Chicago,Furniture,225.726,,
"13 November, 2015",United States,Chicago,Illinois_Chicago,Furniture,17.496,,
"03 February, 2017",United States,Chicago,Illinois_Chicago,Furniture,,,22.2
"05 December, 2016",United States,Chicago,Illinois_Chicago,Office Supplies,,11.952,3.536
"09 September, 2014",United States,Chicago,Illinois_Chicago,Office Supplies,10.896,,
"13 May, 2015",United States,Chicago,Illinois_Chicago,Technology,,,222.384
"06 March, 2016",United States,Chicago,Illinois_Chicago,Furniture,305.02,,
"01 August, 2017",United States,Chicago,Illinois_Chicago,Technology,95.984,,
"26 June, 2016",United States,Chicago,Illinois_Chicago,Office Supplies,,5.304,
"28 December, 2015",United States,Chicago,Illinois_Chicago,Office Supplies,24.816,,
"14 October, 2014",United States,Chicago,Illinois_Chicago,Office Supplies,344.274,,
"12 July, 2014",United States,Chicago,Illinois_Chicago,Technology,23.84,,
"03 September, 2017",United States,Chicago,Illinois_Chicago,Technology,,100.8,
"14 March, 2014",United States,Chicago,Illinois_Chicago,Office Supplies,,,8.448
"13 December, 2014",United States,Chicago,Illinois_Chicago,Furniture,,94.428,
"21 June, 2016",United States,Chicago,Illinois_Chicago,Office Supplies,,0.836,
"24 April, 2017",United States,Chicago,Illinois_Chicago,Office Supplies,83.214,,
"06 December, 2014",United States,Chicago,Illinois_Chicago,Office Supplies,53.784,,
"21 July, 2017",United States,Chicago,Illinois_Chicago,Office Supplies,2.112,,
"20 April, 2017",United States,Chicago,Illinois_Chicago,Furniture,331.618,,44.4
"06 May, 2017",United States,Chicago,Illinois_Chicago,Technology,191.968,,408.744
"22 July, 2017",United States,Chicago,Illinois_Chicago,Furniture,526.344,,
"28 August, 2015",United States,Chicago,Illinois_Chicago,Technology,,2799.96,
"21 March, 2016",United States,Chicago,Illinois_Chicago,Office Supplies,16.56,,
"12 June, 2016",United States,Chicago,Illinois_Chicago,Office Supplies,23.12,,313.488
"30 June, 2017",United States,Chicago,Illinois_Chicago,Technology,,,1001.584
"09 December, 2017",United States,Chicago,Illinois_Chicago,Office Supplies,15.984,,
"11 November, 2016",United States,Chicago,Illinois_Chicago,Furniture,,47.992,
"26 September, 2014",United States,Chicago,Illinois_Chicago,Technology,153.824,,
"08 September, 2017",United States,Chicago,Illinois_Chicago,Furniture,765.625,,
"14 December, 2017",United States,Chicago,Illinois_Chicago,Technology,,,280.656
"26 May, 2014",United States,Chicago,Illinois_Chicago,Office Supplies,116.016,,
"02 September, 2016",United States,Chicago,Illinois_Chicago,Technology,1362.9,,
"30 July, 2016",United States,Chicago,Illinois_Chicago,Office Supplies,1045.872,,
"02 December, 2014",United States,Chicago,Illinois_Chicago,Office Supplies,2.394,,
"31 July, 2017",United States,Chicago,Illinois_Chicago,Technology,36.792,,
"13 November, 2017",United States,Chicago,Illinois_Chicago,Office Supplies,,,230.376
"23 September, 2017",United States,Chicago,Illinois_Chicago,Office Supplies,93.912,,
"11 September, 2016",United States,Chicago,Illinois_Chicago,Office Supplies,7.908,,
"06 May, 2016",United States,Chicago,Illinois_Chicago,Technology,26.176,,
"04 June, 2016",United States,Chicago,Illinois_Chicago,Office Supplies,33.328,,
"05 March, 2015",United States,Chicago,Illinois_Chicago,Furniture,4.712,,
"18 November, 2017",United States,Chicago,Illinois_Chicago,Furniture,127.386,,
"20 August, 2014",United States,Chicago,Illinois_Chicago,Furniture,421.372,,
"12 July, 2015",United States,Chicago,Illinois_Chicago,Furniture,391.367,,
"23 December, 2016",United States,Chicago,Illinois_Chicago,Furniture,,141.372,
"13 March, 2017",United States,Chicago,Illinois_Chicago,Technology,,,1204.33
"13 May, 2015",United States,Chicago,Illinois_Chicago,Office Supplies,,,16
"10 May, 2016",United States,Chicago,Illinois_Chicago,Office Supplies,7.072,,
"19 October, 2017",United States,Chicago,Illinois_Chicago,Furniture,91.275,,
"31 May, 2015",United States,Chicago,Illinois_Chicago,Furniture,,51.56,
"14 March, 2017",United States,Chicago,Illinois_Chicago,Technology,,49.616,
"17 May, 2016",United States,Chicago,Illinois_Chicago,Furniture,22.608,,
