Date,Country,City,State_City,Category,Consumer,Corporate,Home_Office
"19 February, 2017",United States,Roswell,Georgia_Roswell,Office Supplies,,1245.86,
"15 May, 2015",United States,Roswell,Georgia_Roswell,Office Supplies,,17.94,
"10 December, 2015",United States,Roswell,Georgia_Roswell,Technology,101.94,,
"04 September, 2015",United States,Roswell,Georgia_Roswell,Office Supplies,299.54,,
"13 June, 2015",United States,Roswell,Georgia_Roswell,Office Supplies,,6.48,
"08 April, 2017",United States,Roswell,Georgia_Roswell,Office Supplies,,2690.97,
"08 April, 2017",United States,Roswell,Georgia_Roswell,Furniture,,56.28,
"10 December, 2015",United States,Roswell,Georgia_Roswell,Office Supplies,27.7,,
"04 September, 2015",United States,Roswell,Georgia_Roswell,Technology,619.95,,
"15 January, 2014",United States,Roswell,Georgia_Roswell,Technology,149.95,,
"02 June, 2014",United States,Roswell,Georgia_Roswell,Office Supplies,365.5,,
"02 June, 2014",United States,Roswell,Georgia_Roswell,Technology,239.97,,
"17 September, 2017",United States,Roswell,Georgia_Roswell,Office Supplies,,,106.32
"17 September, 2017",United States,Roswell,Georgia_Roswell,Furniture,,,723.92
