Date,Country,City,State_City,Category,Consumer,Corporate,Home_Office
"07 September, 2017",United States,Providence,Rhode Island_Providence,Office Supplies,56.86,,
"02 August, 2015",United States,Providence,Rhode Island_Providence,Technology,,,328.83
"02 December, 2016",United States,Providence,Rhode Island_Providence,Technology,,,629.95
"02 December, 2016",United States,Providence,Rhode Island_Providence,Furniture,,,72.42
"19 September, 2016",United States,Providence,Rhode Island_Providence,Furniture,,,872.32
"12 April, 2017",United States,Providence,Rhode Island_Providence,Office Supplies,69.66,,
"22 December, 2017",United States,Providence,Rhode Island_Providence,Office Supplies,,695.16,
"02 December, 2016",United States,Providence,Rhode Island_Providence,Office Supplies,,,2079.4
"31 December, 2014",United States,Providence,Rhode Island_Providence,Technology,,,1687.8
"02 August, 2015",United States,Providence,Rhode Island_Providence,Office Supplies,,,8.4
"04 October, 2016",United States,Providence,Rhode Island_Providence,Office Supplies,,,149.5
"27 February, 2015",United States,Providence,Rhode Island_Providence,Furniture,,493.92,
"04 October, 2016",United States,Providence,Rhode Island_Providence,Technology,,,5399.91
"08 July, 2016",United States,Providence,Rhode Island_Providence,Office Supplies,,12.96,
"22 December, 2017",United States,Providence,Rhode Island_Providence,Furniture,,220.98,
"31 December, 2014",United States,Providence,Rhode Island_Providence,Furniture,,,947.84
"02 August, 2015",United States,Providence,Rhode Island_Providence,Furniture,,,110.98
"27 February, 2015",United States,Providence,Rhode Island_Providence,Technology,,105.98,
"31 December, 2014",United States,Providence,Rhode Island_Providence,Office Supplies,,,210.58
"26 June, 2016",United States,Providence,Rhode Island_Providence,Office Supplies,14.9,,
"19 September, 2016",United States,Providence,Rhode Island_Providence,Office Supplies,69.52,,1672.8
"24 April, 2017",United States,Providence,Rhode Island_Providence,Technology,,69.98,
