Date,Country,City,State_City,Category,Consumer,Corporate,Home_Office
"08 December, 2016",United States,Greenville,North Carolina_Greenville,Technology,334.256,,
"28 October, 2016",United States,Greenville,North Carolina_Greenville,Office Supplies,,17.616,
"21 August, 2016",United States,Greenville,North Carolina_Greenville,Office Supplies,,,37.264
"25 February, 2017",United States,Greenville,North Carolina_Greenville,Furniture,428.704,,
"09 September, 2014",United States,Greenville,North Carolina_Greenville,Technology,1299.99,,
