Date,Country,City,State_City,Category,Consumer,Corporate,Home_Office
"29 July, 2016",United States,Charlotte,North Carolina_Charlotte,Office Supplies,732.156,,
"25 August, 2017",United States,Charlotte,North Carolina_Charlotte,Office Supplies,192.16,,
"19 September, 2014",United States,Charlotte,North Carolina_Charlotte,Office Supplies,67.344,,
"12 March, 2015",United States,Charlotte,North Carolina_Charlotte,Office Supplies,5.04,,
"04 November, 2016",United States,Charlotte,North Carolina_Charlotte,Furniture,,876.3,
"02 September, 2016",United States,Charlotte,North Carolina_Charlotte,Office Supplies,369.043,,
"01 November, 2014",United States,Charlotte,North Carolina_Charlotte,Office Supplies,,65.6,
"05 July, 2015",United States,Charlotte,North Carolina_Charlotte,Furniture,,4.928,
"23 November, 2017",United States,Charlotte,North Carolina_Charlotte,Technology,102.104,,
"06 May, 2017",United States,Charlotte,North Carolina_Charlotte,Office Supplies,190.661,,
"24 December, 2016",United States,Charlotte,North Carolina_Charlotte,Office Supplies,,,567.93
"18 December, 2017",United States,Charlotte,North Carolina_Charlotte,Office Supplies,12.672,,
"13 September, 2014",United States,Charlotte,North Carolina_Charlotte,Office Supplies,,18.648,
"04 January, 2016",United States,Charlotte,North Carolina_Charlotte,Technology,,959.968,
"23 April, 2016",United States,Charlotte,North Carolina_Charlotte,Office Supplies,,36.24,
"04 November, 2016",United States,Charlotte,North Carolina_Charlotte,Office Supplies,,230.624,
"23 November, 2017",United States,Charlotte,North Carolina_Charlotte,Office Supplies,3.304,,
"01 August, 2014",United States,Charlotte,North Carolina_Charlotte,Office Supplies,,158.768,
"08 October, 2016",United States,Charlotte,North Carolina_Charlotte,Office Supplies,387.72,,
"07 October, 2017",United States,Charlotte,North Carolina_Charlotte,Furniture,,,154.764
"17 November, 2017",United States,Charlotte,North Carolina_Charlotte,Technology,431.16,,
"01 November, 2014",United States,Charlotte,North Carolina_Charlotte,Technology,,978.84,
"17 November, 2017",United States,Charlotte,North Carolina_Charlotte,Office Supplies,268.24,,
"20 August, 2017",United States,Charlotte,North Carolina_Charlotte,Technology,,,35.96
"21 January, 2017",United States,Charlotte,North Carolina_Charlotte,Office Supplies,,,383.992
"05 July, 2015",United States,Charlotte,North Carolina_Charlotte,Office Supplies,,11.784,
"02 September, 2016",United States,Charlotte,North Carolina_Charlotte,Furniture,472.518,,
"08 October, 2014",United States,Charlotte,North Carolina_Charlotte,Technology,23.472,,
"06 May, 2017",United States,Charlotte,North Carolina_Charlotte,Technology,627.168,,
"02 September, 2016",United States,Charlotte,North Carolina_Charlotte,Technology,1012.68,,
"19 September, 2014",United States,Charlotte,North Carolina_Charlotte,Technology,2624.985,,
"16 July, 2017",United States,Charlotte,North Carolina_Charlotte,Furniture,242.352,,
"07 October, 2017",United States,Charlotte,North Carolina_Charlotte,Technology,,,222.384
"01 August, 2014",United States,Charlotte,North Carolina_Charlotte,Furniture,,44.128,
"24 December, 2016",United States,Charlotte,North Carolina_Charlotte,Technology,,,255.68
"01 August, 2017",United States,Charlotte,North Carolina_Charlotte,Technology,271.96,,
"07 October, 2017",United States,Charlotte,North Carolina_Charlotte,Office Supplies,,,650.062
