Date,Country,City,State_City,Category,Consumer,Corporate,Home_Office
"04 October, 2016",United States,Baltimore,Maryland_Baltimore,Furniture,239.372,,
"24 May, 2014",United States,Baltimore,Maryland_Baltimore,Office Supplies,116.28,,
"03 September, 2016",United States,Baltimore,Maryland_Baltimore,Furniture,359.7,,
"10 December, 2015",United States,Baltimore,Maryland_Baltimore,Technology,,134.99,
"08 November, 2017",United States,Baltimore,Maryland_Baltimore,Furniture,,274.2,
"30 July, 2017",United States,Baltimore,Maryland_Baltimore,Technology,89.95,,
"07 August, 2015",United States,Baltimore,Maryland_Baltimore,Office Supplies,,77.58,
"14 May, 2017",United States,Baltimore,Maryland_Baltimore,Office Supplies,,129.66,
"14 May, 2017",United States,Baltimore,Maryland_Baltimore,Technology,,89.97,
"16 July, 2015",United States,Baltimore,Maryland_Baltimore,Office Supplies,,,148.77
"28 November, 2017",United States,Baltimore,Maryland_Baltimore,Furniture,,,1070.1
"21 October, 2016",United States,Baltimore,Maryland_Baltimore,Technology,98.16,,
"16 July, 2015",United States,Baltimore,Maryland_Baltimore,Furniture,,,150.98
"14 April, 2016",United States,Baltimore,Maryland_Baltimore,Office Supplies,25.06,,
"03 September, 2016",United States,Baltimore,Maryland_Baltimore,Office Supplies,71.24,,
"13 February, 2017",United States,Baltimore,Maryland_Baltimore,Office Supplies,35.73,,
"28 November, 2017",United States,Baltimore,Maryland_Baltimore,Office Supplies,,,1.64
"24 November, 2016",United States,Baltimore,Maryland_Baltimore,Furniture,,207.76,
"30 September, 2017",United States,Baltimore,Maryland_Baltimore,Office Supplies,164.88,,
"13 April, 2014",United States,Baltimore,Maryland_Baltimore,Office Supplies,,,7.83
"14 November, 2016",United States,Baltimore,Maryland_Baltimore,Technology,89.97,,
"14 May, 2017",United States,Baltimore,Maryland_Baltimore,Furniture,,261.96,
"28 April, 2014",United States,Baltimore,Maryland_Baltimore,Office Supplies,,526.96,
"12 December, 2015",United States,Baltimore,Maryland_Baltimore,Office Supplies,8.22,,
"21 April, 2017",United States,Baltimore,Maryland_Baltimore,Furniture,908.82,,
"12 September, 2017",United States,Baltimore,Maryland_Baltimore,Office Supplies,225.61,,
"10 December, 2015",United States,Baltimore,Maryland_Baltimore,Office Supplies,,98.51,
"10 December, 2015",United States,Baltimore,Maryland_Baltimore,Furniture,,542.94,
