Date,Country,City,State_City,Category,Consumer,Corporate,Home_Office
"26 May, 2017",United States,Louisville,Kentucky_Louisville,Office Supplies,,234.2,
"21 August, 2017",United States,Louisville,Colorado_Louisville,Furniture,22.752,,
"25 November, 2017",United States,Louisville,Kentucky_Louisville,Furniture,,701.96,
"27 May, 2017",United States,Louisville,Kentucky_Louisville,Technology,,,539.97
"13 October, 2015",United States,Louisville,Kentucky_Louisville,Furniture,287.94,,
"12 September, 2016",United States,Louisville,Colorado_Louisville,Technology,,,146.952
"30 April, 2014",United States,Louisville,Kentucky_Louisville,Office Supplies,1000.95,,
"10 May, 2015",United States,Louisville,Colorado_Louisville,Technology,46.688,,
"04 November, 2016",United States,Louisville,Kentucky_Louisville,Office Supplies,10.74,,
"25 December, 2017",United States,Louisville,Kentucky_Louisville,Office Supplies,95.94,,
"05 May, 2017",United States,Louisville,Colorado_Louisville,Office Supplies,30.792,,
"21 April, 2015",United States,Louisville,Kentucky_Louisville,Furniture,401.84,,
"18 November, 2014",United States,Louisville,Colorado_Louisville,Furniture,145.98,,
"21 April, 2015",United States,Louisville,Kentucky_Louisville,Office Supplies,21.3,,
"13 October, 2017",United States,Louisville,Kentucky_Louisville,Office Supplies,348.56,,
"21 April, 2015",United States,Louisville,Kentucky_Louisville,Technology,469.95,,
"17 April, 2017",United States,Louisville,Colorado_Louisville,Technology,,,2549.985
"27 May, 2017",United States,Louisville,Kentucky_Louisville,Office Supplies,,,58.34
"24 July, 2015",United States,Louisville,Kentucky_Louisville,Technology,,,279.86
"29 December, 2017",United States,Louisville,Kentucky_Louisville,Office Supplies,47.11,,
"27 July, 2015",United States,Louisville,Kentucky_Louisville,Technology,29.97,,
"17 August, 2017",United States,Louisville,Kentucky_Louisville,Technology,,,98.16
"29 December, 2017",United States,Louisville,Kentucky_Louisville,Furniture,1767.57,,
"27 December, 2016",United States,Louisville,Kentucky_Louisville,Office Supplies,2.61,,
"18 November, 2014",United States,Louisville,Colorado_Louisville,Office Supplies,35.808,,
"13 October, 2015",United States,Louisville,Kentucky_Louisville,Technology,83.72,,
"12 May, 2015",United States,Louisville,Colorado_Louisville,Technology,201.584,,
"05 May, 2016",United States,Louisville,Kentucky_Louisville,Office Supplies,79.14,,
"23 September, 2017",United States,Louisville,Colorado_Louisville,Furniture,,29.328,
"11 November, 2014",United States,Louisville,Colorado_Louisville,Office Supplies,3.392,,
"17 August, 2017",United States,Louisville,Kentucky_Louisville,Office Supplies,,,102.93
"17 April, 2017",United States,Louisville,Colorado_Louisville,Office Supplies,,,63.324
"22 June, 2014",United States,Louisville,Colorado_Louisville,Technology,196.752,,
"20 February, 2017",United States,Louisville,Colorado_Louisville,Office Supplies,,9.432,
"11 November, 2014",United States,Louisville,Colorado_Louisville,Furniture,603.92,,
"24 July, 2015",United States,Louisville,Kentucky_Louisville,Office Supplies,,,225.15
"11 November, 2014",United States,Louisville,Colorado_Louisville,Technology,559.984,,
"12 September, 2016",United States,Louisville,Colorado_Louisville,Furniture,,,83.136
"24 July, 2015",United States,Louisville,Kentucky_Louisville,Furniture,,,20.94
"09 May, 2015",United States,Louisville,Kentucky_Louisville,Office Supplies,48.81,,
"18 December, 2015",United States,Louisville,Colorado_Louisville,Office Supplies,,6.848,
"25 December, 2017",United States,Louisville,Kentucky_Louisville,Furniture,304.45,,
"05 May, 2017",United States,Louisville,Colorado_Louisville,Furniture,89.991,,
"21 August, 2017",United States,Louisville,Colorado_Louisville,Office Supplies,243.768,,
"22 September, 2016",United States,Louisville,Kentucky_Louisville,Furniture,,,13.28
