Date,Country,City,State_City,Category,Consumer,Corporate,Home_Office
"07 May, 2017",United States,Detroit,Michigan_Detroit,Furniture,,1962.09,
"11 November, 2016",United States,Detroit,Michigan_Detroit,Technology,257.98,,
"01 June, 2015",United States,Detroit,Michigan_Detroit,Office Supplies,432.59,,
"04 April, 2014",United States,Detroit,Michigan_Detroit,Furniture,5.47,,
"29 August, 2015",United States,Detroit,Michigan_Detroit,Technology,,,246.5
"05 September, 2016",United States,Detroit,Michigan_Detroit,Furniture,255.16,,
"23 January, 2017",United States,Detroit,Michigan_Detroit,Furniture,,210.98,
"01 September, 2017",United States,Detroit,Michigan_Detroit,Furniture,498.26,,
"14 June, 2014",United States,Detroit,Michigan_Detroit,Furniture,,,212.94
"28 June, 2014",United States,Detroit,Michigan_Detroit,Office Supplies,,6.08,
"07 January, 2017",United States,Detroit,Michigan_Detroit,Technology,,3059.982,
"10 June, 2014",United States,Detroit,Michigan_Detroit,Office Supplies,,491.55,
"31 July, 2016",United States,Detroit,Michigan_Detroit,Office Supplies,283.14,,
"23 May, 2015",United States,Detroit,Michigan_Detroit,Office Supplies,,,850.5
"23 November, 2014",United States,Detroit,Michigan_Detroit,Office Supplies,14.67,,
"11 March, 2017",United States,Detroit,Michigan_Detroit,Office Supplies,895.92,,
"19 October, 2015",United States,Detroit,Michigan_Detroit,Office Supplies,,38.28,
"22 October, 2016",United States,Detroit,Michigan_Detroit,Furniture,,,31.4
"31 July, 2016",United States,Detroit,Michigan_Detroit,Furniture,272.94,,
"01 September, 2016",United States,Detroit,Michigan_Detroit,Office Supplies,468.72,,
"09 August, 2015",United States,Detroit,Michigan_Detroit,Furniture,,622.45,
"27 May, 2016",United States,Detroit,Michigan_Detroit,Furniture,,3504.9,
"11 December, 2015",United States,Detroit,Michigan_Detroit,Office Supplies,23,,
"17 December, 2015",United States,Detroit,Michigan_Detroit,Furniture,1204.09,,
"15 December, 2016",United States,Detroit,Michigan_Detroit,Furniture,,1652.94,
"26 August, 2016",United States,Detroit,Michigan_Detroit,Technology,689.94,,
"07 May, 2017",United States,Detroit,Michigan_Detroit,Office Supplies,,87.444,
"20 April, 2017",United States,Detroit,Michigan_Detroit,Office Supplies,183.42,,
"09 April, 2017",United States,Detroit,Michigan_Detroit,Office Supplies,478.24,,
"09 April, 2016",United States,Detroit,Michigan_Detroit,Office Supplies,,,5.28
"09 October, 2015",United States,Detroit,Michigan_Detroit,Furniture,389.97,,
"27 May, 2016",United States,Detroit,Michigan_Detroit,Office Supplies,,458.67,
"29 November, 2015",United States,Detroit,Michigan_Detroit,Furniture,,1106.91,
"30 October, 2015",United States,Detroit,Michigan_Detroit,Technology,,,299.9
"20 April, 2015",United States,Detroit,Michigan_Detroit,Office Supplies,180.96,,
"09 December, 2017",United States,Detroit,Michigan_Detroit,Furniture,,872.94,
"26 August, 2017",United States,Detroit,Michigan_Detroit,Office Supplies,,,53.72
"10 August, 2015",United States,Detroit,Michigan_Detroit,Office Supplies,64.75,,
"27 September, 2015",United States,Detroit,Michigan_Detroit,Office Supplies,,42.32,
"25 December, 2015",United States,Detroit,Michigan_Detroit,Furniture,,160.98,
"23 May, 2015",United States,Detroit,Michigan_Detroit,Furniture,,,75.33
"31 July, 2016",United States,Detroit,Michigan_Detroit,Technology,754.95,,
"09 September, 2014",United States,Detroit,Michigan_Detroit,Office Supplies,103.6,,
"29 November, 2015",United States,Detroit,Michigan_Detroit,Office Supplies,,19.92,
"22 November, 2016",United States,Detroit,Michigan_Detroit,Office Supplies,49.44,,
"07 October, 2017",United States,Detroit,Michigan_Detroit,Office Supplies,85.52,,
"25 December, 2015",United States,Detroit,Michigan_Detroit,Office Supplies,,20.62,
"22 June, 2017",United States,Detroit,Michigan_Detroit,Furniture,,,487.96
"26 June, 2017",United States,Detroit,Michigan_Detroit,Technology,,,543.92
"26 August, 2016",United States,Detroit,Michigan_Detroit,Furniture,447.84,,
"17 December, 2015",United States,Detroit,Michigan_Detroit,Office Supplies,29.52,,
"01 June, 2014",United States,Detroit,Michigan_Detroit,Office Supplies,,204.08,
"09 April, 2016",United States,Detroit,Michigan_Detroit,Technology,,,517.9
"11 November, 2015",United States,Detroit,Michigan_Detroit,Office Supplies,,542.178,
"11 December, 2015",United States,Detroit,Michigan_Detroit,Technology,301.22,,
"01 June, 2015",United States,Detroit,Michigan_Detroit,Technology,341.88,,
"19 October, 2015",United States,Detroit,Michigan_Detroit,Technology,,149.95,
"09 December, 2017",United States,Detroit,Michigan_Detroit,Office Supplies,83.36,54.5,
"30 January, 2014",United States,Detroit,Michigan_Detroit,Office Supplies,240.5,,
"01 September, 2016",United States,Detroit,Michigan_Detroit,Technology,8.78,,
"11 November, 2017",United States,Detroit,Michigan_Detroit,Office Supplies,181.86,,
"09 October, 2015",United States,Detroit,Michigan_Detroit,Office Supplies,269.91,,
"26 June, 2017",United States,Detroit,Michigan_Detroit,Office Supplies,,,20.46
"30 November, 2016",United States,Detroit,Michigan_Detroit,Furniture,389.97,,
"16 December, 2014",United States,Detroit,Michigan_Detroit,Office Supplies,,114.2,
"20 August, 2016",United States,Detroit,Michigan_Detroit,Technology,,,14.78
"22 December, 2017",United States,Detroit,Michigan_Detroit,Furniture,1998.49,,
"31 December, 2015",United States,Detroit,Michigan_Detroit,Office Supplies,,116.4,
"26 August, 2016",United States,Detroit,Michigan_Detroit,Office Supplies,20.2,,
"09 August, 2015",United States,Detroit,Michigan_Detroit,Office Supplies,,24.18,
"05 September, 2016",United States,Detroit,Michigan_Detroit,Office Supplies,379.3,,
"30 November, 2016",United States,Detroit,Michigan_Detroit,Office Supplies,543.98,,
"25 December, 2015",United States,Detroit,Michigan_Detroit,Technology,,73.98,
"15 December, 2016",United States,Detroit,Michigan_Detroit,Office Supplies,,296.37,
"22 December, 2017",United States,Detroit,Michigan_Detroit,Technology,284.94,,
"04 April, 2014",United States,Detroit,Michigan_Detroit,Office Supplies,79.36,,
"17 December, 2016",United States,Detroit,Michigan_Detroit,Office Supplies,9892.74,,
"09 December, 2017",United States,Detroit,Michigan_Detroit,Technology,104.88,,
