Date,Country,City,State_City,Category,Consumer,Corporate,Home_Office
"09 September, 2014",United States,Lowell,Massachusetts_Lowell,Office Supplies,,1518.49,
"02 December, 2017",United States,Lowell,Massachusetts_Lowell,Office Supplies,291.22,,
"12 March, 2017",United States,Lowell,Massachusetts_Lowell,Technology,,69.93,
"01 December, 2014",United States,Lowell,Massachusetts_Lowell,Furniture,55.66,,
"08 July, 2017",United States,Lowell,Massachusetts_Lowell,Office Supplies,45.08,,
"06 June, 2016",United States,Lowell,Massachusetts_Lowell,Office Supplies,714.3,105.52,
"02 December, 2017",United States,Lowell,Massachusetts_Lowell,Technology,979.95,,
"01 December, 2014",United States,Lowell,Massachusetts_Lowell,Technology,271.9,,
"09 September, 2014",United States,Lowell,Massachusetts_Lowell,Furniture,,785.88,
