Date,Country,City,State_City,Category,Consumer,Corporate,Home_Office
"15 November, 2015",United States,Harrisonburg,Virginia_Harrisonburg,Furniture,,,39.96
"09 June, 2014",United States,Harrisonburg,Virginia_Harrisonburg,Furniture,1441.3,,
"26 May, 2017",United States,Harrisonburg,Virginia_Harrisonburg,Technology,23.08,,
"20 December, 2014",United States,Harrisonburg,Virginia_Harrisonburg,Office Supplies,,,184.79
"20 December, 2014",United States,Harrisonburg,Virginia_Harrisonburg,Furniture,,,2699.58
