Date,Country,City,State_City,Category,Consumer,Corporate,Home_Office
"10 November, 2014",United States,Midland,Michigan_Midland,Office Supplies,630.93,,
"03 June, 2014",United States,Midland,Michigan_Midland,Office Supplies,,,15.28
"19 May, 2014",United States,Midland,Michigan_Midland,Office Supplies,57.42,,
"10 November, 2014",United States,Midland,Michigan_Midland,Furniture,563.94,,
"28 April, 2015",United States,Midland,Michigan_Midland,Office Supplies,,,3999.702
"14 November, 2014",United States,Midland,Michigan_Midland,Office Supplies,24.24,,
