Date,Country,City,State_City,Category,Consumer,Corporate,Home_Office
"29 October, 2017",United States,Auburn,New York_Auburn,Office Supplies,,46.96,
"21 May, 2017",United States,Auburn,New York_Auburn,Furniture,,520.05,
"16 March, 2015",United States,Auburn,Alabama_Auburn,Office Supplies,498.93,,
"01 April, 2016",United States,Auburn,New York_Auburn,Technology,35.12,,
"18 September, 2016",United States,Auburn,Alabama_Auburn,Furniture,350.98,,
"12 September, 2015",United States,Auburn,New York_Auburn,Office Supplies,193.26,,
"21 May, 2017",United States,Auburn,New York_Auburn,Office Supplies,,17.97,
"01 April, 2016",United States,Auburn,New York_Auburn,Office Supplies,525.66,,
"18 September, 2016",United States,Auburn,Alabama_Auburn,Office Supplies,913.16,,
"04 December, 2016",United States,Auburn,New York_Auburn,Office Supplies,15.528,,
"14 July, 2016",United States,Auburn,New York_Auburn,Office Supplies,29.61,,
"11 June, 2017",United States,Auburn,Alabama_Auburn,Office Supplies,,,3.76
"13 November, 2016",United States,Auburn,Washington_Auburn,Furniture,,,4.18
