Date,Country,City,State_City,Category,Consumer,Corporate,Home_Office
"27 May, 2017",United States,Greensboro,North Carolina_Greensboro,Technology,,27.192,
"20 September, 2016",United States,Greensboro,North Carolina_Greensboro,Furniture,,115.48,
"10 October, 2016",United States,Greensboro,North Carolina_Greensboro,Office Supplies,,24.703,
"27 May, 2017",United States,Greensboro,North Carolina_Greensboro,Office Supplies,,12.06,
"22 March, 2014",United States,Greensboro,North Carolina_Greensboro,Office Supplies,59.109,,
"04 November, 2017",United States,Greensboro,North Carolina_Greensboro,Technology,,1359.96,
"02 May, 2016",United States,Greensboro,North Carolina_Greensboro,Furniture,187.056,,
"04 November, 2017",United States,Greensboro,North Carolina_Greensboro,Furniture,,523.764,
"13 August, 2015",United States,Greensboro,North Carolina_Greensboro,Office Supplies,,64.68,
"02 December, 2017",United States,Greensboro,North Carolina_Greensboro,Office Supplies,32.776,,
