Date,Country,City,State_City,Category,Consumer,Corporate,Home_Office
"11 October, 2015",United States,Fort Lauderdale,Florida_Fort Lauderdale,Office Supplies,22.368,,
"15 May, 2016",United States,Fort Lauderdale,Florida_Fort Lauderdale,Office Supplies,7.764,,
"05 September, 2017",United States,Fort Lauderdale,Florida_Fort Lauderdale,Office Supplies,,,147.184
"24 October, 2014",United States,Fort Lauderdale,Florida_Fort Lauderdale,Office Supplies,,,10.368
"21 October, 2016",United States,Fort Lauderdale,Florida_Fort Lauderdale,Office Supplies,,,28.752
"31 July, 2017",United States,Fort Lauderdale,Florida_Fort Lauderdale,Technology,,,41.424
"25 November, 2017",United States,Fort Lauderdale,Florida_Fort Lauderdale,Furniture,723.92,,
"27 November, 2016",United States,Fort Lauderdale,Florida_Fort Lauderdale,Technology,116.76,,
"27 November, 2016",United States,Fort Lauderdale,Florida_Fort Lauderdale,Furniture,331.023,,
"11 October, 2015",United States,Fort Lauderdale,Florida_Fort Lauderdale,Furniture,957.5775,,
"11 November, 2017",United States,Fort Lauderdale,Florida_Fort Lauderdale,Office Supplies,,1158.12,
"10 September, 2016",United States,Fort Lauderdale,Florida_Fort Lauderdale,Technology,,519.68,
"10 December, 2017",United States,Fort Lauderdale,Florida_Fort Lauderdale,Furniture,19.104,,
"02 November, 2014",United States,Fort Lauderdale,Florida_Fort Lauderdale,Technology,,,799.92
"21 October, 2016",United States,Fort Lauderdale,Florida_Fort Lauderdale,Furniture,,,45.568
