Date,Country,City,State_City,Category,Consumer,Corporate,Home_Office
"24 December, 2015",United States,Rochester,New York_Rochester,Office Supplies,,167.31,
"25 September, 2017",United States,Rochester,Minnesota_Rochester,Furniture,269.97,,
"10 April, 2015",United States,Rochester,New York_Rochester,Office Supplies,,,156.71
"05 September, 2015",United States,Rochester,Minnesota_Rochester,Furniture,,6.16,
"23 October, 2017",United States,Rochester,New York_Rochester,Office Supplies,,37.96,
"20 December, 2017",United States,Rochester,New York_Rochester,Office Supplies,,13.464,
"03 October, 2017",United States,Rochester,New York_Rochester,Office Supplies,22.58,,
"23 October, 2017",United States,Rochester,New York_Rochester,Furniture,,69.08,
"04 December, 2017",United States,Rochester,Minnesota_Rochester,Technology,542.75,,
"25 September, 2017",United States,Rochester,Minnesota_Rochester,Office Supplies,8.26,,
"07 November, 2016",United States,Rochester,New York_Rochester,Office Supplies,406.564,,
"04 December, 2017",United States,Rochester,Minnesota_Rochester,Office Supplies,8.8,,
"22 December, 2017",United States,Rochester,Minnesota_Rochester,Furniture,607.52,,
"23 July, 2015",United States,Rochester,New York_Rochester,Office Supplies,10.512,,
"26 October, 2017",United States,Rochester,Minnesota_Rochester,Office Supplies,6.16,,
"05 March, 2017",United States,Rochester,Minnesota_Rochester,Office Supplies,375.71,,
"07 November, 2016",United States,Rochester,New York_Rochester,Technology,623.93,,
"26 October, 2017",United States,Rochester,Minnesota_Rochester,Technology,19.99,,
"22 December, 2017",United States,Rochester,Minnesota_Rochester,Office Supplies,31.16,,
"06 June, 2014",United States,Rochester,New York_Rochester,Office Supplies,13.36,,
"21 September, 2017",United States,Rochester,Minnesota_Rochester,Office Supplies,20.16,,
"04 February, 2017",United States,Rochester,New York_Rochester,Office Supplies,32.67,,
"28 May, 2015",United States,Rochester,New York_Rochester,Office Supplies,586.866,,
"28 May, 2015",United States,Rochester,New York_Rochester,Technology,45.99,,
"29 April, 2014",United States,Rochester,New York_Rochester,Furniture,17.46,,
"01 December, 2016",United States,Rochester,Minnesota_Rochester,Office Supplies,23.92,,
"05 September, 2015",United States,Rochester,Minnesota_Rochester,Office Supplies,,36.84,
"28 October, 2016",United States,Rochester,New York_Rochester,Furniture,,756.8,
"14 September, 2014",United States,Rochester,New York_Rochester,Office Supplies,460.22,,
"11 October, 2015",United States,Rochester,New York_Rochester,Technology,31.95,,
"22 June, 2015",United States,Rochester,New York_Rochester,Office Supplies,1217.568,,
"14 February, 2015",United States,Rochester,New York_Rochester,Office Supplies,26.424,,
"24 December, 2017",United States,Rochester,New York_Rochester,Furniture,,37.93,
"23 October, 2017",United States,Rochester,New York_Rochester,Technology,,35.88,
"12 October, 2015",United States,Rochester,New York_Rochester,Furniture,209.67,,
"16 December, 2017",United States,Rochester,New York_Rochester,Office Supplies,,,33.376
"17 June, 2016",United States,Rochester,New York_Rochester,Furniture,,376.866,
"14 February, 2015",United States,Rochester,New York_Rochester,Technology,625.99,,
