Date,Country,City,State_City,Category,Consumer,Corporate,Home_Office
"05 April, 2015",United States,Spokane,Washington_Spokane,Technology,239.94,,
"03 June, 2017",United States,Spokane,Washington_Spokane,Office Supplies,,,136.26
"05 April, 2015",United States,Spokane,Washington_Spokane,Office Supplies,23.84,,
"07 October, 2016",United States,Spokane,Washington_Spokane,Technology,,837.6,
"21 November, 2017",United States,Spokane,Washington_Spokane,Furniture,70.98,,
"31 August, 2017",United States,Spokane,Washington_Spokane,Office Supplies,,149.73,
"31 August, 2017",United States,Spokane,Washington_Spokane,Furniture,,569.568,
