Date,Country,City,State_City,Category,Consumer,Corporate,Home_Office
"05 August, 2014",United States,Meriden,Connecticut_Meriden,Office Supplies,,84.03,
"02 April, 2017",United States,Meriden,Connecticut_Meriden,Office Supplies,,,11.12
"05 August, 2014",United States,Meriden,Connecticut_Meriden,Furniture,,1133.35,
"02 September, 2017",United States,Meriden,Connecticut_Meriden,Office Supplies,237.64,,
"25 September, 2015",United States,Meriden,Connecticut_Meriden,Office Supplies,63.14,,
"21 June, 2014",United States,Meriden,Connecticut_Meriden,Office Supplies,21.4,,
