Date,Country,City,State_City,Category,Consumer,Corporate,Home_Office
"27 April, 2015",United States,Washington,District of Columbia_Washington,Technology,1379.92,,
"27 April, 2015",United States,Washington,District of Columbia_Washington,Office Supplies,22.74,,
"05 December, 2016",United States,Washington,District of Columbia_Washington,Office Supplies,,,33.92
"26 May, 2016",United States,Washington,District of Columbia_Washington,Furniture,41.37,,
"27 April, 2015",United States,Washington,District of Columbia_Washington,Furniture,1267.53,,
"26 May, 2016",United States,Washington,District of Columbia_Washington,Office Supplies,41.78,,
"12 January, 2017",United States,Washington,District of Columbia_Washington,Furniture,,,37.68
"12 January, 2017",United States,Washington,District of Columbia_Washington,Office Supplies,,,40.08
