Date,Country,City,State_City,Category,Consumer,Corporate,Home_Office
"28 July, 2017",United States,San Francisco,California_San Francisco,Office Supplies,,24.964,
"20 August, 2017",United States,San Francisco,California_San Francisco,Technology,,107.88,
"20 August, 2017",United States,San Francisco,California_San Francisco,Office Supplies,,243.78,
"26 June, 2016",United States,San Francisco,California_San Francisco,Furniture,22.14,,
"12 October, 2017",United States,San Francisco,California_San Francisco,Office Supplies,,,101.84
"02 November, 2014",United States,San Francisco,California_San Francisco,Office Supplies,362.92,,
"31 December, 2016",United States,San Francisco,California_San Francisco,Office Supplies,38.376,,
"20 July, 2014",United States,San Francisco,California_San Francisco,Office Supplies,112.542,,
"21 November, 2017",United States,San Francisco,California_San Francisco,Office Supplies,,52.496,
"09 December, 2014",United States,San Francisco,California_San Francisco,Office Supplies,,34.68,
"30 July, 2015",United States,San Francisco,California_San Francisco,Furniture,5.28,,
"12 January, 2017",United States,San Francisco,California_San Francisco,Office Supplies,,9.78,
"17 June, 2017",United States,San Francisco,California_San Francisco,Office Supplies,51.312,,
"28 December, 2017",United States,San Francisco,California_San Francisco,Office Supplies,,725.84,
"16 October, 2014",United States,San Francisco,California_San Francisco,Technology,179.97,,
"24 June, 2017",United States,San Francisco,California_San Francisco,Office Supplies,2.88,,
"16 June, 2017",United States,San Francisco,California_San Francisco,Office Supplies,18.54,,
"17 October, 2016",United States,San Francisco,California_San Francisco,Office Supplies,,,18.16
"22 April, 2017",United States,San Francisco,California_San Francisco,Furniture,18.28,,
"10 December, 2016",United States,San Francisco,California_San Francisco,Furniture,321.568,,
"20 November, 2017",United States,San Francisco,California_San Francisco,Office Supplies,84.056,,
"19 October, 2014",United States,San Francisco,California_San Francisco,Office Supplies,,188.536,
"06 November, 2017",United States,San Francisco,California_San Francisco,Office Supplies,,,173.1
"11 November, 2016",United States,San Francisco,California_San Francisco,Office Supplies,31.504,,
"17 November, 2016",United States,San Francisco,California_San Francisco,Office Supplies,,,49.5
"19 June, 2017",United States,San Francisco,California_San Francisco,Furniture,50.32,,
"02 September, 2016",United States,San Francisco,California_San Francisco,Office Supplies,,,46.53
"01 October, 2017",United States,San Francisco,California_San Francisco,Technology,,,104.75
"29 December, 2014",United States,San Francisco,California_San Francisco,Technology,,959.928,
"15 September, 2017",United States,San Francisco,California_San Francisco,Office Supplies,210.948,,
"29 December, 2014",United States,San Francisco,California_San Francisco,Office Supplies,,310.242,
"31 July, 2017",United States,San Francisco,California_San Francisco,Furniture,36.96,,
"10 October, 2015",United States,San Francisco,California_San Francisco,Office Supplies,,45.36,
"24 November, 2017",United States,San Francisco,California_San Francisco,Technology,223.58,,
"08 December, 2016",United States,San Francisco,California_San Francisco,Furniture,,1421.664,
"19 September, 2016",United States,San Francisco,California_San Francisco,Office Supplies,,8.928,18.192
"12 May, 2017",United States,San Francisco,California_San Francisco,Furniture,,285.48,
"13 December, 2017",United States,San Francisco,California_San Francisco,Office Supplies,60.48,,
"06 March, 2017",United States,San Francisco,California_San Francisco,Office Supplies,,67.78,337.306
"19 December, 2017",United States,San Francisco,California_San Francisco,Office Supplies,36.672,,
"09 November, 2014",United States,San Francisco,California_San Francisco,Furniture,222.666,,
"12 March, 2016",United States,San Francisco,California_San Francisco,Furniture,,770.352,
"03 December, 2015",United States,San Francisco,California_San Francisco,Furniture,359.499,,
"16 May, 2014",United States,San Francisco,California_San Francisco,Technology,56.4,,
"03 January, 2017",United States,San Francisco,California_San Francisco,Office Supplies,2031.392,,
"08 October, 2015",United States,San Francisco,California_San Francisco,Furniture,145.9,,
"17 November, 2014",United States,San Francisco,California_San Francisco,Technology,,99.98,
"09 October, 2014",United States,San Francisco,California_San Francisco,Office Supplies,144.6,,
"15 August, 2014",United States,San Francisco,California_San Francisco,Office Supplies,310.146,,
"09 October, 2014",United States,San Francisco,California_San Francisco,Technology,15.992,,
"20 January, 2017",United States,San Francisco,California_San Francisco,Office Supplies,24.2,,
"19 February, 2016",United States,San Francisco,California_San Francisco,Office Supplies,70.88,,
"12 July, 2014",United States,San Francisco,California_San Francisco,Office Supplies,,7.712,
"03 September, 2015",United States,San Francisco,California_San Francisco,Office Supplies,,31.44,6.368
"03 March, 2016",United States,San Francisco,California_San Francisco,Office Supplies,,25.35,
"26 September, 2017",United States,San Francisco,California_San Francisco,Furniture,,9.24,
"28 September, 2015",United States,San Francisco,California_San Francisco,Office Supplies,,86.82,
"08 August, 2015",United States,San Francisco,California_San Francisco,Office Supplies,13.888,,
"29 November, 2014",United States,San Francisco,California_San Francisco,Technology,575.92,,
"22 May, 2017",United States,San Francisco,California_San Francisco,Office Supplies,,,12.62
"15 March, 2016",United States,San Francisco,California_San Francisco,Furniture,,1352.032,
"19 May, 2016",United States,San Francisco,California_San Francisco,Office Supplies,,9.584,
"16 August, 2016",United States,San Francisco,California_San Francisco,Office Supplies,10.86,,
"15 April, 2016",United States,San Francisco,California_San Francisco,Furniture,1121.568,,
"08 December, 2017",United States,San Francisco,California_San Francisco,Furniture,2454.421,,
"24 September, 2014",United States,San Francisco,California_San Francisco,Office Supplies,211.96,,
"17 December, 2016",United States,San Francisco,California_San Francisco,Furniture,2003.52,,
"07 April, 2016",United States,San Francisco,California_San Francisco,Technology,,1199.976,
"23 June, 2016",United States,San Francisco,California_San Francisco,Office Supplies,135.59,,
"26 March, 2014",United States,San Francisco,California_San Francisco,Office Supplies,,31.296,
"14 July, 2016",United States,San Francisco,California_San Francisco,Furniture,30.8,,
"04 April, 2014",United States,San Francisco,California_San Francisco,Office Supplies,,,18.9
"14 July, 2016",United States,San Francisco,California_San Francisco,Technology,110.376,,
"06 September, 2014",United States,San Francisco,California_San Francisco,Furniture,,41.88,
"04 September, 2016",United States,San Francisco,California_San Francisco,Furniture,24.27,,
"30 October, 2017",United States,San Francisco,California_San Francisco,Furniture,71.992,,
"25 September, 2016",United States,San Francisco,California_San Francisco,Office Supplies,16.56,,
"27 August, 2014",United States,San Francisco,California_San Francisco,Office Supplies,31.28,,
"31 July, 2016",United States,San Francisco,California_San Francisco,Furniture,,863.128,
"26 September, 2016",United States,San Francisco,California_San Francisco,Office Supplies,,12.96,
"11 February, 2017",United States,San Francisco,California_San Francisco,Office Supplies,,21.336,
"17 December, 2017",United States,San Francisco,California_San Francisco,Office Supplies,28.47,,
"20 September, 2016",United States,San Francisco,California_San Francisco,Office Supplies,,475.694,
"16 July, 2015",United States,San Francisco,California_San Francisco,Furniture,,2048.856,
"22 July, 2014",United States,San Francisco,California_San Francisco,Office Supplies,248.02,,
"23 July, 2014",United States,San Francisco,California_San Francisco,Technology,,952.128,
"13 January, 2014",United States,San Francisco,California_San Francisco,Furniture,333.999,,
"02 September, 2017",United States,San Francisco,California_San Francisco,Office Supplies,6.57,,
"17 April, 2015",United States,San Francisco,California_San Francisco,Office Supplies,1465.17,,
"03 September, 2017",United States,San Francisco,California_San Francisco,Office Supplies,,5.96,
"04 May, 2017",United States,San Francisco,California_San Francisco,Office Supplies,,17.61,
"04 May, 2017",United States,San Francisco,California_San Francisco,Technology,,183.96,
"05 August, 2014",United States,San Francisco,California_San Francisco,Office Supplies,61.76,,
"12 March, 2017",United States,San Francisco,California_San Francisco,Office Supplies,,242.94,
"13 January, 2014",United States,San Francisco,California_San Francisco,Office Supplies,1345.75,,
"13 April, 2016",United States,San Francisco,California_San Francisco,Office Supplies,6.12,,
"04 July, 2016",United States,San Francisco,California_San Francisco,Office Supplies,71.88,,
"11 November, 2016",United States,San Francisco,California_San Francisco,Furniture,500.072,,
"29 December, 2014",United States,San Francisco,California_San Francisco,Furniture,,95.46,
"31 October, 2016",United States,San Francisco,California_San Francisco,Furniture,,1403.92,
"05 May, 2016",United States,San Francisco,California_San Francisco,Furniture,71.088,,
"03 May, 2015",United States,San Francisco,California_San Francisco,Technology,339.96,,
"14 November, 2016",United States,San Francisco,California_San Francisco,Office Supplies,7.38,,
"30 October, 2017",United States,San Francisco,California_San Francisco,Technology,148.48,,
"08 May, 2017",United States,San Francisco,California_San Francisco,Office Supplies,81.08,,
"04 September, 2017",United States,San Francisco,California_San Francisco,Furniture,1478.272,,
"17 November, 2014",United States,San Francisco,California_San Francisco,Office Supplies,,975.39,
"27 October, 2016",United States,San Francisco,California_San Francisco,Office Supplies,,68.952,67.136
"25 March, 2014",United States,San Francisco,California_San Francisco,Office Supplies,46.88,,
"22 July, 2014",United States,San Francisco,California_San Francisco,Furniture,888.072,,
"12 May, 2015",United States,San Francisco,California_San Francisco,Office Supplies,38.52,,
"21 November, 2014",United States,San Francisco,California_San Francisco,Office Supplies,,12.96,6.58
"03 May, 2015",United States,San Francisco,California_San Francisco,Office Supplies,120.884,,
"21 September, 2014",United States,San Francisco,California_San Francisco,Office Supplies,211.3,,
"01 August, 2017",United States,San Francisco,California_San Francisco,Office Supplies,186.54,,
"15 October, 2017",United States,San Francisco,California_San Francisco,Office Supplies,,,87.92
"13 March, 2016",United States,San Francisco,California_San Francisco,Office Supplies,,4912.59,
"01 December, 2014",United States,San Francisco,California_San Francisco,Furniture,58.2,,
"07 November, 2017",United States,San Francisco,California_San Francisco,Office Supplies,21.792,,
"19 June, 2016",United States,San Francisco,California_San Francisco,Office Supplies,,17.12,
"20 January, 2017",United States,San Francisco,California_San Francisco,Technology,359.976,,
"15 August, 2014",United States,San Francisco,California_San Francisco,Furniture,195.136,,
"28 November, 2014",United States,San Francisco,California_San Francisco,Technology,139.93,,
"21 September, 2017",United States,San Francisco,California_San Francisco,Office Supplies,55.86,,
"15 November, 2014",United States,San Francisco,California_San Francisco,Office Supplies,,10.95,
"09 June, 2014",United States,San Francisco,California_San Francisco,Office Supplies,30.46,,
"30 April, 2015",United States,San Francisco,California_San Francisco,Office Supplies,,34.65,
"29 November, 2014",United States,San Francisco,California_San Francisco,Office Supplies,30.4,,
"25 July, 2014",United States,San Francisco,California_San Francisco,Furniture,77.92,,
"03 May, 2017",United States,San Francisco,California_San Francisco,Office Supplies,48.88,,
"27 December, 2014",United States,San Francisco,California_San Francisco,Office Supplies,12.84,,
"07 December, 2017",United States,San Francisco,California_San Francisco,Office Supplies,,,50.04
"02 December, 2016",United States,San Francisco,California_San Francisco,Office Supplies,100.25,,
"14 August, 2017",United States,San Francisco,California_San Francisco,Office Supplies,22.44,,
"04 September, 2016",United States,San Francisco,California_San Francisco,Technology,2799.96,,
"07 October, 2017",United States,San Francisco,California_San Francisco,Furniture,307.666,,
"27 May, 2014",United States,San Francisco,California_San Francisco,Technology,1213.494,,
"24 September, 2016",United States,San Francisco,California_San Francisco,Furniture,,63.2,
"27 October, 2017",United States,San Francisco,California_San Francisco,Technology,,95.84,
"03 September, 2015",United States,San Francisco,California_San Francisco,Technology,,147.35,
"11 September, 2017",United States,San Francisco,California_San Francisco,Furniture,32.36,,
"08 September, 2014",United States,San Francisco,California_San Francisco,Technology,49.98,,
"10 April, 2016",United States,San Francisco,California_San Francisco,Office Supplies,891.962,,
"03 August, 2017",United States,San Francisco,California_San Francisco,Furniture,123.96,,
"28 July, 2017",United States,San Francisco,California_San Francisco,Technology,,1145.6,
"21 July, 2014",United States,San Francisco,California_San Francisco,Office Supplies,,99.2,
"08 December, 2017",United States,San Francisco,California_San Francisco,Technology,1379.926,,
"07 November, 2016",United States,San Francisco,California_San Francisco,Technology,,479.97,
"11 September, 2017",United States,San Francisco,California_San Francisco,Office Supplies,406.6,,
"25 March, 2014",United States,San Francisco,California_San Francisco,Technology,45.48,,
"21 July, 2014",United States,San Francisco,California_San Francisco,Furniture,,1074.416,
"02 December, 2017",United States,San Francisco,California_San Francisco,Office Supplies,,678.1,
"14 June, 2016",United States,San Francisco,California_San Francisco,Technology,,,29.29
"23 September, 2017",United States,San Francisco,California_San Francisco,Office Supplies,186.784,,
"27 November, 2017",United States,San Francisco,California_San Francisco,Office Supplies,,244.55,
"01 October, 2016",United States,San Francisco,California_San Francisco,Furniture,194.848,,
"24 November, 2017",United States,San Francisco,California_San Francisco,Office Supplies,35.54,,
"15 September, 2017",United States,San Francisco,California_San Francisco,Furniture,748.252,,300.904
"19 March, 2017",United States,San Francisco,California_San Francisco,Technology,957.004,,
"25 November, 2017",United States,San Francisco,California_San Francisco,Office Supplies,15.64,,
"08 August, 2015",United States,San Francisco,California_San Francisco,Furniture,144.784,,
"31 March, 2014",United States,San Francisco,California_San Francisco,Office Supplies,726.548,,
"31 August, 2015",United States,San Francisco,California_San Francisco,Furniture,,1552.831,
"22 July, 2016",United States,San Francisco,California_San Francisco,Office Supplies,,6.3,
"07 November, 2016",United States,San Francisco,California_San Francisco,Furniture,,14.82,
"20 November, 2015",United States,San Francisco,California_San Francisco,Furniture,32.04,,
"05 October, 2017",United States,San Francisco,California_San Francisco,Office Supplies,,,121.816
"31 July, 2017",United States,San Francisco,California_San Francisco,Office Supplies,56.56,,
"25 July, 2014",United States,San Francisco,California_San Francisco,Office Supplies,8241.37,,
"25 May, 2015",United States,San Francisco,California_San Francisco,Furniture,,,14.73
"02 November, 2014",United States,San Francisco,California_San Francisco,Technology,46.384,,
"12 October, 2017",United States,San Francisco,California_San Francisco,Technology,,,0.99
"27 June, 2016",United States,San Francisco,California_San Francisco,Technology,201.584,,
"18 December, 2016",United States,San Francisco,California_San Francisco,Technology,,66.976,
"19 May, 2017",United States,San Francisco,California_San Francisco,Office Supplies,,,9.1
"09 July, 2014",United States,San Francisco,California_San Francisco,Furniture,,,119.833
"29 September, 2016",United States,San Francisco,California_San Francisco,Office Supplies,27.24,,
"15 March, 2016",United States,San Francisco,California_San Francisco,Office Supplies,,4.544,
"15 June, 2017",United States,San Francisco,California_San Francisco,Technology,47.976,,
"30 July, 2016",United States,San Francisco,California_San Francisco,Office Supplies,,715.64,
"25 July, 2016",United States,San Francisco,California_San Francisco,Office Supplies,,,37.17
"12 May, 2017",United States,San Francisco,California_San Francisco,Office Supplies,,265.558,
"27 October, 2017",United States,San Francisco,California_San Francisco,Furniture,,556.665,
"27 July, 2014",United States,San Francisco,California_San Francisco,Technology,238,,
"23 July, 2014",United States,San Francisco,California_San Francisco,Office Supplies,,40.7,
"01 August, 2014",United States,San Francisco,California_San Francisco,Office Supplies,19.752,,
"29 August, 2014",United States,San Francisco,California_San Francisco,Office Supplies,,123.28,
"21 November, 2014",United States,San Francisco,California_San Francisco,Technology,,,94.99
"27 September, 2015",United States,San Francisco,California_San Francisco,Office Supplies,,,175.29
"07 December, 2014",United States,San Francisco,California_San Francisco,Office Supplies,,,164.88
"21 August, 2015",United States,San Francisco,California_San Francisco,Office Supplies,,80.98,88.14
"19 March, 2017",United States,San Francisco,California_San Francisco,Office Supplies,19.824,,
"03 March, 2016",United States,San Francisco,California_San Francisco,Furniture,,35.28,
"19 May, 2017",United States,San Francisco,California_San Francisco,Technology,,,36.32
"27 November, 2017",United States,San Francisco,California_San Francisco,Technology,,166.16,
"18 March, 2014",United States,San Francisco,California_San Francisco,Furniture,,,1198.33
"31 August, 2015",United States,San Francisco,California_San Francisco,Office Supplies,,137.24,
"08 November, 2015",United States,San Francisco,California_San Francisco,Technology,119.9,,
"16 November, 2017",United States,San Francisco,California_San Francisco,Technology,,1919.976,
"22 April, 2016",United States,San Francisco,California_San Francisco,Furniture,31.56,,
"07 November, 2014",United States,San Francisco,California_San Francisco,Office Supplies,123.144,,
"05 January, 2015",United States,San Francisco,California_San Francisco,Office Supplies,,,143.52
"04 November, 2016",United States,San Francisco,California_San Francisco,Furniture,38.29,,
"14 June, 2016",United States,San Francisco,California_San Francisco,Furniture,,,8.73
"08 December, 2014",United States,San Francisco,California_San Francisco,Furniture,,119.32,
"28 April, 2014",United States,San Francisco,California_San Francisco,Technology,1679.96,,
"28 November, 2014",United States,San Francisco,California_San Francisco,Office Supplies,43.68,,48.76
"31 August, 2017",United States,San Francisco,California_San Francisco,Technology,,,689.408
"06 February, 2017",United States,San Francisco,California_San Francisco,Office Supplies,,,29.9
"09 November, 2014",United States,San Francisco,California_San Francisco,Technology,703.968,,
"28 November, 2015",United States,San Francisco,California_San Francisco,Office Supplies,45.28,,
"29 January, 2017",United States,San Francisco,California_San Francisco,Office Supplies,136.526,,
"05 November, 2015",United States,San Francisco,California_San Francisco,Office Supplies,62.8,,
"17 April, 2015",United States,San Francisco,California_San Francisco,Technology,1107.33,,
"29 October, 2015",United States,San Francisco,California_San Francisco,Office Supplies,,244.24,
"06 September, 2014",United States,San Francisco,California_San Francisco,Office Supplies,,58.48,
"10 November, 2016",United States,San Francisco,California_San Francisco,Office Supplies,29.74,225.828,45.616
"19 May, 2017",United States,San Francisco,California_San Francisco,Furniture,,,681.408
"30 November, 2017",United States,San Francisco,California_San Francisco,Furniture,,,25.83
"04 July, 2016",United States,San Francisco,California_San Francisco,Furniture,1304.565,,
"25 September, 2016",United States,San Francisco,California_San Francisco,Furniture,,477.666,
"14 July, 2016",United States,San Francisco,California_San Francisco,Office Supplies,151.62,,
"09 May, 2014",United States,San Francisco,California_San Francisco,Technology,235.77,,
"25 October, 2014",United States,San Francisco,California_San Francisco,Office Supplies,,49.408,
"13 August, 2017",United States,San Francisco,California_San Francisco,Office Supplies,206.67,,
"01 September, 2016",United States,San Francisco,California_San Francisco,Office Supplies,,21.88,
"30 January, 2016",United States,San Francisco,California_San Francisco,Office Supplies,399.26,,
"06 June, 2017",United States,San Francisco,California_San Francisco,Office Supplies,,,26.4
"30 January, 2017",United States,San Francisco,California_San Francisco,Office Supplies,129.3,,21.56
"02 October, 2017",United States,San Francisco,California_San Francisco,Technology,369.16,,
"07 November, 2016",United States,San Francisco,California_San Francisco,Office Supplies,57.584,,
"19 October, 2017",United States,San Francisco,California_San Francisco,Office Supplies,39.624,40.46,
"30 March, 2014",United States,San Francisco,California_San Francisco,Furniture,205.666,,
"09 July, 2014",United States,San Francisco,California_San Francisco,Office Supplies,,,52.264
"08 July, 2014",United States,San Francisco,California_San Francisco,Furniture,,502.488,
"23 April, 2014",United States,San Francisco,California_San Francisco,Office Supplies,,,48.91
"16 June, 2017",United States,San Francisco,California_San Francisco,Furniture,1212.96,,
"27 December, 2014",United States,San Francisco,California_San Francisco,Furniture,230.28,,
"10 December, 2015",United States,San Francisco,California_San Francisco,Office Supplies,5.76,,
"21 August, 2015",United States,San Francisco,California_San Francisco,Furniture,,586.398,544.008
"01 April, 2017",United States,San Francisco,California_San Francisco,Furniture,,482.664,
"13 May, 2017",United States,San Francisco,California_San Francisco,Office Supplies,,,58.48
"20 October, 2015",United States,San Francisco,California_San Francisco,Furniture,,16.02,
"16 April, 2017",United States,San Francisco,California_San Francisco,Office Supplies,,,40.74
"31 October, 2014",United States,San Francisco,California_San Francisco,Technology,,,73.584
"29 November, 2015",United States,San Francisco,California_San Francisco,Office Supplies,,,4.304
"01 December, 2016",United States,San Francisco,California_San Francisco,Furniture,16.74,,
"06 March, 2015",United States,San Francisco,California_San Francisco,Technology,1119.984,,
"25 October, 2015",United States,San Francisco,California_San Francisco,Office Supplies,60.45,,
"20 June, 2015",United States,San Francisco,California_San Francisco,Technology,,125.976,
"23 May, 2016",United States,San Francisco,California_San Francisco,Furniture,37.05,,
"19 September, 2014",United States,San Francisco,California_San Francisco,Office Supplies,,,5.67
"07 November, 2017",United States,San Francisco,California_San Francisco,Technology,439.8,,
"05 November, 2016",United States,San Francisco,California_San Francisco,Office Supplies,53.248,,
"04 May, 2017",United States,San Francisco,California_San Francisco,Furniture,,300.904,
"26 January, 2017",United States,San Francisco,California_San Francisco,Office Supplies,11.84,,
"26 July, 2015",United States,San Francisco,California_San Francisco,Office Supplies,167.86,,
"12 July, 2014",United States,San Francisco,California_San Francisco,Furniture,,698.352,
"30 April, 2017",United States,San Francisco,California_San Francisco,Furniture,,64.96,
"14 October, 2017",United States,San Francisco,California_San Francisco,Technology,46.36,,
"18 May, 2016",United States,San Francisco,California_San Francisco,Office Supplies,122.22,,
"06 March, 2015",United States,San Francisco,California_San Francisco,Furniture,435.26,,
"20 September, 2014",United States,San Francisco,California_San Francisco,Office Supplies,31.68,,
"06 November, 2017",United States,San Francisco,California_San Francisco,Technology,,,16.95
"27 December, 2015",United States,San Francisco,California_San Francisco,Technology,,668.16,
"31 August, 2015",United States,San Francisco,California_San Francisco,Technology,,276.486,
"16 October, 2014",United States,San Francisco,California_San Francisco,Office Supplies,14.352,,
"17 March, 2016",United States,San Francisco,California_San Francisco,Technology,84.784,,
"30 October, 2017",United States,San Francisco,California_San Francisco,Office Supplies,1773.3,,
"09 June, 2016",United States,San Francisco,California_San Francisco,Furniture,122.352,,
"28 October, 2016",United States,San Francisco,California_San Francisco,Office Supplies,,100.496,
"25 October, 2015",United States,San Francisco,California_San Francisco,Furniture,253.176,,
"14 June, 2016",United States,San Francisco,California_San Francisco,Office Supplies,,,15.68
"02 October, 2017",United States,San Francisco,California_San Francisco,Furniture,17.46,,
"25 November, 2017",United States,San Francisco,California_San Francisco,Furniture,359.499,,
"05 August, 2014",United States,San Francisco,California_San Francisco,Technology,16.36,,
"19 October, 2014",United States,San Francisco,California_San Francisco,Technology,,117.576,
"22 August, 2017",United States,San Francisco,California_San Francisco,Furniture,210.008,,
"21 September, 2014",United States,San Francisco,California_San Francisco,Technology,239.984,,
"01 May, 2015",United States,San Francisco,California_San Francisco,Office Supplies,84.556,,
"09 November, 2014",United States,San Francisco,California_San Francisco,Office Supplies,590.94,,
"13 March, 2016",United States,San Francisco,California_San Francisco,Furniture,,28.28,
"25 June, 2015",United States,San Francisco,California_San Francisco,Furniture,204.85,,
"06 December, 2015",United States,San Francisco,California_San Francisco,Office Supplies,7.78,,
"30 January, 2017",United States,San Francisco,California_San Francisco,Furniture,,,120.784
"14 November, 2017",United States,San Francisco,California_San Francisco,Furniture,,321.568,
"13 December, 2017",United States,San Francisco,California_San Francisco,Furniture,201.04,,
"23 June, 2016",United States,San Francisco,California_San Francisco,Technology,862.344,,
"23 December, 2017",United States,San Francisco,California_San Francisco,Office Supplies,13.48,,
"31 August, 2017",United States,San Francisco,California_San Francisco,Office Supplies,193.95,,6.672
"05 May, 2017",United States,San Francisco,California_San Francisco,Office Supplies,23.16,,
"30 April, 2017",United States,San Francisco,California_San Francisco,Office Supplies,,30.56,163.96
"25 April, 2017",United States,San Francisco,California_San Francisco,Technology,107.97,,
"26 November, 2014",United States,San Francisco,California_San Francisco,Office Supplies,,,81.98
"01 April, 2017",United States,San Francisco,California_San Francisco,Office Supplies,127.46,,
"20 November, 2017",United States,San Francisco,California_San Francisco,Furniture,42.6,,
"09 February, 2016",United States,San Francisco,California_San Francisco,Technology,,121.83,
"20 November, 2015",United States,San Francisco,California_San Francisco,Office Supplies,,,24.192
"16 September, 2017",United States,San Francisco,California_San Francisco,Office Supplies,,17.9,
"12 October, 2014",United States,San Francisco,California_San Francisco,Office Supplies,36.29,,
"01 April, 2017",United States,San Francisco,California_San Francisco,Technology,,4799.984,
"06 March, 2017",United States,San Francisco,California_San Francisco,Technology,,,206.384
"12 March, 2016",United States,San Francisco,California_San Francisco,Office Supplies,,862.01,
"08 December, 2016",United States,San Francisco,California_San Francisco,Office Supplies,386.43,53.92,
"24 October, 2016",United States,San Francisco,California_San Francisco,Technology,199.99,,450
"04 October, 2015",United States,San Francisco,California_San Francisco,Office Supplies,26.96,,
"04 September, 2017",United States,San Francisco,California_San Francisco,Office Supplies,13.344,,
"04 December, 2016",United States,San Francisco,California_San Francisco,Office Supplies,104.85,,
"03 August, 2017",United States,San Francisco,California_San Francisco,Office Supplies,51.75,,
"28 November, 2014",United States,San Francisco,California_San Francisco,Furniture,,,411.332
"27 December, 2015",United States,San Francisco,California_San Francisco,Office Supplies,,323.1,
"26 September, 2017",United States,San Francisco,California_San Francisco,Office Supplies,,1055.976,
"08 July, 2014",United States,San Francisco,California_San Francisco,Office Supplies,,196.704,
"24 September, 2017",United States,San Francisco,California_San Francisco,Office Supplies,,,38.38
"19 October, 2017",United States,San Francisco,California_San Francisco,Furniture,,54.928,
"27 August, 2014",United States,San Francisco,California_San Francisco,Technology,213.48,,
"18 December, 2017",United States,San Francisco,California_San Francisco,Office Supplies,,,5.76
"03 September, 2015",United States,San Francisco,California_San Francisco,Furniture,,,129.568
"19 June, 2017",United States,San Francisco,California_San Francisco,Office Supplies,24.56,,
"09 March, 2017",United States,San Francisco,California_San Francisco,Technology,,199.98,
"18 September, 2017",United States,San Francisco,California_San Francisco,Office Supplies,,163.38,
"08 September, 2014",United States,San Francisco,California_San Francisco,Office Supplies,8.608,,75.64
"12 August, 2014",United States,San Francisco,California_San Francisco,Technology,806.336,,
"20 October, 2015",United States,San Francisco,California_San Francisco,Technology,,239.97,
"03 November, 2017",United States,San Francisco,California_San Francisco,Office Supplies,35.88,,
"06 June, 2017",United States,San Francisco,California_San Francisco,Furniture,,,4.95
"08 December, 2017",United States,San Francisco,California_San Francisco,Office Supplies,121.16,313.064,
"23 March, 2017",United States,San Francisco,California_San Francisco,Furniture,,,211.84
"26 March, 2014",United States,San Francisco,California_San Francisco,Technology,,28.784,
"30 July, 2015",United States,San Francisco,California_San Francisco,Technology,209.93,,
"10 March, 2017",United States,San Francisco,California_San Francisco,Technology,,111.96,
"08 April, 2017",United States,San Francisco,California_San Francisco,Office Supplies,,,440.31
"20 June, 2015",United States,San Francisco,California_San Francisco,Furniture,,257.64,
"30 July, 2015",United States,San Francisco,California_San Francisco,Office Supplies,10.92,,
"12 August, 2014",United States,San Francisco,California_San Francisco,Furniture,85.44,,
"19 July, 2016",United States,San Francisco,California_San Francisco,Technology,,,425.954
"30 April, 2015",United States,San Francisco,California_San Francisco,Technology,,19.8,
