Date,Country,City,State_City,Category,Consumer,Corporate,Home_Office
"29 August, 2017",United States,Quincy,Illinois_Quincy,Office Supplies,,78.04,
"28 September, 2016",United States,Quincy,Illinois_Quincy,Office Supplies,,99.136,
"27 August, 2016",United States,Quincy,Massachusetts_Quincy,Furniture,244.615,,
"21 September, 2015",United States,Quincy,Massachusetts_Quincy,Furniture,,,85.3
"03 July, 2017",United States,Quincy,Massachusetts_Quincy,Office Supplies,,,24.56
"15 January, 2017",United States,Quincy,Massachusetts_Quincy,Office Supplies,12.7,,
"05 November, 2015",United States,Quincy,Illinois_Quincy,Office Supplies,19.824,,
"22 November, 2015",United States,Quincy,Massachusetts_Quincy,Office Supplies,14.94,,
"27 August, 2016",United States,Quincy,Massachusetts_Quincy,Office Supplies,245.19,,
"01 October, 2015",United States,Quincy,Illinois_Quincy,Office Supplies,2.992,,
"01 October, 2015",United States,Quincy,Illinois_Quincy,Technology,108.768,,
"27 August, 2016",United States,Quincy,Massachusetts_Quincy,Technology,59.97,,
"15 June, 2017",United States,Quincy,Illinois_Quincy,Office Supplies,19.56,,
"03 July, 2017",United States,Quincy,Massachusetts_Quincy,Technology,,,258.9
"30 September, 2016",United States,Quincy,Illinois_Quincy,Office Supplies,1.964,,
