Date,Country,City,State_City,Category,Consumer,Corporate,Home_Office
"29 December, 2014",United States,Saint Charles,Illinois_Saint Charles,Furniture,,,8.736
"21 December, 2015",United States,Saint Charles,Illinois_Saint Charles,Furniture,,,51.756
"07 September, 2017",United States,Saint Charles,Missouri_Saint Charles,Technology,113.52,,
"21 December, 2015",United States,Saint Charles,Illinois_Saint Charles,Technology,,,1237.97
"22 August, 2014",United States,Saint Charles,Missouri_Saint Charles,Office Supplies,11.56,,
"21 December, 2015",United States,Saint Charles,Illinois_Saint Charles,Office Supplies,,,59.904
"07 September, 2017",United States,Saint Charles,Missouri_Saint Charles,Furniture,135.3,,
"05 June, 2015",United States,Saint Charles,Missouri_Saint Charles,Office Supplies,,10.56,
"28 April, 2016",United States,Saint Charles,Illinois_Saint Charles,Furniture,30.344,,
