Date,Country,City,State_City,Category,Consumer,Corporate,Home_Office
"14 September, 2017",United States,New York City,New York_New York City,Furniture,,,589.41
"26 December, 2016",United States,New York City,New York_New York City,Technology,89.97,,
"25 May, 2014",United States,New York City,New York_New York City,Office Supplies,14.62,,
"02 November, 2014",United States,New York City,New York_New York City,Office Supplies,34.86,,
"20 November, 2017",United States,New York City,New York_New York City,Office Supplies,115.73,,
"05 December, 2017",United States,New York City,New York_New York City,Furniture,41.96,79.62,
"17 April, 2015",United States,New York City,New York_New York City,Technology,99.6,,
"03 October, 2017",United States,New York City,New York_New York City,Technology,,,371.97
"20 October, 2017",United States,New York City,New York_New York City,Office Supplies,,,24.55
"03 March, 2014",United States,New York City,New York_New York City,Office Supplies,,,151.08
"20 November, 2015",United States,New York City,New York_New York City,Office Supplies,19.65,71.97,
"18 August, 2017",United States,New York City,New York_New York City,Furniture,,138.44,
"23 July, 2015",United States,New York City,New York_New York City,Furniture,,,128.82
"04 November, 2014",United States,New York City,New York_New York City,Office Supplies,,,95.634
"06 August, 2017",United States,New York City,New York_New York City,Office Supplies,70.12,,
"12 August, 2016",United States,New York City,New York_New York City,Furniture,209.148,,145.764
"04 April, 2016",United States,New York City,New York_New York City,Office Supplies,588.784,,
"15 September, 2016",United States,New York City,New York_New York City,Office Supplies,,841.568,
"10 September, 2015",United States,New York City,New York_New York City,Office Supplies,6.08,,
"27 October, 2016",United States,New York City,New York_New York City,Office Supplies,83.878,,
"13 November, 2017",United States,New York City,New York_New York City,Technology,,629.95,
"12 September, 2015",United States,New York City,New York_New York City,Office Supplies,12.6,,
"14 July, 2014",United States,New York City,New York_New York City,Office Supplies,,17.94,
"01 September, 2016",United States,New York City,New York_New York City,Office Supplies,10.95,,4431.896
"14 July, 2016",United States,New York City,New York_New York City,Office Supplies,,98.988,
"03 July, 2016",United States,New York City,New York_New York City,Office Supplies,,706.86,
"17 December, 2017",United States,New York City,New York_New York City,Office Supplies,191.536,,
"30 November, 2015",United States,New York City,New York_New York City,Furniture,681.408,,
"18 May, 2017",United States,New York City,New York_New York City,Office Supplies,3.048,,
"14 October, 2016",United States,New York City,New York_New York City,Technology,,1091.93,
"08 December, 2017",United States,New York City,New York_New York City,Furniture,109.48,,
"05 October, 2017",United States,New York City,New York_New York City,Furniture,,221.382,
"18 August, 2017",United States,New York City,New York_New York City,Technology,,37.91,
"03 November, 2014",United States,New York City,New York_New York City,Office Supplies,56.752,,
"29 June, 2015",United States,New York City,New York_New York City,Office Supplies,24.96,,
"30 October, 2015",United States,New York City,New York_New York City,Technology,,1035.8,
"24 June, 2017",United States,New York City,New York_New York City,Furniture,449.454,,
"24 November, 2017",United States,New York City,New York_New York City,Furniture,321.568,977.292,
"17 November, 2014",United States,New York City,New York_New York City,Office Supplies,,,34.44
"06 August, 2016",United States,New York City,New York_New York City,Office Supplies,38.34,70.88,
"31 March, 2017",United States,New York City,New York_New York City,Office Supplies,75.04,,
"02 May, 2016",United States,New York City,New York_New York City,Furniture,,227.26,
"14 May, 2017",United States,New York City,New York_New York City,Technology,539.97,,
"06 August, 2014",United States,New York City,New York_New York City,Technology,199.98,,
"30 December, 2017",United States,New York City,New York_New York City,Office Supplies,52.776,,
"06 February, 2017",United States,New York City,New York_New York City,Technology,,227.46,
"20 September, 2017",United States,New York City,New York_New York City,Technology,1749.92,,
"04 December, 2016",United States,New York City,New York_New York City,Office Supplies,419.088,212.88,
"12 December, 2016",United States,New York City,New York_New York City,Furniture,,60.35,
"28 January, 2017",United States,New York City,New York_New York City,Technology,,,449.91
"17 September, 2015",United States,New York City,New York_New York City,Furniture,6432.388,,344.22
"17 September, 2016",United States,New York City,New York_New York City,Office Supplies,232.4,,
"05 December, 2017",United States,New York City,New York_New York City,Office Supplies,42.12,254.9,
"06 December, 2015",United States,New York City,New York_New York City,Furniture,113.92,,
"12 May, 2015",United States,New York City,New York_New York City,Office Supplies,36.63,,
"16 November, 2017",United States,New York City,New York_New York City,Office Supplies,146.82,,
"06 September, 2016",United States,New York City,New York_New York City,Technology,31.86,,
"01 November, 2015",United States,New York City,New York_New York City,Technology,1946.84,4.95,
"18 September, 2016",United States,New York City,New York_New York City,Office Supplies,4.616,,
"02 December, 2014",United States,New York City,New York_New York City,Furniture,883.92,,
"06 February, 2017",United States,New York City,New York_New York City,Furniture,240.784,,
"22 July, 2014",United States,New York City,New York_New York City,Technology,159.98,,
"10 June, 2017",United States,New York City,New York_New York City,Office Supplies,,22.53,
"02 September, 2016",United States,New York City,New York_New York City,Furniture,39.98,,
"27 December, 2014",United States,New York City,New York_New York City,Furniture,,,767.214
"06 February, 2017",United States,New York City,New York_New York City,Office Supplies,,46.24,
"30 March, 2014",United States,New York City,New York_New York City,Office Supplies,,10.5,
"19 November, 2017",United States,New York City,New York_New York City,Furniture,,,79.974
"28 November, 2017",United States,New York City,New York_New York City,Technology,,1979.89,
"09 August, 2015",United States,New York City,New York_New York City,Technology,1535.73,,
"22 July, 2014",United States,New York City,New York_New York City,Office Supplies,5.96,,
"04 November, 2014",United States,New York City,New York_New York City,Technology,,,4627.92
"17 March, 2015",United States,New York City,New York_New York City,Technology,,15.02,
"16 October, 2016",United States,New York City,New York_New York City,Furniture,,142.182,
"07 April, 2015",United States,New York City,New York_New York City,Office Supplies,48.5,,
"23 September, 2016",United States,New York City,New York_New York City,Office Supplies,,,10.528
"09 July, 2016",United States,New York City,New York_New York City,Furniture,,573.286,
"19 May, 2016",United States,New York City,New York_New York City,Office Supplies,745.544,,
"11 June, 2016",United States,New York City,New York_New York City,Technology,239.97,,
"10 December, 2016",United States,New York City,New York_New York City,Office Supplies,442.5,62.82,6.48
"03 June, 2017",United States,New York City,New York_New York City,Office Supplies,,45.36,
"30 June, 2014",United States,New York City,New York_New York City,Office Supplies,344.056,,
"16 September, 2014",United States,New York City,New York_New York City,Office Supplies,,33.552,
"07 June, 2016",United States,New York City,New York_New York City,Office Supplies,,,32.4
"07 May, 2016",United States,New York City,New York_New York City,Technology,4199.9,,
"14 April, 2017",United States,New York City,New York_New York City,Office Supplies,10.776,,
"15 May, 2016",United States,New York City,New York_New York City,Office Supplies,13.776,,
"09 October, 2015",United States,New York City,New York_New York City,Technology,631.96,,
"15 September, 2014",United States,New York City,New York_New York City,Furniture,14.56,,
"26 November, 2016",United States,New York City,New York_New York City,Furniture,,313.176,
"18 May, 2017",United States,New York City,New York_New York City,Furniture,14.56,,
"16 July, 2015",United States,New York City,New York_New York City,Technology,,599.9,
"20 January, 2017",United States,New York City,New York_New York City,Furniture,,207.846,
"21 February, 2016",United States,New York City,New York_New York City,Furniture,,135.8,
"27 February, 2016",United States,New York City,New York_New York City,Office Supplies,170.88,,
"09 September, 2016",United States,New York City,New York_New York City,Office Supplies,14.624,,
"07 April, 2016",United States,New York City,New York_New York City,Office Supplies,3.64,,
"17 April, 2015",United States,New York City,New York_New York City,Office Supplies,73.006,,
"22 December, 2016",United States,New York City,New York_New York City,Office Supplies,25.584,,
"18 December, 2017",United States,New York City,New York_New York City,Office Supplies,1746.58,,
"25 January, 2016",United States,New York City,New York_New York City,Furniture,,359.702,
"09 November, 2014",United States,New York City,New York_New York City,Furniture,,,56.52
"16 February, 2016",United States,New York City,New York_New York City,Furniture,326.646,,
"17 June, 2017",United States,New York City,New York_New York City,Technology,,,3505.84
"20 July, 2017",United States,New York City,New York_New York City,Furniture,,347.684,
"24 November, 2017",United States,New York City,New York_New York City,Office Supplies,197.3,5.88,
"10 December, 2015",United States,New York City,New York_New York City,Office Supplies,,,233.25
"01 September, 2016",United States,New York City,New York_New York City,Technology,541.38,,6.79
"03 September, 2015",United States,New York City,New York_New York City,Office Supplies,,120.33,
"12 March, 2016",United States,New York City,New York_New York City,Office Supplies,29.34,,
"14 September, 2014",United States,New York City,New York_New York City,Furniture,464.292,,
"07 September, 2017",United States,New York City,New York_New York City,Office Supplies,,478.08,
"18 August, 2016",United States,New York City,New York_New York City,Office Supplies,,355.32,
"13 February, 2017",United States,New York City,New York_New York City,Office Supplies,,17.94,
"19 April, 2016",United States,New York City,New York_New York City,Office Supplies,607.06,,
"06 November, 2017",United States,New York City,New York_New York City,Office Supplies,318.96,,
"18 December, 2015",United States,New York City,New York_New York City,Technology,166.24,,
"03 October, 2017",United States,New York City,New York_New York City,Furniture,,,83.92
"29 September, 2014",United States,New York City,New York_New York City,Office Supplies,1491.96,,
"01 April, 2017",United States,New York City,New York_New York City,Office Supplies,42.93,,
"28 December, 2017",United States,New York City,New York_New York City,Technology,14.85,,
"02 September, 2017",United States,New York City,New York_New York City,Furniture,,1548.476,
"20 November, 2014",United States,New York City,New York_New York City,Technology,,833.94,
"11 July, 2017",United States,New York City,New York_New York City,Technology,132.6,,
"26 June, 2017",United States,New York City,New York_New York City,Office Supplies,272.94,913.168,
"19 April, 2016",United States,New York City,New York_New York City,Technology,25.98,,
"23 September, 2014",United States,New York City,New York_New York City,Office Supplies,139.44,,18.464
"19 May, 2016",United States,New York City,New York_New York City,Furniture,75.68,,
"12 August, 2016",United States,New York City,New York_New York City,Office Supplies,1591.02,,
"08 December, 2017",United States,New York City,New York_New York City,Office Supplies,324.3,,
"26 June, 2016",United States,New York City,New York_New York City,Technology,,160.93,
"02 October, 2016",United States,New York City,New York_New York City,Office Supplies,,61.44,
"12 October, 2017",United States,New York City,New York_New York City,Office Supplies,9.96,,
"31 July, 2015",United States,New York City,New York_New York City,Office Supplies,19.44,,
"14 November, 2017",United States,New York City,New York_New York City,Office Supplies,8.64,,
"01 April, 2016",United States,New York City,New York_New York City,Furniture,1317.492,,
"08 May, 2015",United States,New York City,New York_New York City,Technology,2799.944,,
"24 September, 2015",United States,New York City,New York_New York City,Office Supplies,39.98,,
"27 November, 2015",United States,New York City,New York_New York City,Office Supplies,29.79,,
"11 August, 2014",United States,New York City,New York_New York City,Office Supplies,375.34,,
"05 March, 2015",United States,New York City,New York_New York City,Furniture,383.607,,
"14 July, 2016",United States,New York City,New York_New York City,Furniture,,579.136,
"28 November, 2015",United States,New York City,New York_New York City,Office Supplies,,62.24,
"21 July, 2017",United States,New York City,New York_New York City,Office Supplies,17.48,,
"20 October, 2015",United States,New York City,New York_New York City,Office Supplies,24.56,,
"30 December, 2014",United States,New York City,New York_New York City,Office Supplies,158.388,,
"29 December, 2017",United States,New York City,New York_New York City,Office Supplies,6.03,,
"19 February, 2016",United States,New York City,New York_New York City,Office Supplies,242.94,,
"29 June, 2014",United States,New York City,New York_New York City,Office Supplies,13.92,,
"12 December, 2016",United States,New York City,New York_New York City,Office Supplies,,46.72,
"03 September, 2017",United States,New York City,New York_New York City,Office Supplies,,,424.96
"07 February, 2014",United States,New York City,New York_New York City,Office Supplies,,64.96,
"30 November, 2017",United States,New York City,New York_New York City,Technology,,,546.06
"29 March, 2016",United States,New York City,New York_New York City,Office Supplies,84.608,,
"08 October, 2014",United States,New York City,New York_New York City,Office Supplies,123.92,,
"08 May, 2015",United States,New York City,New York_New York City,Office Supplies,377.37,,37.94
"14 September, 2015",United States,New York City,New York_New York City,Office Supplies,1004.16,,
"07 March, 2017",United States,New York City,New York_New York City,Office Supplies,117.51,,
"13 March, 2017",United States,New York City,New York_New York City,Technology,299.9,,
"09 April, 2015",United States,New York City,New York_New York City,Office Supplies,17.94,,
"14 September, 2017",United States,New York City,New York_New York City,Office Supplies,20.12,,100.93
"23 May, 2014",United States,New York City,New York_New York City,Office Supplies,231.16,,
"21 August, 2017",United States,New York City,New York_New York City,Office Supplies,4337.64,,
"04 December, 2015",United States,New York City,New York_New York City,Office Supplies,17.94,,
"25 March, 2017",United States,New York City,New York_New York City,Office Supplies,11.05,,
"14 November, 2016",United States,New York City,New York_New York City,Office Supplies,64.09,,
"24 July, 2016",United States,New York City,New York_New York City,Furniture,,253.764,
"29 June, 2015",United States,New York City,New York_New York City,Furniture,117.882,,
"04 June, 2016",United States,New York City,New York_New York City,Technology,1349.85,,
"03 December, 2015",United States,New York City,New York_New York City,Office Supplies,,590.352,10.752
"14 November, 2015",United States,New York City,New York_New York City,Technology,,97.5,
"07 December, 2015",United States,New York City,New York_New York City,Technology,773.94,,
"11 November, 2016",United States,New York City,New York_New York City,Office Supplies,83.36,211.32,
"03 September, 2017",United States,New York City,New York_New York City,Furniture,,,272.565
"25 December, 2015",United States,New York City,New York_New York City,Technology,843.9,,
"19 February, 2016",United States,New York City,New York_New York City,Furniture,44.46,,
"02 September, 2014",United States,New York City,New York_New York City,Office Supplies,93.93,,
"20 November, 2015",United States,New York City,New York_New York City,Furniture,,186.048,
"25 April, 2015",United States,New York City,New York_New York City,Office Supplies,206.43,,
"09 October, 2017",United States,New York City,New York_New York City,Office Supplies,50.036,,
"30 November, 2017",United States,New York City,New York_New York City,Furniture,,,1242.9
"06 September, 2016",United States,New York City,New York_New York City,Furniture,722.352,,
"16 June, 2015",United States,New York City,New York_New York City,Office Supplies,3050.376,,
"22 September, 2016",United States,New York City,New York_New York City,Office Supplies,,,128.34
"17 December, 2017",United States,New York City,New York_New York City,Furniture,124.36,,
"04 September, 2016",United States,New York City,New York_New York City,Office Supplies,83.32,,
"29 March, 2015",United States,New York City,New York_New York City,Office Supplies,17.64,,
"08 November, 2015",United States,New York City,New York_New York City,Office Supplies,70.212,67.15,
"23 April, 2017",United States,New York City,New York_New York City,Office Supplies,299.55,,
"06 March, 2017",United States,New York City,New York_New York City,Office Supplies,26.38,,
"19 June, 2017",United States,New York City,New York_New York City,Technology,,103.12,
"13 October, 2017",United States,New York City,New York_New York City,Office Supplies,904.9,,
"25 November, 2014",United States,New York City,New York_New York City,Office Supplies,,,1117.92
"04 June, 2016",United States,New York City,New York_New York City,Office Supplies,14.94,,
"01 September, 2017",United States,New York City,New York_New York City,Furniture,114.9,,
"11 August, 2015",United States,New York City,New York_New York City,Technology,,,138
"01 November, 2015",United States,New York City,New York_New York City,Office Supplies,13.52,,
"20 March, 2015",United States,New York City,New York_New York City,Office Supplies,,1245.694,
"30 October, 2016",United States,New York City,New York_New York City,Office Supplies,,143.702,
"21 September, 2014",United States,New York City,New York_New York City,Office Supplies,,,66.03
"15 September, 2017",United States,New York City,New York_New York City,Furniture,,,35.56
"29 March, 2016",United States,New York City,New York_New York City,Furniture,414,,
"12 November, 2017",United States,New York City,New York_New York City,Office Supplies,,15.92,
"04 June, 2016",United States,New York City,New York_New York City,Furniture,197.904,,
"15 September, 2015",United States,New York City,New York_New York City,Furniture,,46.384,
"04 May, 2015",United States,New York City,New York_New York City,Furniture,,26.8,
"04 December, 2016",United States,New York City,New York_New York City,Furniture,113.79,,
"30 May, 2015",United States,New York City,New York_New York City,Office Supplies,160.32,,
"14 November, 2014",United States,New York City,New York_New York City,Office Supplies,,,11.36
"23 August, 2016",United States,New York City,New York_New York City,Office Supplies,,1091.44,
"09 April, 2017",United States,New York City,New York_New York City,Office Supplies,,,760.8
"24 August, 2017",United States,New York City,New York_New York City,Office Supplies,,28.416,
"08 March, 2016",United States,New York City,New York_New York City,Office Supplies,82.416,,
"23 July, 2017",United States,New York City,New York_New York City,Office Supplies,,13.128,13.92
"15 July, 2017",United States,New York City,New York_New York City,Office Supplies,23.35,,
"18 August, 2016",United States,New York City,New York_New York City,Technology,,39.99,
"17 November, 2017",United States,New York City,New York_New York City,Office Supplies,38.88,1247.64,
"21 June, 2016",United States,New York City,New York_New York City,Furniture,353.568,,
"10 September, 2016",United States,New York City,New York_New York City,Office Supplies,,,66.17
"27 January, 2017",United States,New York City,New York_New York City,Technology,137.94,,
"01 December, 2017",United States,New York City,New York_New York City,Office Supplies,239.07,,
"28 May, 2016",United States,New York City,New York_New York City,Office Supplies,,54.9,
"01 October, 2016",United States,New York City,New York_New York City,Furniture,330.588,,
"13 November, 2017",United States,New York City,New York_New York City,Office Supplies,11.21,,
"30 December, 2017",United States,New York City,New York_New York City,Furniture,323.136,,
"01 October, 2017",United States,New York City,New York_New York City,Technology,,,1704.89
"04 December, 2016",United States,New York City,New York_New York City,Technology,78.15,,
"22 August, 2015",United States,New York City,New York_New York City,Office Supplies,,50.112,16.52
"24 March, 2017",United States,New York City,New York_New York City,Office Supplies,,268.93,
"08 April, 2016",United States,New York City,New York_New York City,Furniture,388.704,,
"11 September, 2015",United States,New York City,New York_New York City,Office Supplies,,851.48,
"31 July, 2015",United States,New York City,New York_New York City,Technology,2309.65,,
"16 December, 2016",United States,New York City,New York_New York City,Office Supplies,,3.68,
"02 September, 2017",United States,New York City,New York_New York City,Technology,,603.94,
"28 March, 2015",United States,New York City,New York_New York City,Office Supplies,22.92,,
"03 March, 2014",United States,New York City,New York_New York City,Technology,,,9.99
"20 September, 2014",United States,New York City,New York_New York City,Office Supplies,106.16,,
"28 September, 2015",United States,New York City,New York_New York City,Technology,307.98,,
"28 February, 2016",United States,New York City,New York_New York City,Office Supplies,,36.48,
"12 June, 2017",United States,New York City,New York_New York City,Furniture,858.24,,
"04 October, 2014",United States,New York City,New York_New York City,Furniture,589.41,,
"20 December, 2014",United States,New York City,New York_New York City,Furniture,,192.186,
"18 August, 2017",United States,New York City,New York_New York City,Office Supplies,,107.424,
"19 November, 2017",United States,New York City,New York_New York City,Office Supplies,,2521.48,113.048
"04 April, 2017",United States,New York City,New York_New York City,Office Supplies,,,264.39
"16 April, 2015",United States,New York City,New York_New York City,Furniture,,127.764,
"02 October, 2017",United States,New York City,New York_New York City,Technology,,65.99,
"08 September, 2014",United States,New York City,New York_New York City,Furniture,,,172.764
"28 September, 2015",United States,New York City,New York_New York City,Office Supplies,293.52,,
"21 November, 2017",United States,New York City,New York_New York City,Furniture,27.42,,
"11 December, 2017",United States,New York City,New York_New York City,Technology,156.96,,
"02 March, 2014",United States,New York City,New York_New York City,Office Supplies,,,47.76
"26 April, 2016",United States,New York City,New York_New York City,Furniture,,,434.646
"04 July, 2015",United States,New York City,New York_New York City,Office Supplies,,,15.48
"04 April, 2015",United States,New York City,New York_New York City,Furniture,,,108.4
"26 December, 2016",United States,New York City,New York_New York City,Office Supplies,,4.992,
"19 March, 2017",United States,New York City,New York_New York City,Office Supplies,,,28.91
"26 December, 2015",United States,New York City,New York_New York City,Office Supplies,212.64,,
"25 September, 2017",United States,New York City,New York_New York City,Office Supplies,26.26,,
"05 March, 2015",United States,New York City,New York_New York City,Office Supplies,592.74,,
"21 August, 2016",United States,New York City,New York_New York City,Furniture,573.174,,
"17 September, 2015",United States,New York City,New York_New York City,Technology,937.67,,
"30 May, 2015",United States,New York City,New York_New York City,Technology,368.82,,
"24 December, 2016",United States,New York City,New York_New York City,Furniture,799.56,,
"05 August, 2014",United States,New York City,New York_New York City,Technology,,135.99,
"20 March, 2015",United States,New York City,New York_New York City,Technology,,199.98,
"03 September, 2014",United States,New York City,New York_New York City,Office Supplies,14.4,,
"25 December, 2017",United States,New York City,New York_New York City,Furniture,191.984,41.96,
"07 September, 2015",United States,New York City,New York_New York City,Furniture,27.414,481.176,
"02 February, 2016",United States,New York City,New York_New York City,Office Supplies,117.96,,
"06 September, 2015",United States,New York City,New York_New York City,Technology,,337.98,
"16 June, 2015",United States,New York City,New York_New York City,Technology,133.98,,
"11 September, 2015",United States,New York City,New York_New York City,Furniture,,210.68,
"04 June, 2015",United States,New York City,New York_New York City,Furniture,,,35.28
"18 July, 2015",United States,New York City,New York_New York City,Technology,135.99,,
"20 November, 2017",United States,New York City,New York_New York City,Technology,1259.97,572.96,
"03 October, 2016",United States,New York City,New York_New York City,Furniture,599.292,,
"25 June, 2017",United States,New York City,New York_New York City,Furniture,400.784,,
"08 March, 2016",United States,New York City,New York_New York City,Furniture,113.6,,
"07 November, 2014",United States,New York City,New York_New York City,Office Supplies,,36.1,
"22 January, 2016",United States,New York City,New York_New York City,Office Supplies,26.336,,
"12 October, 2015",United States,New York City,New York_New York City,Furniture,,,1525.488
"31 March, 2017",United States,New York City,New York_New York City,Technology,762.53,,
"30 May, 2014",United States,New York City,New York_New York City,Office Supplies,70.368,301.494,
"12 May, 2016",United States,New York City,New York_New York City,Technology,,631.96,
"24 March, 2017",United States,New York City,New York_New York City,Furniture,271.764,207.846,
"30 November, 2017",United States,New York City,New York_New York City,Office Supplies,,,421.522
"27 August, 2017",United States,New York City,New York_New York City,Office Supplies,,,100.848
"08 October, 2017",United States,New York City,New York_New York City,Furniture,145.764,,
"30 June, 2017",United States,New York City,New York_New York City,Office Supplies,248.57,,
"14 May, 2017",United States,New York City,New York_New York City,Office Supplies,22.58,,
"17 September, 2015",United States,New York City,New York_New York City,Office Supplies,308.17,,
"22 September, 2017",United States,New York City,New York_New York City,Office Supplies,,40.176,
"15 January, 2016",United States,New York City,New York_New York City,Office Supplies,126.176,,81.98
"05 September, 2016",United States,New York City,New York_New York City,Office Supplies,192.16,,
"19 September, 2014",United States,New York City,New York_New York City,Furniture,,887.103,
"08 May, 2015",United States,New York City,New York_New York City,Furniture,207.204,,
"10 November, 2016",United States,New York City,New York_New York City,Office Supplies,3.64,70.216,
"19 November, 2016",United States,New York City,New York_New York City,Office Supplies,147.912,,
"25 January, 2016",United States,New York City,New York_New York City,Office Supplies,,471.8,
"11 April, 2015",United States,New York City,New York_New York City,Technology,107.13,,
"25 December, 2016",United States,New York City,New York_New York City,Furniture,2563.056,1179.822,
"29 November, 2014",United States,New York City,New York_New York City,Office Supplies,25.06,,
"04 June, 2015",United States,New York City,New York_New York City,Office Supplies,,,30.44
"26 March, 2017",United States,New York City,New York_New York City,Furniture,257.568,,
"23 October, 2016",United States,New York City,New York_New York City,Office Supplies,,,379.4
"08 November, 2017",United States,New York City,New York_New York City,Office Supplies,,,109.9
"15 September, 2015",United States,New York City,New York_New York City,Office Supplies,,92.832,
"18 December, 2016",United States,New York City,New York_New York City,Office Supplies,,,900.08
"24 August, 2015",United States,New York City,New York_New York City,Furniture,14.91,284.364,
"10 September, 2017",United States,New York City,New York_New York City,Office Supplies,18.76,,
"05 January, 2015",United States,New York City,New York_New York City,Office Supplies,,90.168,
"16 March, 2015",United States,New York City,New York_New York City,Technology,,85.9,
"18 April, 2016",United States,New York City,New York_New York City,Office Supplies,,13.83,
"19 November, 2015",United States,New York City,New York_New York City,Office Supplies,5.984,,
"09 November, 2015",United States,New York City,New York_New York City,Technology,,,2321.9
"21 June, 2016",United States,New York City,New York_New York City,Office Supplies,222.704,,
"14 September, 2015",United States,New York City,New York_New York City,Technology,879.984,,
"23 July, 2015",United States,New York City,New York_New York City,Office Supplies,,,68.94
"10 November, 2017",United States,New York City,New York_New York City,Technology,,430.88,
"30 November, 2015",United States,New York City,New York_New York City,Office Supplies,23.66,,
"17 March, 2014",United States,New York City,New York_New York City,Furniture,,3265.23,
"19 November, 2015",United States,New York City,New York_New York City,Technology,861.76,,
"14 December, 2016",United States,New York City,New York_New York City,Office Supplies,82.13,,
"01 September, 2014",United States,New York City,New York_New York City,Technology,357,,
"13 June, 2016",United States,New York City,New York_New York City,Office Supplies,33.568,,
"04 June, 2014",United States,New York City,New York_New York City,Furniture,424.488,,
"11 May, 2017",United States,New York City,New York_New York City,Office Supplies,43.92,,
"21 June, 2014",United States,New York City,New York_New York City,Office Supplies,79.35,,
"03 December, 2017",United States,New York City,New York_New York City,Technology,136.99,,
"22 October, 2017",United States,New York City,New York_New York City,Office Supplies,,,63.9
"11 August, 2015",United States,New York City,New York_New York City,Office Supplies,,,11.96
"27 October, 2016",United States,New York City,New York_New York City,Furniture,427.644,,
"20 September, 2017",United States,New York City,New York_New York City,Furniture,5496.174,,
"03 November, 2014",United States,New York City,New York_New York City,Technology,783.96,,
"26 March, 2015",United States,New York City,New York_New York City,Office Supplies,,1098.53,
"11 November, 2017",United States,New York City,New York_New York City,Office Supplies,35.48,,
"02 September, 2016",United States,New York City,New York_New York City,Office Supplies,75.48,,
"12 September, 2014",United States,New York City,New York_New York City,Furniture,3785.292,,
"19 September, 2017",United States,New York City,New York_New York City,Office Supplies,32.4,,
"25 May, 2017",United States,New York City,New York_New York City,Furniture,18.84,,
"11 December, 2017",United States,New York City,New York_New York City,Office Supplies,56.252,,
"11 November, 2016",United States,New York City,New York_New York City,Furniture,,245.646,
"24 August, 2015",United States,New York City,New York_New York City,Technology,,26,
"17 March, 2017",United States,New York City,New York_New York City,Office Supplies,248.274,,
"18 April, 2015",United States,New York City,New York_New York City,Office Supplies,21.93,,
"15 September, 2014",United States,New York City,New York_New York City,Office Supplies,14.94,,
"24 November, 2016",United States,New York City,New York_New York City,Office Supplies,35.256,,
"11 August, 2017",United States,New York City,New York_New York City,Office Supplies,,,25.92
"30 December, 2017",United States,New York City,New York_New York City,Technology,90.93,,
"08 November, 2015",United States,New York City,New York_New York City,Technology,,5193.78,
"26 March, 2017",United States,New York City,New York_New York City,Technology,119.96,,
"24 April, 2015",United States,New York City,New York_New York City,Office Supplies,,,25.99
"13 July, 2015",United States,New York City,New York_New York City,Furniture,1931.04,,
"23 March, 2017",United States,New York City,New York_New York City,Office Supplies,25.68,347.58,
"07 May, 2016",United States,New York City,New York_New York City,Furniture,506.444,,
"27 August, 2017",United States,New York City,New York_New York City,Technology,,,347.97
"13 November, 2016",United States,New York City,New York_New York City,Technology,,,2279.96
"02 November, 2014",United States,New York City,New York_New York City,Furniture,89.34,,
"14 November, 2015",United States,New York City,New York_New York City,Office Supplies,,37,
"19 August, 2016",United States,New York City,New York_New York City,Office Supplies,448.792,,
"13 October, 2016",United States,New York City,New York_New York City,Furniture,,82.26,
"03 October, 2017",United States,New York City,New York_New York City,Office Supplies,,,6.63
"19 September, 2015",United States,New York City,New York_New York City,Technology,279.86,,
"04 December, 2015",United States,New York City,New York_New York City,Technology,1799.75,,
"31 July, 2015",United States,New York City,New York_New York City,Furniture,1090.782,,
"31 December, 2014",United States,New York City,New York_New York City,Office Supplies,,18.9,
"12 November, 2015",United States,New York City,New York_New York City,Office Supplies,15.56,,
"11 March, 2014",United States,New York City,New York_New York City,Office Supplies,108.92,,
"23 July, 2014",United States,New York City,New York_New York City,Technology,99.98,,
"06 July, 2015",United States,New York City,New York_New York City,Technology,,124.95,
"02 September, 2017",United States,New York City,New York_New York City,Office Supplies,,103.452,
"05 October, 2017",United States,New York City,New York_New York City,Technology,,5287.76,160.93
"28 December, 2017",United States,New York City,New York_New York City,Office Supplies,119.674,,
"21 November, 2016",United States,New York City,New York_New York City,Furniture,,,113.568
"28 November, 2017",United States,New York City,New York_New York City,Office Supplies,,79.96,
"21 November, 2016",United States,New York City,New York_New York City,Office Supplies,12.96,,
"25 May, 2017",United States,New York City,New York_New York City,Technology,120,,
"31 March, 2016",United States,New York City,New York_New York City,Furniture,327.996,,
"05 December, 2016",United States,New York City,New York_New York City,Office Supplies,465.18,,
"05 October, 2017",United States,New York City,New York_New York City,Office Supplies,,,75.792
"05 August, 2014",United States,New York City,New York_New York City,Office Supplies,,15.96,
"16 November, 2015",United States,New York City,New York_New York City,Office Supplies,,,523.25
"16 March, 2015",United States,New York City,New York_New York City,Office Supplies,,,17.52
"11 September, 2015",United States,New York City,New York_New York City,Technology,,19.99,
"06 July, 2014",United States,New York City,New York_New York City,Technology,559.992,,
"11 December, 2016",United States,New York City,New York_New York City,Technology,,1029.95,
"25 September, 2017",United States,New York City,New York_New York City,Furniture,535.766,,
"08 September, 2014",United States,New York City,New York_New York City,Office Supplies,,,3.52
"12 October, 2015",United States,New York City,New York_New York City,Technology,,,71.76
"14 December, 2016",United States,New York City,New York_New York City,Furniture,396.92,,
"13 November, 2016",United States,New York City,New York_New York City,Office Supplies,,279.81,14.94
"06 September, 2015",United States,New York City,New York_New York City,Furniture,,,271.764
"23 August, 2014",United States,New York City,New York_New York City,Office Supplies,71.84,,
"24 November, 2016",United States,New York City,New York_New York City,Technology,88.4,,
"29 September, 2014",United States,New York City,New York_New York City,Furniture,117.36,,
"12 June, 2017",United States,New York City,New York_New York City,Office Supplies,96.308,,
"20 September, 2016",United States,New York City,New York_New York City,Office Supplies,393.25,,
"18 September, 2017",United States,New York City,New York_New York City,Office Supplies,,19.44,
"30 September, 2014",United States,New York City,New York_New York City,Furniture,,15.24,
"20 September, 2014",United States,New York City,New York_New York City,Furniture,1433.35,,
"09 October, 2015",United States,New York City,New York_New York City,Office Supplies,23.92,,
"06 May, 2017",United States,New York City,New York_New York City,Office Supplies,59.2,,
"09 August, 2015",United States,New York City,New York_New York City,Office Supplies,1413.878,144.12,
"04 December, 2015",United States,New York City,New York_New York City,Furniture,384.174,,
"14 November, 2016",United States,New York City,New York_New York City,Furniture,408.006,,
"28 November, 2015",United States,New York City,New York_New York City,Furniture,,68.16,
"09 May, 2016",United States,New York City,New York_New York City,Office Supplies,,,8
"22 September, 2017",United States,New York City,New York_New York City,Furniture,12.07,,
"08 April, 2016",United States,New York City,New York_New York City,Office Supplies,59.7,,
"22 October, 2017",United States,New York City,New York_New York City,Technology,,,13652.558
"16 October, 2015",United States,New York City,New York_New York City,Technology,,824.97,
"06 October, 2017",United States,New York City,New York_New York City,Technology,,,319.96
"23 December, 2014",United States,New York City,New York_New York City,Office Supplies,,56.52,
"25 December, 2015",United States,New York City,New York_New York City,Furniture,449.568,,
"25 May, 2017",United States,New York City,New York_New York City,Office Supplies,667.21,,
"04 November, 2014",United States,New York City,New York_New York City,Furniture,,,135.882
"10 December, 2014",United States,New York City,New York_New York City,Office Supplies,117.704,,
"24 March, 2017",United States,New York City,New York_New York City,Technology,,495.99,
"06 September, 2015",United States,New York City,New York_New York City,Office Supplies,,8.39,
"14 September, 2017",United States,New York City,New York_New York City,Technology,,,1079.85
"05 November, 2017",United States,New York City,New York_New York City,Technology,490.73,,
"12 May, 2016",United States,New York City,New York_New York City,Furniture,,10.02,
"12 October, 2015",United States,New York City,New York_New York City,Office Supplies,,,71.74
"07 December, 2015",United States,New York City,New York_New York City,Office Supplies,28.048,,
"25 September, 2015",United States,New York City,New York_New York City,Technology,,899.91,
"16 February, 2017",United States,New York City,New York_New York City,Office Supplies,37.94,,
"01 March, 2014",United States,New York City,New York_New York City,Technology,,,5.94
"22 July, 2017",United States,New York City,New York_New York City,Technology,,29.97,
"31 December, 2014",United States,New York City,New York_New York City,Technology,,34.77,
"05 December, 2015",United States,New York City,New York_New York City,Office Supplies,255.08,,
"17 June, 2016",United States,New York City,New York_New York City,Office Supplies,40.74,,
"05 December, 2015",United States,New York City,New York_New York City,Furniture,164.646,,
"06 December, 2015",United States,New York City,New York_New York City,Office Supplies,48.34,,
"27 November, 2014",United States,New York City,New York_New York City,Office Supplies,3.76,,
"29 December, 2015",United States,New York City,New York_New York City,Office Supplies,6.36,,
"13 July, 2015",United States,New York City,New York_New York City,Office Supplies,21.768,,
"08 November, 2015",United States,New York City,New York_New York City,Furniture,,589.584,
"18 September, 2017",United States,New York City,New York_New York City,Furniture,,9.82,
"14 December, 2014",United States,New York City,New York_New York City,Technology,6999.96,,
"07 September, 2014",United States,New York City,New York_New York City,Technology,377.97,,
"22 November, 2016",United States,New York City,New York_New York City,Office Supplies,,33.012,134.272
"18 December, 2017",United States,New York City,New York_New York City,Furniture,1141.938,,
"27 November, 2017",United States,New York City,New York_New York City,Office Supplies,114.414,,
"21 June, 2014",United States,New York City,New York_New York City,Technology,617.97,,
"03 December, 2017",United States,New York City,New York_New York City,Office Supplies,101.694,,
"11 December, 2016",United States,New York City,New York_New York City,Office Supplies,,15.26,
"30 September, 2016",United States,New York City,New York_New York City,Furniture,523.92,,
"26 December, 2014",United States,New York City,New York_New York City,Office Supplies,191.88,,
"03 June, 2017",United States,New York City,New York_New York City,Furniture,,384.768,
"04 April, 2015",United States,New York City,New York_New York City,Office Supplies,,,102.592
"05 September, 2016",United States,New York City,New York_New York City,Technology,,43.6,
"26 November, 2017",United States,New York City,New York_New York City,Technology,979.95,,
"08 September, 2017",United States,New York City,New York_New York City,Office Supplies,,65.12,
"27 July, 2014",United States,New York City,New York_New York City,Office Supplies,,65.78,
"16 October, 2017",United States,New York City,New York_New York City,Furniture,,547.3,
"14 September, 2014",United States,New York City,New York_New York City,Office Supplies,714.58,,
"04 December, 2014",United States,New York City,New York_New York City,Technology,,129.98,
"31 May, 2016",United States,New York City,New York_New York City,Technology,179.7,,
"22 December, 2014",United States,New York City,New York_New York City,Office Supplies,,,513.112
"06 July, 2015",United States,New York City,New York_New York City,Furniture,,169.78,
"22 September, 2014",United States,New York City,New York_New York City,Office Supplies,17.024,,
"03 August, 2014",United States,New York City,New York_New York City,Office Supplies,163.62,,
"28 October, 2017",United States,New York City,New York_New York City,Office Supplies,,47.98,
"17 November, 2017",United States,New York City,New York_New York City,Furniture,187.76,,
"22 November, 2016",United States,New York City,New York_New York City,Furniture,,39.88,
"17 July, 2016",United States,New York City,New York_New York City,Office Supplies,45.96,,
"23 June, 2016",United States,New York City,New York_New York City,Office Supplies,641.99,,
"11 February, 2017",United States,New York City,New York_New York City,Office Supplies,,20.7,
"13 September, 2014",United States,New York City,New York_New York City,Office Supplies,5.46,,
"02 November, 2015",United States,New York City,New York_New York City,Furniture,,,2621.322
"23 February, 2015",United States,New York City,New York_New York City,Office Supplies,,,37.776
"01 November, 2015",United States,New York City,New York_New York City,Furniture,792.428,,
"01 April, 2016",United States,New York City,New York_New York City,Office Supplies,155.472,46.002,
"26 November, 2017",United States,New York City,New York_New York City,Furniture,135.3,,
"08 September, 2016",United States,New York City,New York_New York City,Office Supplies,,,207.48
"07 September, 2015",United States,New York City,New York_New York City,Technology,,90,559.93
"14 November, 2014",United States,New York City,New York_New York City,Furniture,,,69.264
"15 February, 2016",United States,New York City,New York_New York City,Office Supplies,407.072,,
"24 December, 2017",United States,New York City,New York_New York City,Office Supplies,53.79,,
"06 October, 2017",United States,New York City,New York_New York City,Office Supplies,,40.99,361.95
"30 April, 2016",United States,New York City,New York_New York City,Office Supplies,7.712,,
"13 October, 2016",United States,New York City,New York_New York City,Office Supplies,,197.41,
"11 April, 2015",United States,New York City,New York_New York City,Office Supplies,406.6,,
"18 July, 2015",United States,New York City,New York_New York City,Furniture,7.38,,
"14 October, 2016",United States,New York City,New York_New York City,Office Supplies,,111.96,
"01 December, 2017",United States,New York City,New York_New York City,Technology,20.37,,
"25 March, 2016",United States,New York City,New York_New York City,Office Supplies,,59.52,
"31 May, 2016",United States,New York City,New York_New York City,Office Supplies,7.152,,
"10 January, 2015",United States,New York City,New York_New York City,Furniture,1018.104,,
"25 March, 2014",United States,New York City,New York_New York City,Furniture,366.786,,
"20 July, 2017",United States,New York City,New York_New York City,Office Supplies,,13.36,
"01 July, 2016",United States,New York City,New York_New York City,Technology,,,30.84
"10 November, 2016",United States,New York City,New York_New York City,Technology,881.93,,
"10 November, 2017",United States,New York City,New York_New York City,Office Supplies,,931.176,
"14 April, 2017",United States,New York City,New York_New York City,Furniture,242.352,,
"17 March, 2014",United States,New York City,New York_New York City,Office Supplies,,189.9,
"05 May, 2017",United States,New York City,New York_New York City,Office Supplies,6.68,,
"12 September, 2015",United States,New York City,New York_New York City,Technology,479.984,,
"26 August, 2016",United States,New York City,New York_New York City,Office Supplies,,146.688,
"01 September, 2014",United States,New York City,New York_New York City,Office Supplies,23.744,,
"29 January, 2017",United States,New York City,New York_New York City,Office Supplies,5.22,,
"04 June, 2014",United States,New York City,New York_New York City,Office Supplies,15.56,,
"25 November, 2014",United States,New York City,New York_New York City,Furniture,,,275.952
"19 June, 2017",United States,New York City,New York_New York City,Office Supplies,,238.688,
"02 December, 2014",United States,New York City,New York_New York City,Office Supplies,46.72,,
"24 December, 2016",United States,New York City,New York_New York City,Technology,,197.97,
"14 November, 2016",United States,New York City,New York_New York City,Technology,13.98,,
"10 December, 2015",United States,New York City,New York_New York City,Technology,,,799.984
"05 November, 2015",United States,New York City,New York_New York City,Office Supplies,,25.344,
"16 February, 2016",United States,New York City,New York_New York City,Technology,89.97,,
"30 June, 2017",United States,New York City,New York_New York City,Furniture,1066.86,,
"02 October, 2017",United States,New York City,New York_New York City,Office Supplies,49.12,,
"04 September, 2016",United States,New York City,New York_New York City,Furniture,63.94,,
"09 November, 2017",United States,New York City,New York_New York City,Furniture,,,96.53
"17 March, 2015",United States,New York City,New York_New York City,Office Supplies,,33.82,
"09 August, 2015",United States,New York City,New York_New York City,Furniture,436.006,10.02,
"02 December, 2016",United States,New York City,New York_New York City,Office Supplies,505.368,,
"20 November, 2014",United States,New York City,New York_New York City,Office Supplies,,73.62,
"26 November, 2017",United States,New York City,New York_New York City,Office Supplies,,,152.074
"26 June, 2017",United States,New York City,New York_New York City,Technology,239.97,,
"05 November, 2017",United States,New York City,New York_New York City,Furniture,396.024,,
"26 March, 2016",United States,New York City,New York_New York City,Office Supplies,,459.95,
"28 January, 2014",United States,New York City,New York_New York City,Office Supplies,3.928,,
"26 August, 2016",United States,New York City,New York_New York City,Technology,,282.95,
"15 November, 2015",United States,New York City,New York_New York City,Office Supplies,,224.934,
"07 November, 2017",United States,New York City,New York_New York City,Technology,7.88,,
"09 October, 2017",United States,New York City,New York_New York City,Furniture,314.352,,
"05 November, 2017",United States,New York City,New York_New York City,Office Supplies,300.032,,
"06 March, 2017",United States,New York City,New York_New York City,Furniture,71.97,,
"02 May, 2016",United States,New York City,New York_New York City,Office Supplies,90.516,103.56,
"15 July, 2017",United States,New York City,New York_New York City,Furniture,664.146,,
"17 March, 2017",United States,New York City,New York_New York City,Technology,248.36,,
"30 May, 2014",United States,New York City,New York_New York City,Technology,,464,
"24 March, 2014",United States,New York City,New York_New York City,Office Supplies,24.9,,
"25 December, 2016",United States,New York City,New York_New York City,Office Supplies,33.568,,
"02 December, 2014",United States,New York City,New York_New York City,Technology,119.96,,
"06 July, 2015",United States,New York City,New York_New York City,Office Supplies,,601.65,
"11 July, 2014",United States,New York City,New York_New York City,Office Supplies,67.4,,
"19 December, 2016",United States,New York City,New York_New York City,Office Supplies,,37.768,
"22 September, 2014",United States,New York City,New York_New York City,Furniture,676.968,,
"23 December, 2014",United States,New York City,New York_New York City,Furniture,,53.316,
"11 November, 2016",United States,New York City,New York_New York City,Technology,59.97,36,
"15 July, 2017",United States,New York City,New York_New York City,Technology,41.9,,
"26 September, 2015",United States,New York City,New York_New York City,Technology,50,,
"15 December, 2015",United States,New York City,New York_New York City,Office Supplies,,,3.28
"30 April, 2017",United States,New York City,New York_New York City,Office Supplies,,62.96,
"20 November, 2017",United States,New York City,New York_New York City,Furniture,183.968,50.97,
"29 August, 2016",United States,New York City,New York_New York City,Technology,,,22
"07 September, 2015",United States,New York City,New York_New York City,Office Supplies,13.96,83.596,
"20 September, 2017",United States,New York City,New York_New York City,Office Supplies,113.824,,
"30 September, 2014",United States,New York City,New York_New York City,Office Supplies,48.94,,
"18 July, 2015",United States,New York City,New York_New York City,Office Supplies,3.328,5.76,
"04 April, 2017",United States,New York City,New York_New York City,Technology,,,160.24
"16 July, 2015",United States,New York City,New York_New York City,Office Supplies,,80.88,
"20 September, 2014",United States,New York City,New York_New York City,Technology,1979.86,,
"07 May, 2016",United States,New York City,New York_New York City,Office Supplies,129.632,,
"26 June, 2016",United States,New York City,New York_New York City,Office Supplies,,718.95,
"05 April, 2014",United States,New York City,New York_New York City,Office Supplies,,,55.48
"13 December, 2017",United States,New York City,New York_New York City,Furniture,,287.976,
"06 December, 2015",United States,New York City,New York_New York City,Technology,1619.91,,
"07 April, 2016",United States,New York City,New York_New York City,Furniture,,658.746,
"01 July, 2016",United States,New York City,New York_New York City,Office Supplies,,,105.59
"09 November, 2015",United States,New York City,New York_New York City,Office Supplies,,,17.94
"02 July, 2015",United States,New York City,New York_New York City,Office Supplies,,,19.44
"20 December, 2017",United States,New York City,New York_New York City,Office Supplies,,364.272,
"25 December, 2015",United States,New York City,New York_New York City,Office Supplies,,,414.96
"14 September, 2014",United States,New York City,New York_New York City,Technology,3104.92,,
"01 September, 2016",United States,New York City,New York_New York City,Furniture,191.82,,
"03 June, 2017",United States,New York City,New York_New York City,Technology,,78.66,
"26 June, 2016",United States,New York City,New York_New York City,Furniture,,37.74,
"31 March, 2017",United States,New York City,New York_New York City,Furniture,29.78,,
"28 October, 2016",United States,New York City,New York_New York City,Office Supplies,12.42,,
"22 September, 2017",United States,New York City,New York_New York City,Technology,1071,,
