Date,Country,City,State_City,Category,Consumer,Corporate,Home_Office
"29 December, 2016",United States,Wichita,Kansas_Wichita,Office Supplies,81.96,,
"25 May, 2015",United States,Wichita,Kansas_Wichita,Office Supplies,,,149.2
"11 September, 2016",United States,Wichita,Kansas_Wichita,Technology,224.75,,
"28 January, 2017",United States,Wichita,Kansas_Wichita,Office Supplies,279.9,,
"29 December, 2016",United States,Wichita,Kansas_Wichita,Furniture,70.56,,
"13 June, 2016",United States,Wichita,Kansas_Wichita,Office Supplies,18.9,,
