Date,Country,City,State_City,Category,Consumer,Corporate,Home_Office
"16 April, 2017",United States,San Jose,California_San Jose,Furniture,102.833,,
"22 September, 2014",United States,San Jose,California_San Jose,Office Supplies,210.13,,
"07 August, 2017",United States,San Jose,California_San Jose,Office Supplies,244.55,,
"10 May, 2014",United States,San Jose,California_San Jose,Technology,1432,,
"24 January, 2017",United States,San Jose,California_San Jose,Technology,,110.352,
"26 August, 2016",United States,San Jose,California_San Jose,Office Supplies,165.13,,
"16 April, 2017",United States,San Jose,California_San Jose,Office Supplies,205.92,,
"10 May, 2014",United States,San Jose,California_San Jose,Furniture,256.784,,
"05 November, 2016",United States,San Jose,California_San Jose,Furniture,113.888,,
"31 May, 2015",United States,San Jose,California_San Jose,Office Supplies,,244.78,
"24 December, 2016",United States,San Jose,California_San Jose,Office Supplies,39.76,,
"12 December, 2015",United States,San Jose,California_San Jose,Furniture,166.5,,
"16 September, 2016",United States,San Jose,California_San Jose,Furniture,,273.666,
"19 April, 2014",United States,San Jose,California_San Jose,Furniture,,,76.14
"12 December, 2015",United States,San Jose,California_San Jose,Office Supplies,360.38,,
"03 May, 2015",United States,San Jose,California_San Jose,Office Supplies,,,13.848
"05 November, 2016",United States,San Jose,California_San Jose,Technology,72,,
"11 September, 2016",United States,San Jose,California_San Jose,Office Supplies,372.812,,
"02 December, 2016",United States,San Jose,California_San Jose,Furniture,,14.52,
"24 January, 2017",United States,San Jose,California_San Jose,Office Supplies,,302.644,
"19 May, 2017",United States,San Jose,California_San Jose,Office Supplies,133.12,,
"07 July, 2016",United States,San Jose,California_San Jose,Furniture,215.65,,
"02 December, 2016",United States,San Jose,California_San Jose,Office Supplies,,188.588,
"24 December, 2016",United States,San Jose,California_San Jose,Furniture,43.96,,
"01 October, 2017",United States,San Jose,California_San Jose,Furniture,108.608,,
"05 November, 2016",United States,San Jose,California_San Jose,Office Supplies,158.13,,29.12
"01 October, 2017",United States,San Jose,California_San Jose,Office Supplies,305.176,,
"22 December, 2014",United States,San Jose,California_San Jose,Office Supplies,11.76,,
"16 September, 2016",United States,San Jose,California_San Jose,Office Supplies,,17.48,
"10 May, 2014",United States,San Jose,California_San Jose,Office Supplies,81,,
