Date,Country,City,State_City,Category,Consumer,Corporate,Home_Office
"19 September, 2015",United States,Sacramento,California_Sacramento,Furniture,,,60.84
"10 April, 2015",United States,Sacramento,California_Sacramento,Office Supplies,,12.832,
"24 November, 2014",United States,Sacramento,California_Sacramento,Furniture,120.712,,
"04 August, 2016",United States,Sacramento,California_Sacramento,Office Supplies,,32.736,
"16 December, 2014",United States,Sacramento,California_Sacramento,Furniture,,1403.92,
"10 November, 2016",United States,Sacramento,California_Sacramento,Furniture,,,9.98
"13 October, 2017",United States,Sacramento,California_Sacramento,Office Supplies,,5083.96,
"29 December, 2016",United States,Sacramento,California_Sacramento,Office Supplies,41.99,,
"13 October, 2017",United States,Sacramento,California_Sacramento,Technology,,241.924,
"04 August, 2016",United States,Sacramento,California_Sacramento,Technology,,302.384,
