Date,Country,City,State_City,Category,Consumer,Corporate,Home_Office
"25 September, 2015",United States,Rockford,Illinois_Rockford,Office Supplies,128.744,,
"30 January, 2016",United States,Rockford,Illinois_Rockford,Technology,1439.968,,
"23 December, 2017",United States,Rockford,Illinois_Rockford,Office Supplies,,189.712,
"30 January, 2016",United States,Rockford,Illinois_Rockford,Office Supplies,1.728,,
"30 January, 2016",United States,Rockford,Illinois_Rockford,Furniture,626.1,,
"23 July, 2016",United States,Rockford,Illinois_Rockford,Office Supplies,,,11.416
"19 May, 2017",United States,Rockford,Illinois_Rockford,Office Supplies,,38.016,
"24 September, 2016",United States,Rockford,Illinois_Rockford,Office Supplies,,442.372,
"26 November, 2017",United States,Rockford,Illinois_Rockford,Office Supplies,33.568,,
"12 October, 2017",United States,Rockford,Illinois_Rockford,Furniture,,,254.604
