Date,Country,City,State_City,Category,Consumer,Corporate,Home_Office
"01 November, 2014",United States,Denver,Colorado_Denver,Office Supplies,43.176,,
"01 March, 2016",United States,Denver,Colorado_Denver,Technology,,159.984,
"18 July, 2016",United States,Denver,Colorado_Denver,Office Supplies,,933.48,
"05 October, 2017",United States,Denver,Colorado_Denver,Technology,,,63.824
"13 March, 2017",United States,Denver,Colorado_Denver,Office Supplies,1332.496,,
"23 August, 2014",United States,Denver,Colorado_Denver,Office Supplies,276.512,,
"28 November, 2017",United States,Denver,Colorado_Denver,Office Supplies,88.768,,
"30 October, 2015",United States,Denver,Colorado_Denver,Technology,,587.946,
"01 December, 2017",United States,Denver,Colorado_Denver,Technology,982.328,,
"02 December, 2017",United States,Denver,Colorado_Denver,Office Supplies,,150.912,
"10 October, 2016",United States,Denver,Colorado_Denver,Technology,,15.992,
"01 December, 2017",United States,Denver,Colorado_Denver,Office Supplies,37.935,,
"28 April, 2016",United States,Denver,Colorado_Denver,Office Supplies,,,29.472
"26 June, 2017",United States,Denver,Colorado_Denver,Technology,431.928,,
"03 August, 2014",United States,Denver,Colorado_Denver,Furniture,218.75,,
"30 October, 2015",United States,Denver,Colorado_Denver,Furniture,,15.488,
"02 December, 2017",United States,Denver,Colorado_Denver,Technology,,106.976,
"01 November, 2014",United States,Denver,Colorado_Denver,Technology,1983.968,,
"03 August, 2014",United States,Denver,Colorado_Denver,Office Supplies,2.6,,
"25 October, 2015",United States,Denver,Colorado_Denver,Furniture,,582.336,
"23 August, 2014",United States,Denver,Colorado_Denver,Technology,143.64,,
"10 October, 2016",United States,Denver,Colorado_Denver,Furniture,,211.666,
"02 December, 2017",United States,Denver,Colorado_Denver,Furniture,,1657.736,
"10 March, 2014",United States,Denver,Colorado_Denver,Office Supplies,719.576,,
"23 August, 2014",United States,Denver,Colorado_Denver,Furniture,4.224,,
"18 July, 2016",United States,Denver,Colorado_Denver,Furniture,,1398.36,
"26 December, 2016",United States,Denver,Colorado_Denver,Office Supplies,,18.72,
