Date,Country,City,State_City,Category,Consumer,Corporate,Home_Office
"26 February, 2017",United States,Costa Mesa,California_Costa Mesa,Technology,258.576,,
"26 February, 2017",United States,Costa Mesa,California_Costa Mesa,Furniture,91.96,,
"21 December, 2017",United States,Costa Mesa,California_Costa Mesa,Office Supplies,124.36,,
"14 December, 2015",United States,Costa Mesa,California_Costa Mesa,Furniture,29.22,,
"25 July, 2016",United States,Costa Mesa,California_Costa Mesa,Office Supplies,119.616,,
"25 July, 2016",United States,Costa Mesa,California_Costa Mesa,Furniture,566.628,,
"28 January, 2017",United States,Costa Mesa,California_Costa Mesa,Furniture,,,37.74
"28 January, 2017",United States,Costa Mesa,California_Costa Mesa,Technology,,,239.97
"26 February, 2017",United States,Costa Mesa,California_Costa Mesa,Office Supplies,29.6,,
