Date,Country,City,State_City,Category,Consumer,Corporate,Home_Office
"13 September, 2015",United States,Anaheim,California_Anaheim,Furniture,,1101.62,
"14 June, 2016",United States,Anaheim,California_Anaheim,Furniture,,1293.488,
"28 December, 2014",United States,Anaheim,California_Anaheim,Office Supplies,1049.97,,
"29 June, 2017",United States,Anaheim,California_Anaheim,Office Supplies,,1295.78,
"11 December, 2016",United States,Anaheim,California_Anaheim,Furniture,1256.056,,
"13 September, 2015",United States,Anaheim,California_Anaheim,Office Supplies,,234.732,
"11 December, 2016",United States,Anaheim,California_Anaheim,Technology,119.96,,
"08 March, 2017",United States,Anaheim,California_Anaheim,Office Supplies,174.56,,
"11 December, 2016",United States,Anaheim,California_Anaheim,Office Supplies,561.908,,
"31 December, 2016",United States,Anaheim,California_Anaheim,Technology,302.376,,
"29 December, 2017",United States,Anaheim,California_Anaheim,Furniture,,101.12,
"17 December, 2017",United States,Anaheim,California_Anaheim,Office Supplies,,495.3,
