Date,Country,City,State_City,Category,Consumer,Corporate,Home_Office
"08 December, 2017",United States,Inglewood,California_Inglewood,Office Supplies,89.91,,
"27 August, 2017",United States,Inglewood,California_Inglewood,Furniture,,428.74,
"16 September, 2017",United States,Inglewood,California_Inglewood,Office Supplies,,14.8,
"27 August, 2017",United States,Inglewood,California_Inglewood,Office Supplies,,1663.068,
"27 August, 2017",United States,Inglewood,California_Inglewood,Technology,,879.984,
"15 December, 2017",United States,Inglewood,California_Inglewood,Technology,196.776,,
"15 December, 2017",United States,Inglewood,California_Inglewood,Office Supplies,77.15,,
"08 December, 2017",United States,Inglewood,California_Inglewood,Furniture,128.9,,
