Date,Country,City,State_City,Category,Consumer,Corporate,Home_Office
"04 September, 2017",United States,Akron,Ohio_Akron,Office Supplies,49.704,,
"20 October, 2017",United States,Akron,Ohio_Akron,Office Supplies,,665.408,
"18 May, 2014",United States,Akron,Ohio_Akron,Furniture,149.232,,
"24 June, 2017",United States,Akron,Ohio_Akron,Office Supplies,21.744,,
"20 October, 2017",United States,Akron,Ohio_Akron,Furniture,,284.364,
"14 August, 2016",United States,Akron,Ohio_Akron,Technology,,787.044,
"14 February, 2015",United States,Akron,Ohio_Akron,Office Supplies,31.59,,
"18 May, 2014",United States,Akron,Ohio_Akron,Office Supplies,15.936,,
"10 September, 2017",United States,Akron,Ohio_Akron,Office Supplies,,85.056,
"16 May, 2017",United States,Akron,Ohio_Akron,Office Supplies,221.024,,
"24 November, 2014",United States,Akron,Ohio_Akron,Office Supplies,,,5.742
"14 February, 2015",United States,Akron,Ohio_Akron,Technology,395.958,,
"27 December, 2016",United States,Akron,Ohio_Akron,Office Supplies,,,17.184
