Date,Country,City,State_City,Category,Consumer,Corporate,Home_Office
"10 July, 2015",United States,San Bernardino,California_San Bernardino,Office Supplies,39.92,,
"11 December, 2015",United States,San Bernardino,California_San Bernardino,Office Supplies,,,110.528
"13 November, 2015",United States,San Bernardino,California_San Bernardino,Furniture,683.332,,
"19 March, 2015",United States,San Bernardino,California_San Bernardino,Office Supplies,105.688,,
"13 November, 2015",United States,San Bernardino,California_San Bernardino,Office Supplies,39.832,,
