Date,Country,City,State_City,Category,Consumer,Corporate,Home_Office
"12 April, 2014",United States,Redondo Beach,California_Redondo Beach,Office Supplies,,18.088,
"11 October, 2014",United States,Redondo Beach,California_Redondo Beach,Office Supplies,7.64,,
"12 April, 2014",United States,Redondo Beach,California_Redondo Beach,Technology,,1513.456,
"05 September, 2016",United States,Redondo Beach,California_Redondo Beach,Office Supplies,112.12,,
"12 April, 2014",United States,Redondo Beach,California_Redondo Beach,Furniture,,308.499,
