Date,Country,City,State_City,Category,Consumer,Corporate,Home_Office
"13 August, 2015",United States,Richmond,Indiana_Richmond,Office Supplies,11.36,,
"14 January, 2017",United States,Richmond,Indiana_Richmond,Furniture,,,18.96
"26 November, 2017",United States,Richmond,Indiana_Richmond,Furniture,,,1114
"01 December, 2016",United States,Richmond,Indiana_Richmond,Furniture,17.31,,
"02 March, 2015",United States,Richmond,Indiana_Richmond,Office Supplies,,,112.04
"30 May, 2014",United States,Richmond,Virginia_Richmond,Office Supplies,,13.62,
"03 December, 2016",United States,Richmond,Indiana_Richmond,Furniture,611.94,,
"25 September, 2017",United States,Richmond,Virginia_Richmond,Office Supplies,177.55,,
"03 April, 2016",United States,Richmond,Indiana_Richmond,Technology,259.96,,
"24 November, 2017",United States,Richmond,Kentucky_Richmond,Office Supplies,,,1446.84
"10 November, 2015",United States,Richmond,Indiana_Richmond,Office Supplies,,714.3,
"03 November, 2017",United States,Richmond,Kentucky_Richmond,Office Supplies,,26.4,
"21 November, 2014",United States,Richmond,Kentucky_Richmond,Technology,,36.99,
"05 August, 2017",United States,Richmond,Kentucky_Richmond,Office Supplies,,13.76,
"27 March, 2017",United States,Richmond,Virginia_Richmond,Office Supplies,376.6,,
"06 November, 2017",United States,Richmond,Kentucky_Richmond,Office Supplies,,5.78,
"01 December, 2016",United States,Richmond,Virginia_Richmond,Office Supplies,,2145.25,
"20 February, 2014",United States,Richmond,Indiana_Richmond,Furniture,,20.32,
"27 March, 2017",United States,Richmond,Virginia_Richmond,Furniture,292.1,,
"26 November, 2017",United States,Richmond,Indiana_Richmond,Technology,,,1969.94
"14 January, 2017",United States,Richmond,Indiana_Richmond,Office Supplies,,,100.02
"13 October, 2014",United States,Richmond,Virginia_Richmond,Office Supplies,,,366.78
"21 November, 2014",United States,Richmond,Kentucky_Richmond,Office Supplies,,828.51,
"27 March, 2017",United States,Richmond,Virginia_Richmond,Technology,206.1,,
"10 August, 2017",United States,Richmond,Indiana_Richmond,Office Supplies,,177.2,
"20 June, 2017",United States,Richmond,Virginia_Richmond,Office Supplies,32.4,,
"13 October, 2014",United States,Richmond,Virginia_Richmond,Technology,,,22.96
"24 June, 2016",United States,Richmond,Indiana_Richmond,Technology,440.91,,
"06 September, 2015",United States,Richmond,Virginia_Richmond,Office Supplies,,46.62,
"11 March, 2014",United States,Richmond,Kentucky_Richmond,Technology,,620.93,
"03 July, 2015",United States,Richmond,Kentucky_Richmond,Furniture,70.98,,
"03 February, 2016",United States,Richmond,Kentucky_Richmond,Furniture,866.4,,
"22 October, 2016",United States,Richmond,Virginia_Richmond,Furniture,39.92,,
"03 July, 2015",United States,Richmond,Kentucky_Richmond,Office Supplies,294.93,,
"01 November, 2014",United States,Richmond,Kentucky_Richmond,Office Supplies,,75.16,
"30 October, 2017",United States,Richmond,Kentucky_Richmond,Furniture,,,33.94
"11 March, 2014",United States,Richmond,Kentucky_Richmond,Office Supplies,,161.7,
"07 December, 2017",United States,Richmond,Virginia_Richmond,Furniture,82.38,,
"05 April, 2014",United States,Richmond,Kentucky_Richmond,Office Supplies,,115.36,
"16 October, 2017",United States,Richmond,Kentucky_Richmond,Office Supplies,124.75,,
"20 June, 2017",United States,Richmond,Virginia_Richmond,Technology,503.96,,
"23 December, 2015",United States,Richmond,Virginia_Richmond,Office Supplies,194.32,,
"09 December, 2017",United States,Richmond,Kentucky_Richmond,Technology,1546.43,,
"23 December, 2014",United States,Richmond,Indiana_Richmond,Office Supplies,207.24,,
"09 December, 2017",United States,Richmond,Kentucky_Richmond,Office Supplies,281.08,,
"20 February, 2014",United States,Richmond,Indiana_Richmond,Technology,,62.31,
"04 July, 2014",United States,Richmond,Virginia_Richmond,Office Supplies,37.44,,
"26 June, 2015",United States,Richmond,Virginia_Richmond,Office Supplies,202.42,,
"05 May, 2014",United States,Richmond,Kentucky_Richmond,Office Supplies,40.54,,
"03 April, 2016",United States,Richmond,Indiana_Richmond,Furniture,71.12,,
"14 January, 2017",United States,Richmond,Indiana_Richmond,Technology,,,239.72
"30 October, 2017",United States,Richmond,Kentucky_Richmond,Office Supplies,,,171.04
"11 September, 2017",United States,Richmond,Virginia_Richmond,Office Supplies,67.9,,
"28 November, 2014",United States,Richmond,Indiana_Richmond,Office Supplies,,64.02,
"26 June, 2015",United States,Richmond,Virginia_Richmond,Furniture,332.94,,
"24 March, 2016",United States,Richmond,Indiana_Richmond,Office Supplies,,22.48,
