Date,Country,City,State_City,Category,Consumer,Corporate,Home_Office
"16 December, 2017",United States,Oceanside,California_Oceanside,Office Supplies,,24.32,
"21 February, 2016",United States,Oceanside,New York_Oceanside,Furniture,,68.95,
"24 August, 2014",United States,Oceanside,New York_Oceanside,Office Supplies,,12.672,
"03 December, 2016",United States,Oceanside,New York_Oceanside,Furniture,942.678,,
"22 September, 2015",United States,Oceanside,California_Oceanside,Furniture,204.6,,
"26 May, 2017",United States,Oceanside,California_Oceanside,Office Supplies,12.96,,
"24 December, 2017",United States,Oceanside,New York_Oceanside,Office Supplies,14.376,,
"09 November, 2015",United States,Oceanside,New York_Oceanside,Office Supplies,256.79,,
"16 December, 2017",United States,Oceanside,California_Oceanside,Furniture,,197.712,
"24 August, 2014",United States,Oceanside,New York_Oceanside,Furniture,,13.28,
"24 December, 2017",United States,Oceanside,New York_Oceanside,Furniture,271.764,,
"19 March, 2016",United States,Oceanside,New York_Oceanside,Furniture,35.3,,
"26 September, 2015",United States,Oceanside,New York_Oceanside,Office Supplies,113.496,,
"03 December, 2016",United States,Oceanside,New York_Oceanside,Office Supplies,222.65,,
"21 February, 2016",United States,Oceanside,New York_Oceanside,Office Supplies,,296.37,
"18 December, 2017",United States,Oceanside,New York_Oceanside,Furniture,18.96,,
"09 November, 2017",United States,Oceanside,California_Oceanside,Furniture,47.12,,
"09 November, 2015",United States,Oceanside,New York_Oceanside,Technology,913.93,,
"07 November, 2016",United States,Oceanside,California_Oceanside,Office Supplies,,,12.9
"21 February, 2016",United States,Oceanside,New York_Oceanside,Technology,,39.98,
"26 September, 2015",United States,Oceanside,New York_Oceanside,Technology,629.93,,
