Date,Country,City,State_City,Category,Consumer,Corporate,Home_Office
"23 December, 2014",United States,Port Arthur,Texas_Port Arthur,Office Supplies,,5.184,
"21 November, 2015",United States,Port Arthur,Texas_Port Arthur,Technology,,439.992,
"21 November, 2015",United States,Port Arthur,Texas_Port Arthur,Office Supplies,,11.696,
"21 November, 2015",United States,Port Arthur,Texas_Port Arthur,Furniture,,246.1328,
"27 December, 2016",United States,Port Arthur,Texas_Port Arthur,Office Supplies,34.048,,
