Date,Country,City,State_City,Category,Consumer,Corporate,Home_Office
"15 July, 2017",United States,Suffolk,Virginia_Suffolk,Office Supplies,,192.9,
"04 August, 2016",United States,Suffolk,Virginia_Suffolk,Furniture,,,109.8
"15 July, 2017",United States,Suffolk,Virginia_Suffolk,Furniture,,872.94,
"11 December, 2015",United States,Suffolk,Virginia_Suffolk,Office Supplies,196.62,,
"04 August, 2016",United States,Suffolk,Virginia_Suffolk,Office Supplies,,,49.01
"06 February, 2015",United States,Suffolk,Virginia_Suffolk,Office Supplies,,176.63,
