Date,Country,City,State_City,Category,Consumer,Corporate,Home_Office
"26 March, 2017",United States,Virginia Beach,Virginia_Virginia Beach,Technology,,,53.25
"05 November, 2016",United States,Virginia Beach,Virginia_Virginia Beach,Technology,89.97,,
"10 September, 2014",United States,Virginia Beach,Virginia_Virginia Beach,Office Supplies,,,9.64
"19 May, 2014",United States,Virginia Beach,Virginia_Virginia Beach,Office Supplies,34.2,,
"12 May, 2016",United States,Virginia Beach,Virginia_Virginia Beach,Office Supplies,,10.96,
"21 May, 2014",United States,Virginia Beach,Virginia_Virginia Beach,Technology,,617.97,
"21 May, 2014",United States,Virginia Beach,Virginia_Virginia Beach,Office Supplies,,2715.93,
"26 October, 2017",United States,Virginia Beach,Virginia_Virginia Beach,Office Supplies,251.58,,
"30 October, 2015",United States,Virginia Beach,Virginia_Virginia Beach,Office Supplies,182.91,,
"26 October, 2017",United States,Virginia Beach,Virginia_Virginia Beach,Furniture,356.85,,
"05 November, 2016",United States,Virginia Beach,Virginia_Virginia Beach,Furniture,1030.76,,
"07 December, 2014",United States,Virginia Beach,Virginia_Virginia Beach,Office Supplies,105.52,,
"02 April, 2014",United States,Virginia Beach,Virginia_Virginia Beach,Furniture,,177.68,
"26 March, 2017",United States,Virginia Beach,Virginia_Virginia Beach,Office Supplies,,,3.76
"24 November, 2014",United States,Virginia Beach,Virginia_Virginia Beach,Furniture,,,111.15
