Date,Country,City,State_City,Category,Consumer,Corporate,Home_Office
"12 November, 2015",United States,Plantation,Florida_Plantation,Furniture,,670.056,
"12 March, 2015",United States,Plantation,Florida_Plantation,Furniture,,37.288,
"12 November, 2015",United States,Plantation,Florida_Plantation,Office Supplies,,21.66,
"22 March, 2015",United States,Plantation,Florida_Plantation,Office Supplies,150.408,,
"12 November, 2015",United States,Plantation,Florida_Plantation,Technology,,100.792,
"12 March, 2015",United States,Plantation,Florida_Plantation,Office Supplies,,8.688,
"22 March, 2015",United States,Plantation,Florida_Plantation,Technology,447.944,,
