Date,Country,City,State_City,Category,Consumer,Corporate,Home_Office
"13 March, 2016",United States,San Antonio,Texas_San Antonio,Furniture,557.585,,
"19 November, 2017",United States,San Antonio,Texas_San Antonio,Furniture,,718.116,
"26 May, 2015",United States,San Antonio,Texas_San Antonio,Technology,399.54,,
"03 March, 2016",United States,San Antonio,Texas_San Antonio,Office Supplies,36.6,,
"23 October, 2017",United States,San Antonio,Texas_San Antonio,Technology,823.96,,
"12 December, 2014",United States,San Antonio,Texas_San Antonio,Office Supplies,,210.392,
"26 July, 2014",United States,San Antonio,Texas_San Antonio,Office Supplies,2208.084,,
"03 March, 2016",United States,San Antonio,Texas_San Antonio,Technology,287.91,,
"01 December, 2017",United States,San Antonio,Texas_San Antonio,Office Supplies,,10.368,
"05 May, 2014",United States,San Antonio,Texas_San Antonio,Furniture,127.869,,
"22 November, 2015",United States,San Antonio,Texas_San Antonio,Furniture,,,206.962
"23 October, 2017",United States,San Antonio,Texas_San Antonio,Office Supplies,13.836,,
"09 February, 2015",United States,San Antonio,Texas_San Antonio,Office Supplies,,40.096,
"09 March, 2015",United States,San Antonio,Texas_San Antonio,Technology,,473.4,
"07 April, 2015",United States,San Antonio,Texas_San Antonio,Technology,383.952,,
"02 November, 2015",United States,San Antonio,Texas_San Antonio,Technology,,344.704,
"15 June, 2014",United States,San Antonio,Texas_San Antonio,Furniture,,897.862,
"13 March, 2016",United States,San Antonio,Texas_San Antonio,Office Supplies,71.352,,
"08 September, 2014",United States,San Antonio,Texas_San Antonio,Technology,8303.928,,
"03 January, 2016",United States,San Antonio,Texas_San Antonio,Technology,,376.64,
"19 November, 2017",United States,San Antonio,Texas_San Antonio,Office Supplies,,31.776,
"07 December, 2017",United States,San Antonio,Texas_San Antonio,Office Supplies,,19.104,
"09 February, 2015",United States,San Antonio,Texas_San Antonio,Furniture,,40.784,
"07 April, 2015",United States,San Antonio,Texas_San Antonio,Office Supplies,463.248,,
"25 March, 2017",United States,San Antonio,Texas_San Antonio,Technology,470.376,,
"01 October, 2017",United States,San Antonio,Texas_San Antonio,Office Supplies,,6.672,
"26 May, 2015",United States,San Antonio,Texas_San Antonio,Furniture,210.616,,
"01 June, 2015",United States,San Antonio,Texas_San Antonio,Office Supplies,,47.968,
"26 July, 2014",United States,San Antonio,Texas_San Antonio,Technology,431.136,,
"02 November, 2015",United States,San Antonio,Texas_San Antonio,Office Supplies,,29.372,
"21 October, 2016",United States,San Antonio,Texas_San Antonio,Technology,106.08,,
"26 July, 2014",United States,San Antonio,Texas_San Antonio,Furniture,17.496,,
"08 September, 2014",United States,San Antonio,Texas_San Antonio,Office Supplies,495.908,,
"03 March, 2016",United States,San Antonio,Texas_San Antonio,Furniture,637.896,,
"08 September, 2014",United States,San Antonio,Texas_San Antonio,Furniture,1740.06,,
"05 September, 2016",United States,San Antonio,Texas_San Antonio,Office Supplies,93.456,,
"08 October, 2016",United States,San Antonio,Texas_San Antonio,Office Supplies,,,60.144
"23 November, 2015",United States,San Antonio,Texas_San Antonio,Office Supplies,,386.488,
"15 June, 2014",United States,San Antonio,Texas_San Antonio,Office Supplies,,8.568,
"24 October, 2015",United States,San Antonio,Texas_San Antonio,Office Supplies,,,3.592
"12 November, 2014",United States,San Antonio,Texas_San Antonio,Office Supplies,49.632,,
