Date,Country,City,State_City,Category,Consumer,Corporate,Home_Office
"18 September, 2017",United States,Dallas,Texas_Dallas,Office Supplies,,,114.848
"24 December, 2017",United States,Dallas,Texas_Dallas,Office Supplies,264.32,,
"12 November, 2017",United States,Dallas,Texas_Dallas,Furniture,,,22.848
"03 March, 2017",United States,Dallas,Texas_Dallas,Office Supplies,26.88,,
"28 August, 2016",United States,Dallas,Texas_Dallas,Furniture,156.3728,,
"19 June, 2017",United States,Dallas,Texas_Dallas,Office Supplies,164.768,,6.888
"28 August, 2016",United States,Dallas,Texas_Dallas,Office Supplies,23.164,,
"05 August, 2015",United States,Dallas,Texas_Dallas,Office Supplies,,57.89,
"02 April, 2015",United States,Dallas,Texas_Dallas,Technology,98.096,,
"20 July, 2014",United States,Dallas,Texas_Dallas,Furniture,,,998.112
"25 March, 2017",United States,Dallas,Texas_Dallas,Office Supplies,6.848,,
"09 February, 2015",United States,Dallas,Texas_Dallas,Technology,,20.8,
"25 July, 2017",United States,Dallas,Texas_Dallas,Furniture,,,298.116
"18 March, 2017",United States,Dallas,Texas_Dallas,Office Supplies,23.832,,
"08 August, 2016",United States,Dallas,Texas_Dallas,Office Supplies,65.12,,
"29 November, 2016",United States,Dallas,Texas_Dallas,Technology,,58.416,
"07 August, 2017",United States,Dallas,Texas_Dallas,Office Supplies,118.16,,
"19 June, 2017",United States,Dallas,Texas_Dallas,Furniture,,,457.485
"25 December, 2017",United States,Dallas,Texas_Dallas,Office Supplies,160.162,,
"11 November, 2017",United States,Dallas,Texas_Dallas,Technology,35.184,,
"21 November, 2014",United States,Dallas,Texas_Dallas,Technology,,267.96,
"28 August, 2015",United States,Dallas,Texas_Dallas,Furniture,,103.481,
"09 July, 2015",United States,Dallas,Texas_Dallas,Office Supplies,,48.632,
"07 November, 2016",United States,Dallas,Texas_Dallas,Furniture,44.46,,
"31 October, 2017",United States,Dallas,Texas_Dallas,Office Supplies,,,5.248
"24 November, 2016",United States,Dallas,Texas_Dallas,Technology,1050.12,,
"23 November, 2017",United States,Dallas,Texas_Dallas,Furniture,,127.785,
"26 October, 2017",United States,Dallas,Texas_Dallas,Office Supplies,,,55.616
"15 October, 2015",United States,Dallas,Texas_Dallas,Furniture,131.376,,
"07 October, 2014",United States,Dallas,Texas_Dallas,Office Supplies,,107.44,
"21 July, 2014",United States,Dallas,Texas_Dallas,Furniture,,657.93,
"19 October, 2015",United States,Dallas,Texas_Dallas,Office Supplies,1.72,,
"08 September, 2016",United States,Dallas,Texas_Dallas,Technology,,59.96,
"15 October, 2015",United States,Dallas,Texas_Dallas,Office Supplies,5.344,,8.424
"13 November, 2017",United States,Dallas,Texas_Dallas,Office Supplies,,61.792,
"12 October, 2017",United States,Dallas,Texas_Dallas,Technology,,39.984,1161.424
"08 March, 2016",United States,Dallas,Texas_Dallas,Office Supplies,,,155.208
"06 September, 2016",United States,Dallas,Texas_Dallas,Office Supplies,,41.92,
"16 February, 2014",United States,Dallas,Texas_Dallas,Office Supplies,9.04,,
"03 September, 2017",United States,Dallas,Texas_Dallas,Furniture,108.4,,
"07 August, 2017",United States,Dallas,Texas_Dallas,Technology,119.448,,
"03 January, 2015",United States,Dallas,Texas_Dallas,Technology,398.4,,
"23 November, 2017",United States,Dallas,Texas_Dallas,Technology,195.96,,
"02 April, 2015",United States,Dallas,Texas_Dallas,Office Supplies,32.192,,
"05 November, 2017",United States,Dallas,Texas_Dallas,Technology,,492.768,
"28 April, 2016",United States,Dallas,Texas_Dallas,Technology,,369.576,
"21 May, 2016",United States,Dallas,Texas_Dallas,Office Supplies,,84.62,
"30 October, 2017",United States,Dallas,Texas_Dallas,Furniture,267.198,,
"12 November, 2017",United States,Dallas,Texas_Dallas,Technology,,,112.776
"09 September, 2016",United States,Dallas,Texas_Dallas,Furniture,,,15.008
"05 August, 2015",United States,Dallas,Texas_Dallas,Furniture,,14.76,
"27 August, 2016",United States,Dallas,Texas_Dallas,Office Supplies,114.84,,
"09 July, 2014",United States,Dallas,Texas_Dallas,Office Supplies,,24.72,
"12 October, 2017",United States,Dallas,Texas_Dallas,Office Supplies,,,10.368
"03 January, 2015",United States,Dallas,Texas_Dallas,Office Supplies,7.056,,
"19 June, 2015",United States,Dallas,Texas_Dallas,Office Supplies,,,5.792
"15 August, 2014",United States,Dallas,Texas_Dallas,Office Supplies,30.96,,
"05 July, 2017",United States,Dallas,Texas_Dallas,Office Supplies,,64.366,
"23 November, 2017",United States,Dallas,Texas_Dallas,Office Supplies,,120.696,
"05 July, 2017",United States,Dallas,Texas_Dallas,Furniture,,332.028,
"17 December, 2017",United States,Dallas,Texas_Dallas,Office Supplies,66.284,,
"09 June, 2017",United States,Dallas,Texas_Dallas,Office Supplies,,720.76,
"21 November, 2014",United States,Dallas,Texas_Dallas,Office Supplies,,1.632,
"06 November, 2017",United States,Dallas,Texas_Dallas,Office Supplies,18.16,,
"02 March, 2017",United States,Dallas,Texas_Dallas,Office Supplies,,19.198,
"10 March, 2017",United States,Dallas,Texas_Dallas,Furniture,933.408,,
"20 July, 2014",United States,Dallas,Texas_Dallas,Office Supplies,,,342.864
"31 January, 2016",United States,Dallas,Texas_Dallas,Office Supplies,15.552,,
"05 March, 2016",United States,Dallas,Texas_Dallas,Office Supplies,,162.344,
"28 August, 2015",United States,Dallas,Texas_Dallas,Technology,,1099.96,
"03 April, 2016",United States,Dallas,Texas_Dallas,Office Supplies,,,10.272
"27 October, 2017",United States,Dallas,Texas_Dallas,Office Supplies,,24.288,
"29 June, 2017",United States,Dallas,Texas_Dallas,Furniture,717.3132,,
"18 July, 2016",United States,Dallas,Texas_Dallas,Technology,15.576,,
"30 May, 2017",United States,Dallas,Texas_Dallas,Furniture,204.6664,,
"13 November, 2017",United States,Dallas,Texas_Dallas,Furniture,,205.9992,
"10 July, 2016",United States,Dallas,Texas_Dallas,Office Supplies,492.28,,
"20 November, 2015",United States,Dallas,Texas_Dallas,Technology,,479.988,
"17 March, 2014",United States,Dallas,Texas_Dallas,Office Supplies,25.184,,
"28 April, 2016",United States,Dallas,Texas_Dallas,Office Supplies,,15.712,
"07 November, 2016",United States,Dallas,Texas_Dallas,Office Supplies,314.088,,
"30 October, 2017",United States,Dallas,Texas_Dallas,Office Supplies,54.192,,
"03 January, 2015",United States,Dallas,Texas_Dallas,Furniture,1352.3976,,
"08 June, 2017",United States,Dallas,Texas_Dallas,Office Supplies,,108.816,
"18 August, 2017",United States,Dallas,Texas_Dallas,Office Supplies,228.188,,
"03 October, 2014",United States,Dallas,Texas_Dallas,Office Supplies,26.132,,
"27 August, 2017",United States,Dallas,Texas_Dallas,Office Supplies,5.952,,
"12 January, 2017",United States,Dallas,Texas_Dallas,Office Supplies,,760.98,
"05 December, 2015",United States,Dallas,Texas_Dallas,Office Supplies,45.04,,
"29 June, 2017",United States,Dallas,Texas_Dallas,Office Supplies,21.392,,
"08 March, 2016",United States,Dallas,Texas_Dallas,Technology,,,27.96
"08 September, 2016",United States,Dallas,Texas_Dallas,Office Supplies,,70.368,
"06 September, 2016",United States,Dallas,Texas_Dallas,Technology,,329.584,
"03 October, 2014",United States,Dallas,Texas_Dallas,Furniture,31.776,,
"06 March, 2017",United States,Dallas,Texas_Dallas,Office Supplies,68.416,,
"03 November, 2016",United States,Dallas,Texas_Dallas,Office Supplies,,9.248,
"21 July, 2014",United States,Dallas,Texas_Dallas,Office Supplies,,93.956,
"24 November, 2016",United States,Dallas,Texas_Dallas,Office Supplies,134.656,,
"12 November, 2017",United States,Dallas,Texas_Dallas,Office Supplies,,,120.736
"30 April, 2016",United States,Dallas,Texas_Dallas,Furniture,,,22.608
"06 November, 2017",United States,Dallas,Texas_Dallas,Furniture,30.56,,
"18 May, 2014",United States,Dallas,Texas_Dallas,Office Supplies,3.984,,
"08 October, 2015",United States,Dallas,Texas_Dallas,Furniture,,72.78,
"08 June, 2017",United States,Dallas,Texas_Dallas,Technology,,381.576,
