Date,Country,City,State_City,Category,Consumer,Corporate,Home_Office
"21 January, 2014",United States,Miami,Florida_Miami,Furniture,25.248,,
"29 August, 2014",United States,Miami,Florida_Miami,Office Supplies,534.984,,
"15 April, 2017",United States,Miami,Florida_Miami,Office Supplies,,15.57,
"06 July, 2017",United States,Miami,Florida_Miami,Furniture,239.24,,
"24 December, 2014",United States,Miami,Florida_Miami,Office Supplies,9.568,,
"07 November, 2015",United States,Miami,Florida_Miami,Office Supplies,,1361.631,
"08 March, 2016",United States,Miami,Florida_Miami,Furniture,102.36,,
"30 November, 2017",United States,Miami,Florida_Miami,Technology,,,71.976
"25 October, 2016",United States,Miami,Florida_Miami,Technology,,783.96,
"29 August, 2014",United States,Miami,Florida_Miami,Furniture,174.0585,,
"22 June, 2017",United States,Miami,Florida_Miami,Office Supplies,37.608,,
"20 June, 2017",United States,Miami,Florida_Miami,Office Supplies,4.464,,
"11 April, 2014",United States,Miami,Florida_Miami,Office Supplies,17.28,,
"09 June, 2015",United States,Miami,Florida_Miami,Office Supplies,102.72,,
"20 December, 2015",United States,Miami,Florida_Miami,Office Supplies,,,11.696
"26 November, 2016",United States,Miami,Florida_Miami,Office Supplies,,,3.744
"09 June, 2015",United States,Miami,Florida_Miami,Technology,72.6,,
"23 September, 2017",United States,Miami,Florida_Miami,Office Supplies,251.64,,
"03 November, 2017",United States,Miami,Florida_Miami,Technology,,361.376,
"26 March, 2015",United States,Miami,Florida_Miami,Office Supplies,,74.352,
"30 January, 2017",United States,Miami,Florida_Miami,Furniture,419.136,,
"26 June, 2017",United States,Miami,Florida_Miami,Furniture,,273.552,
"24 September, 2017",United States,Miami,Florida_Miami,Office Supplies,235.944,,
"13 November, 2015",United States,Miami,Florida_Miami,Office Supplies,121.104,,
"18 June, 2015",United States,Miami,Florida_Miami,Office Supplies,,13.632,
"08 March, 2016",United States,Miami,Florida_Miami,Technology,1363.96,,
"02 December, 2017",United States,Miami,Florida_Miami,Office Supplies,,47.96,
"24 September, 2017",United States,Miami,Florida_Miami,Technology,17.88,,
"11 April, 2014",United States,Miami,Florida_Miami,Technology,719.92,,
"09 October, 2015",United States,Miami,Florida_Miami,Office Supplies,50.462,,
"29 December, 2016",United States,Miami,Florida_Miami,Office Supplies,,,62.752
"31 March, 2014",United States,Miami,Florida_Miami,Office Supplies,,1.869,
"04 March, 2016",United States,Miami,Florida_Miami,Office Supplies,,10.08,
"12 August, 2014",United States,Miami,Florida_Miami,Office Supplies,,,298.816
"13 November, 2015",United States,Miami,Florida_Miami,Technology,111.96,,
"20 November, 2015",United States,Miami,Florida_Miami,Office Supplies,87.55,,
"26 August, 2016",United States,Miami,Florida_Miami,Office Supplies,,31.008,
"12 December, 2014",United States,Miami,Florida_Miami,Office Supplies,23.472,,
"04 November, 2016",United States,Miami,Florida_Miami,Furniture,,50.496,
"26 June, 2017",United States,Miami,Florida_Miami,Office Supplies,,13.872,
"12 August, 2014",United States,Miami,Florida_Miami,Technology,,,158.928
"21 September, 2017",United States,Miami,Florida_Miami,Office Supplies,12.294,,
"20 November, 2015",United States,Miami,Florida_Miami,Furniture,290.352,,
