Date,Country,City,State_City,Category,Consumer,Corporate,Home_Office
"19 December, 2015",United States,Dover,New Hampshire_Dover,Technology,,,2249.91
"19 December, 2015",United States,Dover,New Hampshire_Dover,Furniture,,,1053.164
"16 February, 2015",United States,Dover,New Hampshire_Dover,Office Supplies,,35.88,
"29 April, 2014",United States,Dover,Delaware_Dover,Technology,19.98,,
"14 November, 2015",United States,Dover,Delaware_Dover,Furniture,76.14,,
"14 March, 2015",United States,Dover,New Hampshire_Dover,Office Supplies,688.46,,
"04 March, 2016",United States,Dover,New Hampshire_Dover,Technology,,159.98,
"14 November, 2015",United States,Dover,Delaware_Dover,Office Supplies,19.96,,
"08 May, 2016",United States,Dover,Delaware_Dover,Furniture,,211.96,
"20 May, 2014",United States,Dover,New Hampshire_Dover,Furniture,,139.86,
"19 December, 2015",United States,Dover,New Hampshire_Dover,Office Supplies,,,29.9
"23 September, 2014",United States,Dover,Delaware_Dover,Office Supplies,44.34,,
"11 January, 2014",United States,Dover,Delaware_Dover,Furniture,9.94,,
"20 May, 2014",United States,Dover,New Hampshire_Dover,Office Supplies,,71.8,
"20 June, 2016",United States,Dover,Delaware_Dover,Technology,66.8,,
