Date,Country,City,State_City,Category,Consumer,Corporate,Home_Office
"31 March, 2017",United States,Arlington,Texas_Arlington,Office Supplies,,33.62,
"25 November, 2014",United States,Arlington,Texas_Arlington,Technology,,24.672,
"05 November, 2014",United States,Arlington,Virginia_Arlington,Technology,,,47.79
"20 October, 2016",United States,Arlington,Virginia_Arlington,Furniture,,,61.1
"18 June, 2015",United States,Arlington,Virginia_Arlington,Furniture,60.84,,
"20 December, 2015",United States,Arlington,Virginia_Arlington,Office Supplies,36.27,,
"08 July, 2016",United States,Arlington,Texas_Arlington,Technology,,863.64,
"27 September, 2015",United States,Arlington,Virginia_Arlington,Office Supplies,154.9,,
"05 May, 2014",United States,Arlington,Virginia_Arlington,Office Supplies,,47.32,
"27 September, 2015",United States,Arlington,Virginia_Arlington,Technology,1871.88,,
"06 December, 2015",United States,Arlington,Virginia_Arlington,Technology,173.94,,
"24 August, 2015",United States,Arlington,Texas_Arlington,Furniture,918.785,,
"02 July, 2016",United States,Arlington,Virginia_Arlington,Office Supplies,7.7,,
"25 November, 2014",United States,Arlington,Texas_Arlington,Office Supplies,,24.12,
"06 February, 2017",United States,Arlington,Virginia_Arlington,Furniture,359.97,,
"30 September, 2017",United States,Arlington,Texas_Arlington,Office Supplies,,,11.646
"19 September, 2015",United States,Arlington,Virginia_Arlington,Furniture,,,61.96
"17 December, 2016",United States,Arlington,Texas_Arlington,Office Supplies,,51.84,
"19 April, 2014",United States,Arlington,Virginia_Arlington,Office Supplies,129.33,,
"22 September, 2015",United States,Arlington,Virginia_Arlington,Furniture,,,47.98
"11 June, 2016",United States,Arlington,Texas_Arlington,Furniture,,12.544,
"28 March, 2016",United States,Arlington,Virginia_Arlington,Office Supplies,,31.4,
"08 September, 2017",United States,Arlington,Texas_Arlington,Furniture,,234.614,
"19 May, 2016",United States,Arlington,Virginia_Arlington,Furniture,641.96,,
"11 June, 2016",United States,Arlington,Texas_Arlington,Office Supplies,,9.616,
"02 February, 2016",United States,Arlington,Virginia_Arlington,Furniture,18.69,,
"25 November, 2014",United States,Arlington,Texas_Arlington,Furniture,,1224.831,
"30 May, 2016",United States,Arlington,Virginia_Arlington,Technology,,111.98,
"18 June, 2015",United States,Arlington,Virginia_Arlington,Technology,467.97,,
"08 September, 2017",United States,Arlington,Texas_Arlington,Technology,,319.984,
"25 July, 2016",United States,Arlington,Virginia_Arlington,Office Supplies,,,10.44
"18 June, 2015",United States,Arlington,Virginia_Arlington,Office Supplies,517.66,,
"08 July, 2016",United States,Arlington,Texas_Arlington,Office Supplies,,47.616,
"02 February, 2016",United States,Arlington,Virginia_Arlington,Technology,8749.95,,
"17 December, 2017",United States,Arlington,Virginia_Arlington,Office Supplies,544.38,,
"06 May, 2017",United States,Arlington,Virginia_Arlington,Office Supplies,54.66,,
"22 September, 2015",United States,Arlington,Virginia_Arlington,Office Supplies,,,32.4
"24 August, 2015",United States,Arlington,Texas_Arlington,Office Supplies,1726.236,,
"30 May, 2016",United States,Arlington,Virginia_Arlington,Office Supplies,,26.55,
"18 September, 2017",United States,Arlington,Texas_Arlington,Office Supplies,56.512,,
"08 September, 2017",United States,Arlington,Texas_Arlington,Office Supplies,,109.272,
"17 December, 2016",United States,Arlington,Texas_Arlington,Technology,,165.6,
"02 February, 2016",United States,Arlington,Virginia_Arlington,Office Supplies,36.4,,
"15 April, 2017",United States,Arlington,Virginia_Arlington,Office Supplies,4.89,,
"01 February, 2016",United States,Arlington,Virginia_Arlington,Office Supplies,,56.45,
"18 February, 2014",United States,Arlington,Texas_Arlington,Office Supplies,12.624,,
