Date,Country,City,State_City,Category,Consumer,Corporate,Home_Office
"12 November, 2016",United States,Mesa,Arizona_Mesa,Office Supplies,10.638,,
"12 November, 2016",United States,Mesa,Arizona_Mesa,Technology,31.984,,
"26 July, 2015",United States,Mesa,Arizona_Mesa,Furniture,393.165,,
"24 April, 2017",United States,Mesa,Arizona_Mesa,Technology,552,,
"26 September, 2015",United States,Mesa,Arizona_Mesa,Office Supplies,,780.115,
"26 September, 2015",United States,Mesa,Arizona_Mesa,Technology,,263.96,
"27 October, 2017",United States,Mesa,Arizona_Mesa,Office Supplies,,,44.784
"24 November, 2017",United States,Mesa,Arizona_Mesa,Office Supplies,436.596,,
"14 July, 2015",United States,Mesa,Arizona_Mesa,Office Supplies,291.232,,
"27 August, 2017",United States,Mesa,Arizona_Mesa,Furniture,120.576,,
"09 December, 2014",United States,Mesa,Arizona_Mesa,Office Supplies,,100.704,
"02 June, 2017",United States,Mesa,Arizona_Mesa,Office Supplies,69.264,,
"02 April, 2015",United States,Mesa,Arizona_Mesa,Technology,87.8,,
"14 July, 2015",United States,Mesa,Arizona_Mesa,Furniture,569.684,,
"22 December, 2017",United States,Mesa,Arizona_Mesa,Furniture,182.55,,
"13 April, 2015",United States,Mesa,Arizona_Mesa,Office Supplies,,,85.92
"10 July, 2016",United States,Mesa,Arizona_Mesa,Office Supplies,16.768,,
