Date,Country,City,State_City,Category,Consumer,Corporate,Home_Office
"07 July, 2017",United States,Philadelphia,Pennsylvania_Philadelphia,Office Supplies,28.944,,
"14 January, 2014",United States,Philadelphia,Pennsylvania_Philadelphia,Furniture,,61.96,
"16 September, 2017",United States,Philadelphia,Pennsylvania_Philadelphia,Office Supplies,562.182,,20.736
"23 May, 2016",United States,Philadelphia,Pennsylvania_Philadelphia,Technology,8522.358,,
"18 July, 2017",United States,Philadelphia,Pennsylvania_Philadelphia,Office Supplies,9.184,,
"06 March, 2016",United States,Philadelphia,Pennsylvania_Philadelphia,Office Supplies,,,2.043
"03 September, 2016",United States,Philadelphia,Pennsylvania_Philadelphia,Technology,,,280.782
"13 September, 2014",United States,Philadelphia,Pennsylvania_Philadelphia,Office Supplies,15.552,,
"26 July, 2015",United States,Philadelphia,Pennsylvania_Philadelphia,Office Supplies,10.368,,
"13 August, 2017",United States,Philadelphia,Pennsylvania_Philadelphia,Office Supplies,,17.544,
"11 March, 2017",United States,Philadelphia,Pennsylvania_Philadelphia,Technology,,,776.85
"16 September, 2017",United States,Philadelphia,Pennsylvania_Philadelphia,Technology,119.96,,
"13 April, 2017",United States,Philadelphia,Pennsylvania_Philadelphia,Office Supplies,,7.92,
"03 May, 2017",United States,Philadelphia,Pennsylvania_Philadelphia,Office Supplies,,98.588,
"04 May, 2017",United States,Philadelphia,Pennsylvania_Philadelphia,Office Supplies,,11.598,
"27 November, 2015",United States,Philadelphia,Pennsylvania_Philadelphia,Technology,,,748.752
"03 July, 2016",United States,Philadelphia,Pennsylvania_Philadelphia,Office Supplies,,123.92,
"28 September, 2017",United States,Philadelphia,Pennsylvania_Philadelphia,Office Supplies,,2.655,
"05 November, 2016",United States,Philadelphia,Pennsylvania_Philadelphia,Technology,,23.988,
"10 May, 2014",United States,Philadelphia,Pennsylvania_Philadelphia,Office Supplies,22.32,,
"23 May, 2014",United States,Philadelphia,Pennsylvania_Philadelphia,Technology,55.188,,
"28 November, 2017",United States,Philadelphia,Pennsylvania_Philadelphia,Office Supplies,,,40.896
"18 July, 2017",United States,Philadelphia,Pennsylvania_Philadelphia,Furniture,198.744,,
"03 May, 2015",United States,Philadelphia,Pennsylvania_Philadelphia,Technology,27.552,,
"24 February, 2017",United States,Philadelphia,Pennsylvania_Philadelphia,Technology,,1319.8,
"01 December, 2017",United States,Philadelphia,Pennsylvania_Philadelphia,Office Supplies,61.329,,104.68
"14 July, 2014",United States,Philadelphia,Pennsylvania_Philadelphia,Technology,37.482,,
"13 August, 2015",United States,Philadelphia,Pennsylvania_Philadelphia,Office Supplies,422.856,,
"09 September, 2017",United States,Philadelphia,Pennsylvania_Philadelphia,Office Supplies,,12.211,
"25 December, 2015",United States,Philadelphia,Pennsylvania_Philadelphia,Furniture,,547.136,
"06 July, 2017",United States,Philadelphia,Pennsylvania_Philadelphia,Office Supplies,,19.002,
"07 November, 2015",United States,Philadelphia,Pennsylvania_Philadelphia,Office Supplies,,24.4,
"07 April, 2015",United States,Philadelphia,Pennsylvania_Philadelphia,Office Supplies,,,11.736
"30 November, 2015",United States,Philadelphia,Pennsylvania_Philadelphia,Office Supplies,163.575,,
"13 November, 2016",United States,Philadelphia,Pennsylvania_Philadelphia,Office Supplies,,,217.056
"30 October, 2017",United States,Philadelphia,Pennsylvania_Philadelphia,Office Supplies,31.904,,
"03 November, 2017",United States,Philadelphia,Pennsylvania_Philadelphia,Technology,40.776,,
"11 March, 2017",United States,Philadelphia,Pennsylvania_Philadelphia,Office Supplies,,,55.574
"03 November, 2016",United States,Philadelphia,Pennsylvania_Philadelphia,Technology,,,72
"26 August, 2016",United States,Philadelphia,Pennsylvania_Philadelphia,Office Supplies,,5.472,
"12 May, 2016",United States,Philadelphia,Pennsylvania_Philadelphia,Office Supplies,,82.368,
"01 September, 2016",United States,Philadelphia,Pennsylvania_Philadelphia,Technology,,23.988,
"30 August, 2016",United States,Philadelphia,Pennsylvania_Philadelphia,Technology,290.898,,
"02 March, 2014",United States,Philadelphia,Pennsylvania_Philadelphia,Technology,,151.2,
"14 June, 2015",United States,Philadelphia,Pennsylvania_Philadelphia,Furniture,,,51.072
"19 January, 2017",United States,Philadelphia,Pennsylvania_Philadelphia,Technology,429.6,,
"28 November, 2017",United States,Philadelphia,Pennsylvania_Philadelphia,Furniture,,,3589.04
"19 June, 2015",United States,Philadelphia,Pennsylvania_Philadelphia,Office Supplies,,,5.904
"03 May, 2015",United States,Philadelphia,Pennsylvania_Philadelphia,Office Supplies,186.52,,
"25 September, 2015",United States,Philadelphia,Pennsylvania_Philadelphia,Office Supplies,2.946,,
"14 July, 2014",United States,Philadelphia,Pennsylvania_Philadelphia,Office Supplies,41.584,,
"22 April, 2017",United States,Philadelphia,Pennsylvania_Philadelphia,Furniture,,,254.352
"18 July, 2016",United States,Philadelphia,Pennsylvania_Philadelphia,Office Supplies,,,313.84
"13 March, 2016",United States,Philadelphia,Pennsylvania_Philadelphia,Technology,,1368.97,
"02 June, 2016",United States,Philadelphia,Pennsylvania_Philadelphia,Office Supplies,,64.784,
"21 November, 2015",United States,Philadelphia,Pennsylvania_Philadelphia,Technology,110.97,,
"07 June, 2015",United States,Philadelphia,Pennsylvania_Philadelphia,Office Supplies,,,52.248
"27 August, 2017",United States,Philadelphia,Pennsylvania_Philadelphia,Technology,,1119.888,
"01 August, 2014",United States,Philadelphia,Pennsylvania_Philadelphia,Office Supplies,,,5.68
"17 August, 2017",United States,Philadelphia,Pennsylvania_Philadelphia,Furniture,4416.174,,
"21 November, 2015",United States,Philadelphia,Pennsylvania_Philadelphia,Furniture,1252.704,,
"28 December, 2014",United States,Philadelphia,Pennsylvania_Philadelphia,Office Supplies,,99.136,
"17 September, 2015",United States,Philadelphia,Pennsylvania_Philadelphia,Furniture,3207.63,,
"03 December, 2015",United States,Philadelphia,Pennsylvania_Philadelphia,Office Supplies,,,16.448
"06 April, 2014",United States,Philadelphia,Pennsylvania_Philadelphia,Technology,,,116.784
"08 March, 2016",United States,Philadelphia,Pennsylvania_Philadelphia,Technology,108.576,,
"22 September, 2016",United States,Philadelphia,Pennsylvania_Philadelphia,Office Supplies,7.872,,16.52
"13 May, 2017",United States,Philadelphia,Pennsylvania_Philadelphia,Furniture,,,458.43
"20 October, 2017",United States,Philadelphia,Pennsylvania_Philadelphia,Office Supplies,,,45.528
"18 June, 2016",United States,Philadelphia,Pennsylvania_Philadelphia,Office Supplies,,465.074,
"09 May, 2016",United States,Philadelphia,Pennsylvania_Philadelphia,Office Supplies,88.704,,
"28 June, 2014",United States,Philadelphia,Pennsylvania_Philadelphia,Office Supplies,411.246,,
"20 April, 2017",United States,Philadelphia,Pennsylvania_Philadelphia,Office Supplies,,384.04,
"27 March, 2017",United States,Philadelphia,Pennsylvania_Philadelphia,Furniture,15.008,,
"09 December, 2017",United States,Philadelphia,Pennsylvania_Philadelphia,Office Supplies,11.088,2.624,
"09 September, 2017",United States,Philadelphia,Pennsylvania_Philadelphia,Technology,,2286.534,
"29 January, 2017",United States,Philadelphia,Pennsylvania_Philadelphia,Office Supplies,4.768,,
"07 July, 2017",United States,Philadelphia,Pennsylvania_Philadelphia,Furniture,87.21,,
"29 September, 2014",United States,Philadelphia,Pennsylvania_Philadelphia,Furniture,,476.448,
"20 June, 2015",United States,Philadelphia,Pennsylvania_Philadelphia,Technology,,,319.984
"09 January, 2017",United States,Philadelphia,Pennsylvania_Philadelphia,Office Supplies,274.491,,
"23 June, 2014",United States,Philadelphia,Pennsylvania_Philadelphia,Technology,86.376,,
"18 November, 2014",United States,Philadelphia,Pennsylvania_Philadelphia,Technology,539.964,,
"14 November, 2016",United States,Philadelphia,Pennsylvania_Philadelphia,Furniture,428.634,,
"26 October, 2017",United States,Philadelphia,Pennsylvania_Philadelphia,Technology,118.65,,
"23 November, 2017",United States,Philadelphia,Pennsylvania_Philadelphia,Office Supplies,,7.476,
"03 December, 2015",United States,Philadelphia,Pennsylvania_Philadelphia,Furniture,,2.96,
"05 April, 2015",United States,Philadelphia,Pennsylvania_Philadelphia,Furniture,,,907.17
"29 April, 2015",United States,Philadelphia,Pennsylvania_Philadelphia,Office Supplies,,,7.968
"29 July, 2016",United States,Philadelphia,Pennsylvania_Philadelphia,Office Supplies,,84.784,
"05 April, 2015",United States,Philadelphia,Pennsylvania_Philadelphia,Office Supplies,23.904,,672.348
"11 September, 2016",United States,Philadelphia,Pennsylvania_Philadelphia,Technology,,728.946,
"21 October, 2017",United States,Philadelphia,Pennsylvania_Philadelphia,Technology,329.988,,
"22 September, 2015",United States,Philadelphia,Pennsylvania_Philadelphia,Technology,617.976,,
"17 September, 2014",United States,Philadelphia,Pennsylvania_Philadelphia,Office Supplies,,,5.892
"29 November, 2014",United States,Philadelphia,Pennsylvania_Philadelphia,Office Supplies,5.04,,
"21 September, 2017",United States,Philadelphia,Pennsylvania_Philadelphia,Office Supplies,1.908,,
"19 October, 2017",United States,Philadelphia,Pennsylvania_Philadelphia,Office Supplies,,146.936,
"17 November, 2014",United States,Philadelphia,Pennsylvania_Philadelphia,Office Supplies,12.448,,
"18 May, 2017",United States,Philadelphia,Pennsylvania_Philadelphia,Technology,36.048,,
"14 September, 2017",United States,Philadelphia,Pennsylvania_Philadelphia,Office Supplies,22.194,,
"18 December, 2017",United States,Philadelphia,Pennsylvania_Philadelphia,Office Supplies,,18.704,
"07 September, 2017",United States,Philadelphia,Pennsylvania_Philadelphia,Office Supplies,49.688,,
"30 August, 2016",United States,Philadelphia,Pennsylvania_Philadelphia,Office Supplies,192.228,,
"30 December, 2014",United States,Philadelphia,Pennsylvania_Philadelphia,Technology,27.968,251.964,
"05 July, 2015",United States,Philadelphia,Pennsylvania_Philadelphia,Technology,34.8,,
"02 November, 2017",United States,Philadelphia,Pennsylvania_Philadelphia,Furniture,,3.312,
"20 April, 2017",United States,Philadelphia,Pennsylvania_Philadelphia,Furniture,,94.376,
"30 September, 2017",United States,Philadelphia,Pennsylvania_Philadelphia,Office Supplies,,20.664,
"04 January, 2016",United States,Philadelphia,Pennsylvania_Philadelphia,Office Supplies,,109.252,
"21 August, 2016",United States,Philadelphia,Pennsylvania_Philadelphia,Furniture,,,815.292
"22 September, 2015",United States,Philadelphia,Pennsylvania_Philadelphia,Office Supplies,55.6,,
"10 May, 2016",United States,Philadelphia,Pennsylvania_Philadelphia,Technology,,,743.988
"28 December, 2015",United States,Philadelphia,Pennsylvania_Philadelphia,Technology,54.384,,
"05 April, 2016",United States,Philadelphia,Pennsylvania_Philadelphia,Office Supplies,769.184,,
"18 November, 2014",United States,Philadelphia,Pennsylvania_Philadelphia,Furniture,60.312,,
"21 June, 2014",United States,Philadelphia,Pennsylvania_Philadelphia,Technology,302.959,,
"26 March, 2015",United States,Philadelphia,Pennsylvania_Philadelphia,Technology,16.776,,
"05 March, 2015",United States,Philadelphia,Pennsylvania_Philadelphia,Technology,,476.47,
"25 October, 2014",United States,Philadelphia,Pennsylvania_Philadelphia,Office Supplies,13.698,,
"13 September, 2014",United States,Philadelphia,Pennsylvania_Philadelphia,Technology,252,,
"17 April, 2017",United States,Philadelphia,Pennsylvania_Philadelphia,Furniture,60.312,,
"26 June, 2017",United States,Philadelphia,Pennsylvania_Philadelphia,Technology,904.116,,
"23 November, 2016",United States,Philadelphia,Pennsylvania_Philadelphia,Office Supplies,,15.8,
"04 December, 2017",United States,Philadelphia,Pennsylvania_Philadelphia,Furniture,,494.632,
"19 November, 2014",United States,Philadelphia,Pennsylvania_Philadelphia,Technology,47.496,,
"23 November, 2017",United States,Philadelphia,Pennsylvania_Philadelphia,Furniture,24.048,,
"29 August, 2016",United States,Philadelphia,Pennsylvania_Philadelphia,Furniture,,405.8,
"24 May, 2016",United States,Philadelphia,Pennsylvania_Philadelphia,Office Supplies,,,16.656
"29 August, 2017",United States,Philadelphia,Pennsylvania_Philadelphia,Office Supplies,,9.408,
"08 December, 2017",United States,Philadelphia,Pennsylvania_Philadelphia,Technology,83.988,,
"05 December, 2015",United States,Philadelphia,Pennsylvania_Philadelphia,Office Supplies,26.064,,
"14 July, 2016",United States,Philadelphia,Pennsylvania_Philadelphia,Office Supplies,11.632,,
"11 March, 2017",United States,Philadelphia,Pennsylvania_Philadelphia,Furniture,,,154.764
"25 August, 2017",United States,Philadelphia,Pennsylvania_Philadelphia,Furniture,130.98,,
"22 October, 2017",United States,Philadelphia,Pennsylvania_Philadelphia,Office Supplies,,31.68,
"05 September, 2016",United States,Philadelphia,Pennsylvania_Philadelphia,Office Supplies,17.427,,
"16 January, 2014",United States,Philadelphia,Pennsylvania_Philadelphia,Furniture,127.104,,
"10 March, 2016",United States,Philadelphia,Pennsylvania_Philadelphia,Technology,39.992,,
"11 December, 2017",United States,Philadelphia,Pennsylvania_Philadelphia,Furniture,63.686,,
"15 January, 2017",United States,Philadelphia,Pennsylvania_Philadelphia,Office Supplies,1958.544,,
"14 November, 2016",United States,Philadelphia,Pennsylvania_Philadelphia,Technology,1199.976,,
"29 August, 2016",United States,Philadelphia,Pennsylvania_Philadelphia,Office Supplies,,14.07,
"22 June, 2017",United States,Philadelphia,Pennsylvania_Philadelphia,Office Supplies,,,50.415
"01 August, 2016",United States,Philadelphia,Pennsylvania_Philadelphia,Furniture,19.312,,
"04 September, 2017",United States,Philadelphia,Pennsylvania_Philadelphia,Technology,19.04,,
"29 September, 2014",United States,Philadelphia,Pennsylvania_Philadelphia,Office Supplies,,1882.224,
"11 September, 2016",United States,Philadelphia,Pennsylvania_Philadelphia,Office Supplies,,8.448,
"12 June, 2015",United States,Philadelphia,Pennsylvania_Philadelphia,Office Supplies,20.736,,
"25 April, 2016",United States,Philadelphia,Pennsylvania_Philadelphia,Office Supplies,25.62,,
"12 June, 2015",United States,Philadelphia,Pennsylvania_Philadelphia,Furniture,43.296,,
"15 September, 2015",United States,Philadelphia,Pennsylvania_Philadelphia,Office Supplies,,150.76,
"14 July, 2014",United States,Philadelphia,Pennsylvania_Philadelphia,Furniture,31.984,,
"14 November, 2015",United States,Philadelphia,Pennsylvania_Philadelphia,Technology,,,47.984
"02 November, 2017",United States,Philadelphia,Pennsylvania_Philadelphia,Office Supplies,,28.992,
"11 March, 2016",United States,Philadelphia,Pennsylvania_Philadelphia,Furniture,,,30.336
"01 March, 2015",United States,Philadelphia,Pennsylvania_Philadelphia,Office Supplies,3.552,,
"21 May, 2015",United States,Philadelphia,Pennsylvania_Philadelphia,Office Supplies,,24.588,
"09 December, 2014",United States,Philadelphia,Pennsylvania_Philadelphia,Office Supplies,30.672,,
"14 June, 2016",United States,Philadelphia,Pennsylvania_Philadelphia,Furniture,,337.176,
"09 September, 2017",United States,Philadelphia,Pennsylvania_Philadelphia,Furniture,,158.396,
"29 September, 2016",United States,Philadelphia,Pennsylvania_Philadelphia,Office Supplies,,15.936,
"09 October, 2016",United States,Philadelphia,Pennsylvania_Philadelphia,Office Supplies,,19.136,
"01 December, 2017",United States,Philadelphia,Pennsylvania_Philadelphia,Technology,,,62.958
"15 December, 2014",United States,Philadelphia,Pennsylvania_Philadelphia,Furniture,,445.802,
"26 May, 2016",United States,Philadelphia,Pennsylvania_Philadelphia,Office Supplies,,36.352,
"25 July, 2017",United States,Philadelphia,Pennsylvania_Philadelphia,Furniture,158.684,,
"22 August, 2017",United States,Philadelphia,Pennsylvania_Philadelphia,Furniture,,,314.532
"09 November, 2015",United States,Philadelphia,Pennsylvania_Philadelphia,Office Supplies,11.352,,
"10 December, 2017",United States,Philadelphia,Pennsylvania_Philadelphia,Technology,14.2,,
"04 October, 2015",United States,Philadelphia,Pennsylvania_Philadelphia,Office Supplies,,,20.736
"13 April, 2014",United States,Philadelphia,Pennsylvania_Philadelphia,Technology,,71.928,
"25 July, 2017",United States,Philadelphia,Pennsylvania_Philadelphia,Office Supplies,321.712,,
"09 September, 2014",United States,Philadelphia,Pennsylvania_Philadelphia,Office Supplies,15.552,,
"18 November, 2014",United States,Philadelphia,Pennsylvania_Philadelphia,Office Supplies,129.733,,
"21 November, 2017",United States,Philadelphia,Pennsylvania_Philadelphia,Office Supplies,47.744,,
"03 September, 2016",United States,Philadelphia,Pennsylvania_Philadelphia,Office Supplies,,,1141.47
"04 December, 2017",United States,Philadelphia,Pennsylvania_Philadelphia,Technology,,255.968,
"05 July, 2015",United States,Philadelphia,Pennsylvania_Philadelphia,Office Supplies,38.976,,
"28 June, 2014",United States,Philadelphia,Pennsylvania_Philadelphia,Furniture,1228.465,,
"01 November, 2015",United States,Philadelphia,Pennsylvania_Philadelphia,Technology,,,35.36
"19 September, 2017",United States,Philadelphia,Pennsylvania_Philadelphia,Office Supplies,,,4.842
"26 September, 2015",United States,Philadelphia,Pennsylvania_Philadelphia,Office Supplies,121.104,,
"16 July, 2016",United States,Philadelphia,Pennsylvania_Philadelphia,Technology,638.358,,
"03 September, 2015",United States,Philadelphia,Pennsylvania_Philadelphia,Office Supplies,755.096,,
"07 October, 2014",United States,Philadelphia,Pennsylvania_Philadelphia,Furniture,,,129.92
"16 September, 2017",United States,Philadelphia,Pennsylvania_Philadelphia,Furniture,22.512,,
"13 April, 2014",United States,Philadelphia,Pennsylvania_Philadelphia,Office Supplies,,558.818,
"10 February, 2015",United States,Philadelphia,Pennsylvania_Philadelphia,Office Supplies,,77.24,
"25 April, 2016",United States,Philadelphia,Pennsylvania_Philadelphia,Technology,82.8,,
"31 October, 2016",United States,Philadelphia,Pennsylvania_Philadelphia,Furniture,492.835,,
"26 December, 2014",United States,Philadelphia,Pennsylvania_Philadelphia,Office Supplies,361.608,8.016,
"06 October, 2014",United States,Philadelphia,Pennsylvania_Philadelphia,Office Supplies,83.92,,
"26 November, 2016",United States,Philadelphia,Pennsylvania_Philadelphia,Technology,494.982,,
"09 September, 2014",United States,Philadelphia,Pennsylvania_Philadelphia,Furniture,17.472,,
"05 December, 2015",United States,Philadelphia,Pennsylvania_Philadelphia,Technology,47.984,,
"17 November, 2014",United States,Philadelphia,Pennsylvania_Philadelphia,Furniture,657.93,,
"01 November, 2015",United States,Philadelphia,Pennsylvania_Philadelphia,Office Supplies,,,3.168
"08 December, 2017",United States,Philadelphia,Pennsylvania_Philadelphia,Furniture,215.544,,
"07 November, 2017",United States,Philadelphia,Pennsylvania_Philadelphia,Furniture,350.352,,
"24 February, 2017",United States,Philadelphia,Pennsylvania_Philadelphia,Office Supplies,4.956,123.92,
"26 September, 2014",United States,Philadelphia,Pennsylvania_Philadelphia,Office Supplies,,191.298,
"19 November, 2014",United States,Philadelphia,Pennsylvania_Philadelphia,Office Supplies,,,5.88
"27 August, 2017",United States,Philadelphia,Pennsylvania_Philadelphia,Office Supplies,,12.672,
"06 April, 2014",United States,Philadelphia,Pennsylvania_Philadelphia,Office Supplies,,,10.304
"19 January, 2017",United States,Philadelphia,Pennsylvania_Philadelphia,Furniture,919.239,,
"07 September, 2015",United States,Philadelphia,Pennsylvania_Philadelphia,Technology,,791.964,
"05 November, 2014",United States,Philadelphia,Pennsylvania_Philadelphia,Technology,109.976,,
"16 August, 2015",United States,Philadelphia,Pennsylvania_Philadelphia,Technology,,550.968,
"02 November, 2017",United States,Philadelphia,Pennsylvania_Philadelphia,Technology,,859.2,
"21 June, 2014",United States,Philadelphia,Pennsylvania_Philadelphia,Office Supplies,78.318,,
"26 September, 2015",United States,Philadelphia,Pennsylvania_Philadelphia,Technology,45.894,,
"03 July, 2015",United States,Philadelphia,Pennsylvania_Philadelphia,Office Supplies,,6.72,
"07 July, 2017",United States,Philadelphia,Pennsylvania_Philadelphia,Technology,1228.684,,
"19 January, 2017",United States,Philadelphia,Pennsylvania_Philadelphia,Office Supplies,21.696,,
"30 December, 2016",United States,Philadelphia,Pennsylvania_Philadelphia,Office Supplies,,16.52,
"07 October, 2016",United States,Philadelphia,Pennsylvania_Philadelphia,Office Supplies,,,4.928
"05 April, 2016",United States,Philadelphia,Pennsylvania_Philadelphia,Technology,118.782,,
"15 September, 2014",United States,Philadelphia,Pennsylvania_Philadelphia,Furniture,,103.936,
"17 March, 2014",United States,Philadelphia,Pennsylvania_Philadelphia,Office Supplies,,126.624,
"07 July, 2016",United States,Philadelphia,Pennsylvania_Philadelphia,Technology,,,59.994
"13 October, 2017",United States,Philadelphia,Pennsylvania_Philadelphia,Office Supplies,,114.376,
"07 November, 2017",United States,Philadelphia,Pennsylvania_Philadelphia,Technology,359.97,,
"08 September, 2017",United States,Philadelphia,Pennsylvania_Philadelphia,Technology,258.528,,
"31 March, 2014",United States,Philadelphia,Pennsylvania_Philadelphia,Office Supplies,0.852,,
"24 September, 2015",United States,Philadelphia,Pennsylvania_Philadelphia,Office Supplies,,6.848,
"10 May, 2014",United States,Philadelphia,Pennsylvania_Philadelphia,Furniture,349.965,,
"06 March, 2016",United States,Philadelphia,Pennsylvania_Philadelphia,Technology,,,500.178
"28 April, 2017",United States,Philadelphia,Pennsylvania_Philadelphia,Office Supplies,,15.232,
"28 March, 2015",United States,Philadelphia,Pennsylvania_Philadelphia,Office Supplies,20.784,,
"16 August, 2015",United States,Philadelphia,Pennsylvania_Philadelphia,Office Supplies,44.688,27.126,
"24 November, 2016",United States,Philadelphia,Pennsylvania_Philadelphia,Office Supplies,,,4.416
"17 September, 2015",United States,Philadelphia,Pennsylvania_Philadelphia,Office Supplies,121.804,,
"09 October, 2016",United States,Philadelphia,Pennsylvania_Philadelphia,Furniture,,332.832,
"05 November, 2014",United States,Philadelphia,Pennsylvania_Philadelphia,Office Supplies,1093.29,,
"08 December, 2017",United States,Philadelphia,Pennsylvania_Philadelphia,Office Supplies,13.248,,
"02 September, 2017",United States,Philadelphia,Pennsylvania_Philadelphia,Office Supplies,12.192,,
"14 September, 2017",United States,Philadelphia,Pennsylvania_Philadelphia,Technology,253.755,,
"21 October, 2017",United States,Philadelphia,Pennsylvania_Philadelphia,Office Supplies,71.376,,
"28 November, 2016",United States,Philadelphia,Pennsylvania_Philadelphia,Office Supplies,,52.104,
"13 July, 2017",United States,Philadelphia,Pennsylvania_Philadelphia,Technology,39.594,,
"22 September, 2017",United States,Philadelphia,Pennsylvania_Philadelphia,Technology,79.984,,
"07 September, 2014",United States,Philadelphia,Pennsylvania_Philadelphia,Technology,,431.922,
"23 May, 2014",United States,Philadelphia,Pennsylvania_Philadelphia,Office Supplies,24.45,,
"16 July, 2016",United States,Philadelphia,Pennsylvania_Philadelphia,Office Supplies,5.84,,
"09 September, 2014",United States,Philadelphia,Pennsylvania_Philadelphia,Technology,200.22,,
"04 September, 2015",United States,Philadelphia,Pennsylvania_Philadelphia,Office Supplies,,7.656,
"22 December, 2015",United States,Philadelphia,Pennsylvania_Philadelphia,Office Supplies,,33.568,
"30 October, 2017",United States,Philadelphia,Pennsylvania_Philadelphia,Furniture,7.168,,
"05 September, 2016",United States,Philadelphia,Pennsylvania_Philadelphia,Furniture,1016.765,82.8,
"07 September, 2014",United States,Philadelphia,Pennsylvania_Philadelphia,Furniture,,42.368,
"16 June, 2015",United States,Philadelphia,Pennsylvania_Philadelphia,Office Supplies,6.208,,
"03 July, 2015",United States,Philadelphia,Pennsylvania_Philadelphia,Furniture,,451.352,
"23 December, 2016",United States,Philadelphia,Pennsylvania_Philadelphia,Office Supplies,,,7.968
"28 November, 2016",United States,Philadelphia,Pennsylvania_Philadelphia,Furniture,,347.802,
"22 September, 2017",United States,Philadelphia,Pennsylvania_Philadelphia,Office Supplies,4669.343,,
"23 November, 2016",United States,Philadelphia,Pennsylvania_Philadelphia,Furniture,,84.816,
"15 August, 2017",United States,Philadelphia,Pennsylvania_Philadelphia,Office Supplies,,1801.632,
"07 July, 2014",United States,Philadelphia,Pennsylvania_Philadelphia,Furniture,241.194,,
"05 June, 2016",United States,Philadelphia,Pennsylvania_Philadelphia,Office Supplies,,,132.168
"18 July, 2017",United States,Philadelphia,Pennsylvania_Philadelphia,Technology,599.97,,
"26 August, 2016",United States,Philadelphia,Pennsylvania_Philadelphia,Technology,,47.984,
"08 May, 2017",United States,Philadelphia,Pennsylvania_Philadelphia,Furniture,,128.058,
"16 August, 2015",United States,Philadelphia,Pennsylvania_Philadelphia,Furniture,301.47,254.352,
"18 October, 2014",United States,Philadelphia,Pennsylvania_Philadelphia,Office Supplies,,249.472,
"20 November, 2015",United States,Philadelphia,Pennsylvania_Philadelphia,Furniture,,,344.372
"09 December, 2014",United States,Philadelphia,Pennsylvania_Philadelphia,Technology,1079.976,,
"26 November, 2016",United States,Philadelphia,Pennsylvania_Philadelphia,Office Supplies,78.759,,
"19 December, 2015",United States,Philadelphia,Pennsylvania_Philadelphia,Office Supplies,533.648,,
"10 November, 2015",United States,Philadelphia,Pennsylvania_Philadelphia,Office Supplies,577.584,,
"02 December, 2017",United States,Philadelphia,Pennsylvania_Philadelphia,Office Supplies,631.176,,
"08 March, 2016",United States,Philadelphia,Pennsylvania_Philadelphia,Office Supplies,5.984,,
"10 December, 2017",United States,Philadelphia,Pennsylvania_Philadelphia,Furniture,398.8,,
"24 April, 2017",United States,Philadelphia,Pennsylvania_Philadelphia,Office Supplies,,107.986,
"08 May, 2014",United States,Philadelphia,Pennsylvania_Philadelphia,Technology,1799.97,,
"13 September, 2015",United States,Philadelphia,Pennsylvania_Philadelphia,Office Supplies,2.412,,
"16 January, 2014",United States,Philadelphia,Pennsylvania_Philadelphia,Office Supplies,48.66,,
"03 December, 2015",United States,Philadelphia,Pennsylvania_Philadelphia,Technology,,482.34,36.784
"23 April, 2014",United States,Philadelphia,Pennsylvania_Philadelphia,Office Supplies,,2.502,
"03 November, 2016",United States,Philadelphia,Pennsylvania_Philadelphia,Furniture,,,470.155
"30 December, 2014",United States,Philadelphia,Pennsylvania_Philadelphia,Furniture,,523.764,
"21 June, 2014",United States,Philadelphia,Pennsylvania_Philadelphia,Furniture,3.984,,
"23 November, 2014",United States,Philadelphia,Pennsylvania_Philadelphia,Office Supplies,,62.808,
"02 March, 2014",United States,Philadelphia,Pennsylvania_Philadelphia,Office Supplies,,3.424,
"10 June, 2016",United States,Philadelphia,Pennsylvania_Philadelphia,Office Supplies,23.616,,
"25 July, 2015",United States,Philadelphia,Pennsylvania_Philadelphia,Office Supplies,,,25.176
"05 November, 2014",United States,Philadelphia,Pennsylvania_Philadelphia,Furniture,273.568,,
"07 September, 2015",United States,Philadelphia,Pennsylvania_Philadelphia,Office Supplies,,14.445,
"10 March, 2017",United States,Philadelphia,Pennsylvania_Philadelphia,Technology,53.982,,
"23 May, 2016",United States,Philadelphia,Pennsylvania_Philadelphia,Office Supplies,16.662,,
"03 May, 2015",United States,Philadelphia,Pennsylvania_Philadelphia,Furniture,844.116,,
"13 July, 2017",United States,Philadelphia,Pennsylvania_Philadelphia,Furniture,91.008,,
"10 July, 2016",United States,Philadelphia,Pennsylvania_Philadelphia,Technology,,341.991,
"30 October, 2017",United States,Philadelphia,Pennsylvania_Philadelphia,Technology,442.4,,
"09 July, 2015",United States,Philadelphia,Pennsylvania_Philadelphia,Technology,269.982,,
"10 December, 2017",United States,Philadelphia,Pennsylvania_Philadelphia,Office Supplies,13.641,,
"30 November, 2017",United States,Philadelphia,Pennsylvania_Philadelphia,Furniture,1079.316,,
"10 April, 2017",United States,Philadelphia,Pennsylvania_Philadelphia,Furniture,36.672,,
"22 November, 2015",United States,Philadelphia,Pennsylvania_Philadelphia,Office Supplies,11.61,,
"01 June, 2017",United States,Philadelphia,Pennsylvania_Philadelphia,Office Supplies,324.744,,
"05 December, 2014",United States,Philadelphia,Pennsylvania_Philadelphia,Office Supplies,,521.224,
"13 March, 2016",United States,Philadelphia,Pennsylvania_Philadelphia,Office Supplies,,794.937,
"03 April, 2016",United States,Philadelphia,Pennsylvania_Philadelphia,Office Supplies,99.846,,
"19 September, 2016",United States,Philadelphia,Pennsylvania_Philadelphia,Furniture,,,25.632
"10 April, 2017",United States,Philadelphia,Pennsylvania_Philadelphia,Office Supplies,195.104,,
"26 September, 2014",United States,Philadelphia,Pennsylvania_Philadelphia,Furniture,,21.184,
"14 September, 2017",United States,Philadelphia,Pennsylvania_Philadelphia,Furniture,241.308,,
"13 March, 2016",United States,Philadelphia,Pennsylvania_Philadelphia,Furniture,,386.68,
"16 July, 2017",United States,Philadelphia,Pennsylvania_Philadelphia,Furniture,71.372,,
"01 September, 2016",United States,Philadelphia,Pennsylvania_Philadelphia,Office Supplies,,47.168,
"25 October, 2014",United States,Philadelphia,Pennsylvania_Philadelphia,Technology,40.776,,
"04 October, 2015",United States,Philadelphia,Pennsylvania_Philadelphia,Furniture,,,64.944
"06 April, 2014",United States,Philadelphia,Pennsylvania_Philadelphia,Furniture,,,154.764
"07 August, 2015",United States,Philadelphia,Pennsylvania_Philadelphia,Office Supplies,106.8,,
"07 July, 2016",United States,Philadelphia,Pennsylvania_Philadelphia,Office Supplies,,,25.215
"30 April, 2017",United States,Philadelphia,Pennsylvania_Philadelphia,Office Supplies,,13.896,
"21 September, 2014",United States,Philadelphia,Pennsylvania_Philadelphia,Office Supplies,6.57,,32.16
"07 April, 2016",United States,Philadelphia,Pennsylvania_Philadelphia,Office Supplies,70.272,,
"01 December, 2017",United States,Philadelphia,Pennsylvania_Philadelphia,Furniture,478.092,,
"11 October, 2014",United States,Philadelphia,Pennsylvania_Philadelphia,Office Supplies,483.336,,
"11 July, 2015",United States,Philadelphia,Pennsylvania_Philadelphia,Furniture,656.632,,
"16 January, 2014",United States,Philadelphia,Pennsylvania_Philadelphia,Technology,124.2,,
"15 May, 2015",United States,Philadelphia,Pennsylvania_Philadelphia,Office Supplies,,51.968,
"19 October, 2017",United States,Philadelphia,Pennsylvania_Philadelphia,Technology,,309.576,
"23 December, 2016",United States,Philadelphia,Pennsylvania_Philadelphia,Technology,,,1499.97
"30 November, 2015",United States,Philadelphia,Pennsylvania_Philadelphia,Technology,94.92,,
"30 April, 2017",United States,Philadelphia,Pennsylvania_Philadelphia,Technology,,677.58,
"25 June, 2015",United States,Philadelphia,Pennsylvania_Philadelphia,Office Supplies,,,109.36
"30 August, 2016",United States,Philadelphia,Pennsylvania_Philadelphia,Furniture,786.744,,
"16 August, 2014",United States,Philadelphia,Pennsylvania_Philadelphia,Furniture,853.092,,
"07 June, 2016",United States,Philadelphia,Pennsylvania_Philadelphia,Office Supplies,,,9.648
"12 August, 2016",United States,Philadelphia,Pennsylvania_Philadelphia,Office Supplies,,,37.312
"28 November, 2016",United States,Philadelphia,Pennsylvania_Philadelphia,Technology,,340.182,
"03 May, 2017",United States,Philadelphia,Pennsylvania_Philadelphia,Furniture,,405.918,
"31 July, 2017",United States,Philadelphia,Pennsylvania_Philadelphia,Technology,285.576,,
"05 March, 2015",United States,Philadelphia,Pennsylvania_Philadelphia,Office Supplies,,2.556,
"03 November, 2017",United States,Philadelphia,Pennsylvania_Philadelphia,Office Supplies,11.673,,
"15 September, 2016",United States,Philadelphia,Pennsylvania_Philadelphia,Office Supplies,5.344,,
"04 December, 2017",United States,Philadelphia,Pennsylvania_Philadelphia,Office Supplies,5.346,37.312,
"16 April, 2015",United States,Philadelphia,Pennsylvania_Philadelphia,Office Supplies,,12.576,
"03 April, 2017",United States,Philadelphia,Pennsylvania_Philadelphia,Furniture,25.472,,
"22 October, 2017",United States,Philadelphia,Pennsylvania_Philadelphia,Technology,,32.7,
"06 November, 2017",United States,Philadelphia,Pennsylvania_Philadelphia,Furniture,127.372,,
"26 March, 2015",United States,Philadelphia,Pennsylvania_Philadelphia,Office Supplies,40.032,,
"05 April, 2015",United States,Philadelphia,Pennsylvania_Philadelphia,Technology,,,56.838
"06 November, 2017",United States,Philadelphia,Pennsylvania_Philadelphia,Office Supplies,47.952,,
"31 July, 2017",United States,Philadelphia,Pennsylvania_Philadelphia,Office Supplies,,54.816,
"20 June, 2016",United States,Philadelphia,Pennsylvania_Philadelphia,Office Supplies,,,538.022
"26 October, 2017",United States,Philadelphia,Pennsylvania_Philadelphia,Office Supplies,48.042,,
"22 December, 2015",United States,Philadelphia,Pennsylvania_Philadelphia,Furniture,,422.625,
"31 March, 2016",United States,Philadelphia,Pennsylvania_Philadelphia,Technology,312.766,,
"03 December, 2016",United States,Philadelphia,Pennsylvania_Philadelphia,Office Supplies,413.008,,
"15 March, 2016",United States,Philadelphia,Pennsylvania_Philadelphia,Technology,,,83.976
"11 July, 2015",United States,Philadelphia,Pennsylvania_Philadelphia,Office Supplies,20.102,,
"23 February, 2016",United States,Philadelphia,Pennsylvania_Philadelphia,Office Supplies,,57.576,
"10 June, 2017",United States,Philadelphia,Pennsylvania_Philadelphia,Office Supplies,40.032,,
"21 July, 2016",United States,Philadelphia,Pennsylvania_Philadelphia,Office Supplies,,1.941,
"07 September, 2014",United States,Philadelphia,Pennsylvania_Philadelphia,Office Supplies,,64.784,
"05 January, 2014",United States,Philadelphia,Pennsylvania_Philadelphia,Office Supplies,19.536,,
