Date,Country,City,State_City,Category,Consumer,Corporate,Home_Office
"26 July, 2014",United States,North Las Vegas,Nevada_North Las Vegas,Furniture,808.362,,
"21 October, 2016",United States,North Las Vegas,Nevada_North Las Vegas,Office Supplies,,,4685.076
"09 June, 2014",United States,North Las Vegas,Nevada_North Las Vegas,Office Supplies,,97.2,
"22 March, 2016",United States,North Las Vegas,Nevada_North Las Vegas,Technology,,58.58,
"09 June, 2014",United States,North Las Vegas,Nevada_North Las Vegas,Furniture,,37.4,
"10 December, 2017",United States,North Las Vegas,Nevada_North Las Vegas,Furniture,1669.6,,
"06 December, 2015",United States,North Las Vegas,Nevada_North Las Vegas,Office Supplies,1347.27,,
"08 February, 2014",United States,North Las Vegas,Nevada_North Las Vegas,Furniture,,,14.56
"26 July, 2014",United States,North Las Vegas,Nevada_North Las Vegas,Technology,1082.954,,
