Date,Country,City,State_City,Category,Consumer,Corporate,Home_Office
"02 November, 2017",United States,Salt Lake City,Utah_Salt Lake City,Office Supplies,19.44,,
"19 August, 2017",United States,Salt Lake City,Utah_Salt Lake City,Office Supplies,102.72,,
"15 September, 2017",United States,Salt Lake City,Utah_Salt Lake City,Office Supplies,295.056,,
"15 October, 2016",United States,Salt Lake City,Utah_Salt Lake City,Office Supplies,,,219.12
"19 November, 2014",United States,Salt Lake City,Utah_Salt Lake City,Office Supplies,,,166.44
