Date,Country,City,State_City,Category,Consumer,Corporate,Home_Office
"03 September, 2016",United States,Monroe,Louisiana_Monroe,Office Supplies,,87.28,
"11 June, 2015",United States,Monroe,Louisiana_Monroe,Furniture,29.16,,
"05 November, 2015",United States,Monroe,North Carolina_Monroe,Furniture,,207,
"04 June, 2017",United States,Monroe,North Carolina_Monroe,Furniture,,31.984,
"19 November, 2014",United States,Monroe,Louisiana_Monroe,Technology,,,682.91
"18 April, 2015",United States,Monroe,Louisiana_Monroe,Technology,106.5,,
"21 November, 2015",United States,Monroe,North Carolina_Monroe,Furniture,18.176,,
"12 March, 2016",United States,Monroe,Louisiana_Monroe,Office Supplies,,12.96,
"15 June, 2017",United States,Monroe,North Carolina_Monroe,Furniture,776.08,,
"04 June, 2017",United States,Monroe,North Carolina_Monroe,Technology,,71.984,
"11 June, 2015",United States,Monroe,Louisiana_Monroe,Technology,53.7,,
"12 October, 2017",United States,Monroe,North Carolina_Monroe,Office Supplies,,,7.968
"11 June, 2015",United States,Monroe,Louisiana_Monroe,Office Supplies,124.96,,
"08 September, 2016",United States,Monroe,North Carolina_Monroe,Office Supplies,64.704,,
"31 August, 2017",United States,Monroe,Louisiana_Monroe,Technology,659.9,,
"08 September, 2016",United States,Monroe,North Carolina_Monroe,Technology,35.168,,
