Date,Country,City,State_City,Category,Consumer,Corporate,Home_Office
"19 March, 2017",United States,Fresno,California_Fresno,Furniture,728.09,,
"26 November, 2014",United States,Fresno,California_Fresno,Office Supplies,,67.112,
"19 March, 2017",United States,Fresno,California_Fresno,Office Supplies,42.12,,
"27 March, 2017",United States,Fresno,California_Fresno,Office Supplies,,,168.58
"09 January, 2016",United States,Fresno,California_Fresno,Technology,,727.878,
"25 March, 2017",United States,Fresno,California_Fresno,Technology,691.152,,
"12 December, 2014",United States,Fresno,California_Fresno,Furniture,4630.5105,,
"25 March, 2017",United States,Fresno,California_Fresno,Office Supplies,377.98,,
"09 August, 2014",United States,Fresno,California_Fresno,Office Supplies,5.98,,
"24 March, 2014",United States,Fresno,California_Fresno,Furniture,40.48,,
"17 October, 2016",United States,Fresno,California_Fresno,Furniture,,,120.666
"20 August, 2017",United States,Fresno,California_Fresno,Office Supplies,239.12,,
"16 November, 2017",United States,Fresno,California_Fresno,Office Supplies,48.86,,
