Date,Country,City,State_City,Category,Consumer,Corporate,Home_Office
"07 September, 2017",United States,Edmonds,Washington_Edmonds,Technology,455.712,,
"13 October, 2014",United States,Edmonds,Washington_Edmonds,Technology,25.78,,
"10 September, 2016",United States,Edmonds,Washington_Edmonds,Office Supplies,143.24,,
"07 August, 2016",United States,Edmonds,Washington_Edmonds,Technology,,179.97,
"13 October, 2014",United States,Edmonds,Washington_Edmonds,Office Supplies,225.44,,
"29 December, 2017",United States,Edmonds,Washington_Edmonds,Office Supplies,19.6,,
"13 October, 2014",United States,Edmonds,Washington_Edmonds,Furniture,1298.55,,
"07 September, 2017",United States,Edmonds,Washington_Edmonds,Furniture,80.96,,
"07 September, 2017",United States,Edmonds,Washington_Edmonds,Office Supplies,25.98,,
"29 December, 2017",United States,Edmonds,Washington_Edmonds,Furniture,68.46,,
