Date,Country,City,State_City,Category,Consumer,Corporate,Home_Office
"12 May, 2017",United States,Everett,Massachusetts_Everett,Office Supplies,87.6,,
"27 November, 2015",United States,Everett,Massachusetts_Everett,Office Supplies,,,254.92
"28 October, 2017",United States,Everett,Massachusetts_Everett,Office Supplies,21.93,,
"14 October, 2014",United States,Everett,Massachusetts_Everett,Furniture,1628.82,,
"27 November, 2015",United States,Everett,Massachusetts_Everett,Technology,,,259.98
"25 December, 2017",United States,Everett,Washington_Everett,Office Supplies,,3.856,
"15 September, 2017",United States,Everett,Massachusetts_Everett,Office Supplies,258.76,,
"27 November, 2015",United States,Everett,Massachusetts_Everett,Furniture,,,656.018
"01 November, 2017",United States,Everett,Massachusetts_Everett,Office Supplies,230.69,,
"14 October, 2014",United States,Everett,Massachusetts_Everett,Office Supplies,79.45,,
"21 September, 2015",United States,Everett,Massachusetts_Everett,Furniture,,,542.94
"21 September, 2015",United States,Everett,Massachusetts_Everett,Technology,,,589.9
"14 October, 2014",United States,Everett,Massachusetts_Everett,Technology,177,,
"17 November, 2017",United States,Everett,Massachusetts_Everett,Office Supplies,50.94,,
"15 September, 2017",United States,Everett,Massachusetts_Everett,Technology,39.99,,
"15 September, 2017",United States,Everett,Massachusetts_Everett,Furniture,782.94,,
