Date,Country,City,State_City,Category,Consumer,Corporate,Home_Office
"01 December, 2016",United States,Raleigh,North Carolina_Raleigh,Technology,863.928,,
"30 November, 2015",United States,Raleigh,North Carolina_Raleigh,Technology,177.48,,
"14 September, 2017",United States,Raleigh,North Carolina_Raleigh,Office Supplies,,1017.136,
"27 July, 2017",United States,Raleigh,North Carolina_Raleigh,Furniture,194.848,,
"08 January, 2016",United States,Raleigh,North Carolina_Raleigh,Office Supplies,78.444,,
"17 April, 2016",United States,Raleigh,North Carolina_Raleigh,Furniture,,,18.624
"08 February, 2016",United States,Raleigh,North Carolina_Raleigh,Technology,,,1127.976
"02 July, 2015",United States,Raleigh,North Carolina_Raleigh,Technology,,74.24,
"09 March, 2015",United States,Raleigh,North Carolina_Raleigh,Office Supplies,4.608,,
"17 April, 2016",United States,Raleigh,North Carolina_Raleigh,Technology,,,36.792
"10 March, 2017",United States,Raleigh,North Carolina_Raleigh,Office Supplies,,61.876,
"17 September, 2014",United States,Raleigh,North Carolina_Raleigh,Office Supplies,4.624,,
"11 August, 2015",United States,Raleigh,North Carolina_Raleigh,Furniture,46.152,,
"02 July, 2015",United States,Raleigh,North Carolina_Raleigh,Furniture,,159.84,
"02 July, 2015",United States,Raleigh,North Carolina_Raleigh,Office Supplies,,12.284,
"08 January, 2016",United States,Raleigh,North Carolina_Raleigh,Technology,108.784,,
"17 September, 2014",United States,Raleigh,North Carolina_Raleigh,Technology,47.984,,
"16 March, 2014",United States,Raleigh,North Carolina_Raleigh,Technology,,,471.92
