Date,Country,City,State_City,Category,Consumer,Corporate,Home_Office
"15 December, 2015",United States,Seattle,Washington_Seattle,Technology,899.91,,
"10 June, 2017",United States,Seattle,Washington_Seattle,Office Supplies,27.14,,
"17 July, 2016",United States,Seattle,Washington_Seattle,Technology,449.184,,
"05 November, 2016",United States,Seattle,Washington_Seattle,Technology,479.72,,
"17 December, 2016",United States,Seattle,Washington_Seattle,Office Supplies,,,46.53
"11 June, 2016",United States,Seattle,Washington_Seattle,Technology,389.97,,
"09 April, 2016",United States,Seattle,Washington_Seattle,Office Supplies,,35.352,
"07 March, 2014",United States,Seattle,Washington_Seattle,Furniture,48.712,918.272,
"10 December, 2017",United States,Seattle,Washington_Seattle,Technology,,49.08,
"05 November, 2015",United States,Seattle,Washington_Seattle,Office Supplies,98.352,,
"30 September, 2014",United States,Seattle,Washington_Seattle,Office Supplies,43.176,,
"02 March, 2015",United States,Seattle,Washington_Seattle,Furniture,787.53,,
"02 August, 2015",United States,Seattle,Washington_Seattle,Office Supplies,6.368,,
"09 May, 2017",United States,Seattle,Washington_Seattle,Office Supplies,,,319.16
"11 September, 2017",United States,Seattle,Washington_Seattle,Technology,79.96,,
"21 January, 2017",United States,Seattle,Washington_Seattle,Office Supplies,,,389.292
"30 October, 2017",United States,Seattle,Washington_Seattle,Furniture,911.82,,
"28 August, 2017",United States,Seattle,Washington_Seattle,Furniture,,,1137.75
"12 September, 2016",United States,Seattle,Washington_Seattle,Office Supplies,42.244,,
"11 June, 2016",United States,Seattle,Washington_Seattle,Office Supplies,68.604,,
"08 July, 2017",United States,Seattle,Washington_Seattle,Office Supplies,,,170.496
"02 June, 2016",United States,Seattle,Washington_Seattle,Office Supplies,,93.06,
"03 February, 2014",United States,Seattle,Washington_Seattle,Office Supplies,97.112,,
"17 July, 2016",United States,Seattle,Washington_Seattle,Furniture,37.17,,
"14 February, 2014",United States,Seattle,Washington_Seattle,Office Supplies,,320.58,
"25 July, 2015",United States,Seattle,Washington_Seattle,Office Supplies,22.38,,
"27 March, 2015",United States,Seattle,Washington_Seattle,Office Supplies,83.7,,
"27 June, 2017",United States,Seattle,Washington_Seattle,Office Supplies,,19.44,
"24 November, 2014",United States,Seattle,Washington_Seattle,Office Supplies,,721.476,
"23 February, 2017",United States,Seattle,Washington_Seattle,Technology,,71.96,
"25 March, 2017",United States,Seattle,Washington_Seattle,Office Supplies,,23.1,
"21 December, 2015",United States,Seattle,Washington_Seattle,Furniture,1618.37,,
"09 August, 2014",United States,Seattle,Washington_Seattle,Office Supplies,2060.744,,
"12 October, 2015",United States,Seattle,Washington_Seattle,Office Supplies,81.96,,
"13 September, 2014",United States,Seattle,Washington_Seattle,Technology,462.94,,
"22 January, 2016",United States,Seattle,Washington_Seattle,Office Supplies,12.96,,
"09 May, 2016",United States,Seattle,Washington_Seattle,Technology,93.98,,
"13 February, 2017",United States,Seattle,Washington_Seattle,Technology,799.96,,
"23 September, 2016",United States,Seattle,Washington_Seattle,Furniture,,184.752,
"27 July, 2017",United States,Seattle,Washington_Seattle,Technology,234.95,,
"17 September, 2014",United States,Seattle,Washington_Seattle,Office Supplies,225.45,,
"08 July, 2016",United States,Seattle,Washington_Seattle,Office Supplies,19.296,,
"12 November, 2017",United States,Seattle,Washington_Seattle,Office Supplies,47.1,,
"18 October, 2015",United States,Seattle,Washington_Seattle,Furniture,10.11,,
"01 December, 2017",United States,Seattle,Washington_Seattle,Furniture,141.96,70.68,
"11 August, 2014",United States,Seattle,Washington_Seattle,Office Supplies,63.93,,
"12 April, 2015",United States,Seattle,Washington_Seattle,Office Supplies,,,40.74
"10 September, 2015",United States,Seattle,Washington_Seattle,Office Supplies,353.88,,
"23 August, 2016",United States,Seattle,Washington_Seattle,Office Supplies,229.56,,
"13 December, 2017",United States,Seattle,Washington_Seattle,Office Supplies,31.44,,
"08 September, 2016",United States,Seattle,Washington_Seattle,Furniture,43.13,,
"15 February, 2014",United States,Seattle,Washington_Seattle,Office Supplies,,21.36,
"19 May, 2017",United States,Seattle,Washington_Seattle,Office Supplies,97.16,,
"20 December, 2014",United States,Seattle,Washington_Seattle,Office Supplies,31.05,,
"11 September, 2017",United States,Seattle,Washington_Seattle,Furniture,177.568,,
"12 September, 2015",United States,Seattle,Washington_Seattle,Technology,21.98,,
"03 November, 2017",United States,Seattle,Washington_Seattle,Furniture,,307.136,
"21 January, 2017",United States,Seattle,Washington_Seattle,Technology,,,179.97
"22 March, 2016",United States,Seattle,Washington_Seattle,Furniture,167.888,,
"02 October, 2017",United States,Seattle,Washington_Seattle,Technology,,,84.784
"06 December, 2016",United States,Seattle,Washington_Seattle,Office Supplies,580.686,,
"11 May, 2017",United States,Seattle,Washington_Seattle,Office Supplies,101.062,,
"04 May, 2014",United States,Seattle,Washington_Seattle,Furniture,,12.18,
"21 August, 2016",United States,Seattle,Washington_Seattle,Office Supplies,,33.44,
"06 April, 2014",United States,Seattle,Washington_Seattle,Furniture,,653.55,
"13 February, 2017",United States,Seattle,Washington_Seattle,Office Supplies,6.63,,
"17 August, 2016",United States,Seattle,Washington_Seattle,Office Supplies,15.712,,
"17 September, 2017",United States,Seattle,Washington_Seattle,Office Supplies,12.96,,
"02 November, 2017",United States,Seattle,Washington_Seattle,Office Supplies,,23.85,
"28 August, 2017",United States,Seattle,Washington_Seattle,Office Supplies,,,105.24
"23 December, 2016",United States,Seattle,Washington_Seattle,Office Supplies,,1506.02,
"20 March, 2017",United States,Seattle,Washington_Seattle,Technology,,265.93,
"25 July, 2015",United States,Seattle,Washington_Seattle,Furniture,1266.468,,
"08 July, 2017",United States,Seattle,Washington_Seattle,Furniture,,,15.84
"25 August, 2014",United States,Seattle,Washington_Seattle,Technology,1007.944,,
"14 May, 2017",United States,Seattle,Washington_Seattle,Office Supplies,,504.59,
"27 May, 2017",United States,Seattle,Washington_Seattle,Technology,,98.16,
"01 December, 2015",United States,Seattle,Washington_Seattle,Furniture,,,3917.32
"01 July, 2016",United States,Seattle,Washington_Seattle,Office Supplies,,,2.496
"25 December, 2016",United States,Seattle,Washington_Seattle,Furniture,2445.602,,
"22 December, 2016",United States,Seattle,Washington_Seattle,Office Supplies,,,55.36
"23 August, 2016",United States,Seattle,Washington_Seattle,Furniture,532.704,,
"15 December, 2015",United States,Seattle,Washington_Seattle,Office Supplies,155.232,,
"21 September, 2017",United States,Seattle,Washington_Seattle,Technology,151.96,,
"17 July, 2016",United States,Seattle,Washington_Seattle,Office Supplies,170.046,,
"23 August, 2016",United States,Seattle,Washington_Seattle,Technology,837.6,,
"16 November, 2017",United States,Seattle,Washington_Seattle,Furniture,139.92,,
"28 May, 2014",United States,Seattle,Washington_Seattle,Office Supplies,136.96,,
"23 March, 2017",United States,Seattle,Washington_Seattle,Technology,13999.96,,
"29 July, 2017",United States,Seattle,Washington_Seattle,Technology,90.57,,
"10 January, 2016",United States,Seattle,Washington_Seattle,Furniture,,79.92,
"21 May, 2015",United States,Seattle,Washington_Seattle,Office Supplies,,26.976,
"05 June, 2016",United States,Seattle,Washington_Seattle,Office Supplies,,61.38,
"05 December, 2017",United States,Seattle,Washington_Seattle,Furniture,,,199.9
"06 December, 2016",United States,Seattle,Washington_Seattle,Technology,588.768,,
"06 April, 2014",United States,Seattle,Washington_Seattle,Technology,,33.9,
"01 October, 2017",United States,Seattle,Washington_Seattle,Office Supplies,,192.368,
"01 September, 2017",United States,Seattle,Washington_Seattle,Office Supplies,,314.6,7.58
"04 July, 2016",United States,Seattle,Washington_Seattle,Technology,,,249.456
"25 September, 2015",United States,Seattle,Washington_Seattle,Office Supplies,,12.6,
"21 January, 2017",United States,Seattle,Washington_Seattle,Furniture,,,84.98
"30 September, 2017",United States,Seattle,Washington_Seattle,Office Supplies,,183.59,
"11 August, 2014",United States,Seattle,Washington_Seattle,Furniture,12.35,,
"12 August, 2017",United States,Seattle,Washington_Seattle,Technology,717.564,,
"25 September, 2015",United States,Seattle,Washington_Seattle,Technology,,159.98,
"11 November, 2014",United States,Seattle,Washington_Seattle,Technology,,102.13,
"16 March, 2017",United States,Seattle,Washington_Seattle,Technology,,,659.976
"16 March, 2017",United States,Seattle,Washington_Seattle,Office Supplies,,,52.99
"19 November, 2015",United States,Seattle,Washington_Seattle,Furniture,,,141.96
"05 January, 2015",United States,Seattle,Washington_Seattle,Furniture,,,61.584
"13 June, 2017",United States,Seattle,Washington_Seattle,Furniture,,,291.136
"30 October, 2017",United States,Seattle,Washington_Seattle,Office Supplies,102.656,,
"19 February, 2017",United States,Seattle,Washington_Seattle,Office Supplies,11.22,,
"01 March, 2014",United States,Seattle,Washington_Seattle,Furniture,457.568,,
"21 August, 2017",United States,Seattle,Washington_Seattle,Furniture,,388.704,
"08 July, 2016",United States,Seattle,Washington_Seattle,Technology,107.984,,
"23 January, 2017",United States,Seattle,Washington_Seattle,Technology,,86.352,
"18 August, 2017",United States,Seattle,Washington_Seattle,Office Supplies,,3793.548,323.1
"29 July, 2017",United States,Seattle,Washington_Seattle,Furniture,115.96,,
"04 June, 2015",United States,Seattle,Washington_Seattle,Office Supplies,16.64,,
"04 May, 2014",United States,Seattle,Washington_Seattle,Office Supplies,,57.68,
"26 March, 2015",United States,Seattle,Washington_Seattle,Furniture,,3393.68,
"30 March, 2014",United States,Seattle,Washington_Seattle,Office Supplies,,60.24,
"29 May, 2015",United States,Seattle,Washington_Seattle,Office Supplies,740.73,,
"03 December, 2017",United States,Seattle,Washington_Seattle,Furniture,,,521.96
"27 July, 2017",United States,Seattle,Washington_Seattle,Furniture,23.88,,
"03 August, 2017",United States,Seattle,Washington_Seattle,Office Supplies,,16.06,
"16 November, 2017",United States,Seattle,Washington_Seattle,Technology,107.88,,
"13 April, 2017",United States,Seattle,Washington_Seattle,Office Supplies,,901.2,
"11 October, 2014",United States,Seattle,Washington_Seattle,Technology,,,345
"17 September, 2015",United States,Seattle,Washington_Seattle,Office Supplies,,25.032,
"13 February, 2017",United States,Seattle,Washington_Seattle,Furniture,107.53,,
"06 November, 2017",United States,Seattle,Washington_Seattle,Furniture,,,2486.428
"18 November, 2014",United States,Seattle,Washington_Seattle,Furniture,,867.74,
"28 August, 2017",United States,Seattle,Washington_Seattle,Technology,,,35.168
"17 June, 2014",United States,Seattle,Washington_Seattle,Furniture,6.24,,
"03 November, 2017",United States,Seattle,Washington_Seattle,Office Supplies,,158.228,
"27 June, 2017",United States,Seattle,Washington_Seattle,Technology,,1287.45,
"16 November, 2017",United States,Seattle,Washington_Seattle,Office Supplies,106.97,,
"04 November, 2016",United States,Seattle,Washington_Seattle,Furniture,,209.88,
"10 January, 2016",United States,Seattle,Washington_Seattle,Technology,,69.98,
"22 October, 2016",United States,Seattle,Washington_Seattle,Furniture,101.94,,
"02 September, 2017",United States,Seattle,Washington_Seattle,Furniture,,,215.976
"22 October, 2016",United States,Seattle,Washington_Seattle,Office Supplies,15.02,,
"24 December, 2017",United States,Seattle,Washington_Seattle,Office Supplies,1003.62,,
"02 August, 2015",United States,Seattle,Washington_Seattle,Technology,558.4,,
"26 April, 2017",United States,Seattle,Washington_Seattle,Office Supplies,,,59.62
"18 October, 2015",United States,Seattle,Washington_Seattle,Office Supplies,17.94,,
"11 June, 2017",United States,Seattle,Washington_Seattle,Furniture,174.42,,
"01 October, 2017",United States,Seattle,Washington_Seattle,Furniture,,451.152,
"27 September, 2015",United States,Seattle,Washington_Seattle,Office Supplies,,99.2,
"04 October, 2014",United States,Seattle,Washington_Seattle,Office Supplies,29.24,,
"20 November, 2015",United States,Seattle,Washington_Seattle,Technology,,,13.98
"18 October, 2014",United States,Seattle,Washington_Seattle,Office Supplies,63.304,,
"09 May, 2017",United States,Seattle,Washington_Seattle,Furniture,,,286.85
"06 September, 2015",United States,Seattle,Washington_Seattle,Furniture,,,191.82
"13 November, 2016",United States,Seattle,Washington_Seattle,Furniture,,,19.54
"14 June, 2016",United States,Seattle,Washington_Seattle,Furniture,,1115.17,
"12 July, 2014",United States,Seattle,Washington_Seattle,Furniture,123.136,,
"26 December, 2016",United States,Seattle,Washington_Seattle,Office Supplies,33.9,,
"14 October, 2016",United States,Seattle,Washington_Seattle,Technology,,177,
"27 September, 2016",United States,Seattle,Washington_Seattle,Technology,1001.584,,
"22 December, 2016",United States,Seattle,Washington_Seattle,Technology,,,11.56
"20 September, 2016",United States,Seattle,Washington_Seattle,Furniture,,,163.88
"10 November, 2017",United States,Seattle,Washington_Seattle,Office Supplies,,26.352,
"26 October, 2014",United States,Seattle,Washington_Seattle,Technology,383.96,,
"01 December, 2017",United States,Seattle,Washington_Seattle,Office Supplies,41.86,557.16,
"07 November, 2016",United States,Seattle,Washington_Seattle,Office Supplies,27.68,,
"15 September, 2016",United States,Seattle,Washington_Seattle,Office Supplies,105.464,,
"18 November, 2017",United States,Seattle,Washington_Seattle,Technology,132.52,,
"18 August, 2017",United States,Seattle,Washington_Seattle,Technology,,2340.06,
"10 December, 2016",United States,Seattle,Washington_Seattle,Technology,44.75,,
"21 August, 2017",United States,Seattle,Washington_Seattle,Office Supplies,,572.58,
"03 June, 2014",United States,Seattle,Washington_Seattle,Furniture,515.88,,
"10 December, 2017",United States,Seattle,Washington_Seattle,Office Supplies,,343.14,
"17 November, 2017",United States,Seattle,Washington_Seattle,Office Supplies,,13.904,
"27 April, 2017",United States,Seattle,Washington_Seattle,Furniture,139.58,,
"30 January, 2016",United States,Seattle,Washington_Seattle,Furniture,483.748,,
"24 September, 2015",United States,Seattle,Washington_Seattle,Office Supplies,50.912,,
"05 December, 2017",United States,Seattle,Washington_Seattle,Office Supplies,,,265.968
"26 November, 2016",United States,Seattle,Washington_Seattle,Office Supplies,,7.312,
"11 October, 2014",United States,Seattle,Washington_Seattle,Furniture,,,63.47
"12 July, 2014",United States,Seattle,Washington_Seattle,Office Supplies,11.264,,
"15 May, 2017",United States,Seattle,Washington_Seattle,Furniture,303.544,,
"05 September, 2017",United States,Seattle,Washington_Seattle,Office Supplies,,,2.78
"17 September, 2014",United States,Seattle,Washington_Seattle,Furniture,35.34,,
"19 September, 2014",United States,Seattle,Washington_Seattle,Office Supplies,,92.52,
"24 September, 2017",United States,Seattle,Washington_Seattle,Furniture,199.8,,
"13 September, 2014",United States,Seattle,Washington_Seattle,Furniture,14.19,,
"12 May, 2016",United States,Seattle,Washington_Seattle,Office Supplies,54.9,,
"21 April, 2016",United States,Seattle,Washington_Seattle,Office Supplies,8.32,,
"23 March, 2017",United States,Seattle,Washington_Seattle,Office Supplies,52.52,,34.76
"14 February, 2014",United States,Seattle,Washington_Seattle,Technology,,239.97,
"19 November, 2016",United States,Seattle,Washington_Seattle,Furniture,,31.96,
"26 August, 2016",United States,Seattle,Washington_Seattle,Office Supplies,6.48,,
"22 August, 2016",United States,Seattle,Washington_Seattle,Office Supplies,,19.44,
"12 October, 2015",United States,Seattle,Washington_Seattle,Technology,17.9,,
"05 December, 2017",United States,Seattle,Washington_Seattle,Technology,,,31.176
"08 June, 2014",United States,Seattle,Washington_Seattle,Furniture,585.552,,
"02 October, 2017",United States,Seattle,Washington_Seattle,Office Supplies,,,8.94
"15 September, 2017",United States,Seattle,Washington_Seattle,Office Supplies,12.42,,
"07 March, 2014",United States,Seattle,Washington_Seattle,Office Supplies,260.88,225.55,
"19 March, 2015",United States,Seattle,Washington_Seattle,Technology,,3149.93,453.576
"21 December, 2015",United States,Seattle,Washington_Seattle,Technology,99.6,,
"12 August, 2017",United States,Seattle,Washington_Seattle,Office Supplies,339.604,,
"16 March, 2015",United States,Seattle,Washington_Seattle,Furniture,171.96,,
"26 October, 2014",United States,Seattle,Washington_Seattle,Furniture,63.92,,
"26 September, 2014",United States,Seattle,Washington_Seattle,Office Supplies,,,310.12
"27 July, 2017",United States,Seattle,Washington_Seattle,Office Supplies,39.16,,
"18 August, 2017",United States,Seattle,Washington_Seattle,Furniture,,65.94,
"13 November, 2017",United States,Seattle,Washington_Seattle,Office Supplies,916.574,,
"17 September, 2016",United States,Seattle,Washington_Seattle,Technology,,,105.584
"10 June, 2017",United States,Seattle,Washington_Seattle,Technology,88.776,,
"17 June, 2014",United States,Seattle,Washington_Seattle,Office Supplies,3284.276,,
"01 December, 2015",United States,Seattle,Washington_Seattle,Office Supplies,55.424,,307.23
"24 November, 2016",United States,Seattle,Washington_Seattle,Furniture,,,82.26
"26 March, 2017",United States,Seattle,Washington_Seattle,Office Supplies,,,19.83
"06 September, 2015",United States,Seattle,Washington_Seattle,Office Supplies,,,6.096
"21 August, 2017",United States,Seattle,Washington_Seattle,Technology,,33.18,
"28 December, 2017",United States,Seattle,Washington_Seattle,Furniture,,7.4,
"21 March, 2017",United States,Seattle,Washington_Seattle,Office Supplies,,,402.916
"10 December, 2016",United States,Seattle,Washington_Seattle,Office Supplies,377.912,,
"01 July, 2014",United States,Seattle,Washington_Seattle,Office Supplies,,19.92,
"02 November, 2014",United States,Seattle,Washington_Seattle,Technology,,94.732,
"04 July, 2016",United States,Seattle,Washington_Seattle,Furniture,,,25.4
"11 July, 2015",United States,Seattle,Washington_Seattle,Office Supplies,128.322,,
"23 October, 2016",United States,Seattle,Washington_Seattle,Office Supplies,,,17.05
"08 January, 2017",United States,Seattle,Washington_Seattle,Furniture,,892.98,
"25 June, 2017",United States,Seattle,Washington_Seattle,Furniture,871.4,,
"23 September, 2017",United States,Seattle,Washington_Seattle,Office Supplies,158.28,,
"11 June, 2017",United States,Seattle,Washington_Seattle,Technology,385.8,,
"24 November, 2016",United States,Seattle,Washington_Seattle,Office Supplies,1219.96,,
"13 March, 2015",United States,Seattle,Washington_Seattle,Furniture,141.96,,
"24 December, 2016",United States,Seattle,Washington_Seattle,Office Supplies,,33.4,
"23 September, 2016",United States,Seattle,Washington_Seattle,Office Supplies,,26.896,
"22 January, 2016",United States,Seattle,Washington_Seattle,Furniture,,109.9,
"20 November, 2015",United States,Seattle,Washington_Seattle,Furniture,,,22.14
"11 November, 2014",United States,Seattle,Washington_Seattle,Office Supplies,,2056.564,
"17 September, 2016",United States,Seattle,Washington_Seattle,Furniture,,,113.888
"06 November, 2017",United States,Seattle,Washington_Seattle,Technology,,,108.96
"03 July, 2017",United States,Seattle,Washington_Seattle,Technology,,,4150.972
"21 April, 2017",United States,Seattle,Washington_Seattle,Furniture,162.6,,
"05 December, 2016",United States,Seattle,Washington_Seattle,Office Supplies,407.976,,
"28 May, 2014",United States,Seattle,Washington_Seattle,Technology,,85.008,
"11 June, 2017",United States,Seattle,Washington_Seattle,Office Supplies,159.188,,
"03 November, 2017",United States,Seattle,Washington_Seattle,Technology,43.5,,
"21 March, 2017",United States,Seattle,Washington_Seattle,Furniture,,,22.14
"27 May, 2017",United States,Seattle,Washington_Seattle,Office Supplies,,31.44,
"01 September, 2017",United States,Seattle,Washington_Seattle,Furniture,,283.56,
"30 January, 2017",United States,Seattle,Washington_Seattle,Technology,,,604.768
"25 September, 2015",United States,Seattle,Washington_Seattle,Furniture,,307.136,
"14 March, 2016",United States,Seattle,Washington_Seattle,Furniture,,196.784,
"13 November, 2017",United States,Seattle,Washington_Seattle,Furniture,2404.704,,
"15 December, 2017",United States,Seattle,Washington_Seattle,Furniture,,,22.77
"23 January, 2017",United States,Seattle,Washington_Seattle,Office Supplies,,52.08,
"09 May, 2017",United States,Seattle,Washington_Seattle,Technology,,,199.98
"29 September, 2014",United States,Seattle,Washington_Seattle,Furniture,,,2354.98
"08 September, 2016",United States,Seattle,Washington_Seattle,Office Supplies,30.87,,
"27 February, 2015",United States,Seattle,Washington_Seattle,Technology,538.92,,
"23 February, 2017",United States,Seattle,Washington_Seattle,Office Supplies,,8.4,
"11 September, 2017",United States,Seattle,Washington_Seattle,Office Supplies,1562.68,,
"18 November, 2017",United States,Seattle,Washington_Seattle,Office Supplies,277.028,,
"11 February, 2017",United States,Seattle,Washington_Seattle,Furniture,,963.136,
"29 March, 2015",United States,Seattle,Washington_Seattle,Office Supplies,73.28,,
"13 September, 2014",United States,Seattle,Washington_Seattle,Office Supplies,84.6,,
"18 March, 2017",United States,Seattle,Washington_Seattle,Office Supplies,46.2,,
"07 December, 2014",United States,Seattle,Washington_Seattle,Office Supplies,,,269.36
"20 November, 2015",United States,Seattle,Washington_Seattle,Office Supplies,,,119.04
"28 May, 2015",United States,Seattle,Washington_Seattle,Office Supplies,,,6.63
"21 April, 2017",United States,Seattle,Washington_Seattle,Technology,11.54,,
"09 August, 2014",United States,Seattle,Washington_Seattle,Technology,,,1310.336
"16 December, 2015",United States,Seattle,Washington_Seattle,Office Supplies,4.98,,
"23 October, 2015",United States,Seattle,Washington_Seattle,Office Supplies,,3.592,
"30 July, 2014",United States,Seattle,Washington_Seattle,Furniture,,1367.84,
"02 November, 2015",United States,Seattle,Washington_Seattle,Technology,447.93,,
"11 February, 2017",United States,Seattle,Washington_Seattle,Technology,,88.776,
"18 October, 2015",United States,Seattle,Washington_Seattle,Technology,249.584,,
"12 May, 2015",United States,Seattle,Washington_Seattle,Office Supplies,14.592,,
"29 September, 2014",United States,Seattle,Washington_Seattle,Office Supplies,817.798,,
"16 April, 2016",United States,Seattle,Washington_Seattle,Office Supplies,28.8,,
"19 March, 2015",United States,Seattle,Washington_Seattle,Office Supplies,,1457.34,
"27 June, 2017",United States,Seattle,Washington_Seattle,Furniture,,126.3,
"10 May, 2016",United States,Seattle,Washington_Seattle,Office Supplies,11.96,,
"21 September, 2015",United States,Seattle,Washington_Seattle,Office Supplies,199.74,,
"07 December, 2015",United States,Seattle,Washington_Seattle,Office Supplies,6.57,,
