Date,Country,City,State_City,Category,Consumer,Corporate,Home_Office
"20 May, 2017",United States,Trenton,Michigan_Trenton,Office Supplies,,41.28,
"08 August, 2014",United States,Trenton,Michigan_Trenton,Office Supplies,,,205.875
"02 October, 2017",United States,Trenton,Michigan_Trenton,Furniture,157.74,,
"08 August, 2014",United States,Trenton,Michigan_Trenton,Furniture,,,53.88
"08 August, 2014",United States,Trenton,Michigan_Trenton,Technology,,,849.97
"20 October, 2016",United States,Trenton,Michigan_Trenton,Technology,317.68,,
"02 October, 2017",United States,Trenton,Michigan_Trenton,Office Supplies,117.91,,
"20 October, 2016",United States,Trenton,Michigan_Trenton,Office Supplies,20.86,,
