Date,Country,City,State_City,Category,Consumer,Corporate,Home_Office
"07 March, 2017",United States,Clinton,Maryland_Clinton,Technology,,,49.08
"10 March, 2015",United States,Clinton,Maryland_Clinton,Office Supplies,,89.82,
"27 December, 2015",United States,Clinton,Maryland_Clinton,Office Supplies,,,384.86
"18 September, 2015",United States,Clinton,Maryland_Clinton,Office Supplies,,743.9,
"09 July, 2015",United States,Clinton,Maryland_Clinton,Furniture,181.96,,
"14 February, 2016",United States,Clinton,Maryland_Clinton,Furniture,560.991,,
"09 July, 2015",United States,Clinton,Maryland_Clinton,Office Supplies,486.89,,
"07 November, 2017",United States,Clinton,Maryland_Clinton,Furniture,,272.97,
"10 February, 2017",United States,Clinton,Maryland_Clinton,Office Supplies,23.12,,
"18 September, 2015",United States,Clinton,Maryland_Clinton,Technology,,1759.92,
"14 February, 2016",United States,Clinton,Maryland_Clinton,Office Supplies,12.75,,
"09 July, 2015",United States,Clinton,Maryland_Clinton,Technology,464.97,,
"02 December, 2014",United States,Clinton,Maryland_Clinton,Office Supplies,,162.48,
"02 December, 2014",United States,Clinton,Maryland_Clinton,Furniture,,300.56,
"04 October, 2017",United States,Clinton,Maryland_Clinton,Furniture,,,19.98
