Date,Country,City,State_City,Category,Consumer,Corporate,Home_Office
"27 December, 2014",United States,Skokie,Illinois_Skokie,Office Supplies,30.016,,
"14 December, 2017",United States,Skokie,Illinois_Skokie,Technology,39.264,,
"29 November, 2014",United States,Skokie,Illinois_Skokie,Office Supplies,,12.624,
"08 June, 2017",United States,Skokie,Illinois_Skokie,Office Supplies,12.176,,
"14 December, 2017",United States,Skokie,Illinois_Skokie,Office Supplies,95.232,,
"27 December, 2014",United States,Skokie,Illinois_Skokie,Furniture,32.952,,
"14 December, 2017",United States,Skokie,Illinois_Skokie,Furniture,322.68,,
"17 June, 2017",United States,Skokie,Illinois_Skokie,Office Supplies,,23.888,
