Date,Country,City,State_City,Category,Consumer,Corporate,Home_Office
"20 March, 2017",United States,Middletown,Connecticut_Middletown,Office Supplies,61.96,,
"03 September, 2016",United States,Middletown,Connecticut_Middletown,Office Supplies,,48.16,
"02 October, 2015",United States,Middletown,Connecticut_Middletown,Office Supplies,,26.9,
"04 May, 2014",United States,Middletown,Connecticut_Middletown,Furniture,27.46,,
"16 May, 2016",United States,Middletown,Connecticut_Middletown,Office Supplies,552.56,,
"23 December, 2017",United States,Middletown,Connecticut_Middletown,Furniture,,181.95,
"28 February, 2017",United States,Middletown,Connecticut_Middletown,Office Supplies,17.62,,
"20 March, 2017",United States,Middletown,Connecticut_Middletown,Technology,238,,
