Date,Country,City,State_City,Category,Consumer,Corporate,Home_Office
"05 May, 2016",United States,Henderson,Nevada_Henderson,Office Supplies,,5.728,
"05 May, 2016",United States,Henderson,Nevada_Henderson,Furniture,,1685.88,
"03 November, 2016",United States,Henderson,Kentucky_Henderson,Furniture,867.04,,
"30 November, 2015",United States,Henderson,Kentucky_Henderson,Office Supplies,,,89.36
"07 December, 2015",United States,Henderson,Kentucky_Henderson,Office Supplies,152.94,,
"15 April, 2017",United States,Henderson,Nevada_Henderson,Furniture,,196.45,
"31 March, 2017",United States,Henderson,Kentucky_Henderson,Furniture,,,61
"31 December, 2015",United States,Henderson,Kentucky_Henderson,Office Supplies,,596.48,
"07 December, 2015",United States,Henderson,Kentucky_Henderson,Furniture,283.92,,
"02 November, 2017",United States,Henderson,Kentucky_Henderson,Furniture,,975.92,
"09 May, 2014",United States,Henderson,Kentucky_Henderson,Office Supplies,,158.71,
"02 November, 2017",United States,Henderson,Kentucky_Henderson,Technology,,2249.91,
"20 November, 2017",United States,Henderson,Kentucky_Henderson,Furniture,,,27.58
"13 December, 2014",United States,Henderson,Kentucky_Henderson,Office Supplies,,12.39,
"03 November, 2016",United States,Henderson,Kentucky_Henderson,Office Supplies,36.73,,
"06 January, 2014",United States,Henderson,Kentucky_Henderson,Furniture,,,2573.82
"08 November, 2016",United States,Henderson,Kentucky_Henderson,Furniture,993.9,,
"16 February, 2016",United States,Henderson,Kentucky_Henderson,Furniture,318.08,,
"02 September, 2017",United States,Henderson,Kentucky_Henderson,Office Supplies,1577.94,,
"16 February, 2016",United States,Henderson,Kentucky_Henderson,Office Supplies,5.8,,
"31 March, 2017",United States,Henderson,Kentucky_Henderson,Technology,,,671.93
"09 January, 2015",United States,Henderson,Kentucky_Henderson,Office Supplies,364.07,,
"19 November, 2017",United States,Henderson,Kentucky_Henderson,Furniture,821.88,,
"02 November, 2017",United States,Henderson,Kentucky_Henderson,Office Supplies,,65.24,
"06 January, 2014",United States,Henderson,Kentucky_Henderson,Office Supplies,,,653.12
"28 October, 2015",United States,Henderson,Kentucky_Henderson,Office Supplies,47.3,,
"28 October, 2015",United States,Henderson,Kentucky_Henderson,Furniture,57.21,,
"21 April, 2014",United States,Henderson,Kentucky_Henderson,Office Supplies,,828.84,
"06 January, 2014",United States,Henderson,Kentucky_Henderson,Technology,,,1147.94
"19 November, 2017",United States,Henderson,Kentucky_Henderson,Office Supplies,21.96,,
