Date,Country,City,State_City,Category,Consumer,Corporate,Home_Office
"20 January, 2014",United States,Jonesboro,Arkansas_Jonesboro,Furniture,1106.54,,
"20 January, 2014",United States,Jonesboro,Arkansas_Jonesboro,Office Supplies,52.93,,
"20 January, 2014",United States,Jonesboro,Arkansas_Jonesboro,Technology,699.93,,
"25 November, 2016",United States,Jonesboro,Arkansas_Jonesboro,Technology,59.98,,
"19 August, 2014",United States,Jonesboro,Arkansas_Jonesboro,Furniture,638.82,,
"04 June, 2017",United States,Jonesboro,Arkansas_Jonesboro,Office Supplies,,,117.62
"04 September, 2016",United States,Jonesboro,Arkansas_Jonesboro,Office Supplies,239.5,,
