Date,Country,City,State_City,Category,Consumer,Corporate,Home_Office
"08 July, 2017",United States,Kent,Washington_Kent,Technology,50,,
"12 June, 2017",United States,Kent,Washington_Kent,Office Supplies,19.44,,
"18 November, 2016",United States,Kent,Ohio_Kent,Office Supplies,,103.968,
"29 December, 2014",United States,Kent,Ohio_Kent,Office Supplies,48.36,,
"08 July, 2017",United States,Kent,Washington_Kent,Office Supplies,809.648,,
"27 January, 2017",United States,Kent,Ohio_Kent,Technology,179.958,,
"12 June, 2017",United States,Kent,Washington_Kent,Technology,71.976,,
"08 July, 2017",United States,Kent,Washington_Kent,Furniture,198.46,,
"10 May, 2014",United States,Kent,Washington_Kent,Technology,43.6,,
"27 January, 2017",United States,Kent,Ohio_Kent,Office Supplies,14.016,,
"10 May, 2014",United States,Kent,Washington_Kent,Office Supplies,158.13,,
