Date,Country,City,State_City,Category,Consumer,Corporate,Home_Office
"05 September, 2014",United States,Bowling Green,Ohio_Bowling Green,Office Supplies,264.32,,
"24 August, 2015",United States,Bowling Green,Ohio_Bowling Green,Technology,26.982,,
"16 November, 2017",United States,Bowling Green,Ohio_Bowling Green,Office Supplies,,86.352,
"23 December, 2016",United States,Bowling Green,Ohio_Bowling Green,Office Supplies,5.553,,
"21 December, 2017",United States,Bowling Green,Kentucky_Bowling Green,Technology,71,,
"24 August, 2015",United States,Bowling Green,Ohio_Bowling Green,Office Supplies,442.416,,
"16 November, 2017",United States,Bowling Green,Ohio_Bowling Green,Technology,,1039.942,
"18 July, 2016",United States,Bowling Green,Kentucky_Bowling Green,Furniture,,140.81,
