Date,Country,City,State_City,Category,Consumer,Corporate,Home_Office
"13 August, 2015",United States,Pomona,California_Pomona,Furniture,31.56,,
"13 April, 2015",United States,Pomona,California_Pomona,Technology,199.96,,
"05 October, 2014",United States,Pomona,California_Pomona,Technology,99.98,,
"26 March, 2014",United States,Pomona,California_Pomona,Office Supplies,18.75,,
"24 June, 2017",United States,Pomona,California_Pomona,Office Supplies,,421.42,
"13 April, 2015",United States,Pomona,California_Pomona,Furniture,710.832,,
