Date,Country,City,State_City,Category,Consumer,Corporate,Home_Office
"02 December, 2014",United States,Corpus Christi,Texas_Corpus Christi,Furniture,,98.32,
"14 September, 2014",United States,Corpus Christi,Texas_Corpus Christi,Furniture,,9.96,
"18 June, 2017",United States,Corpus Christi,Texas_Corpus Christi,Office Supplies,,,74.352
"14 September, 2014",United States,Corpus Christi,Texas_Corpus Christi,Office Supplies,,21.448,
"02 December, 2014",United States,Corpus Christi,Texas_Corpus Christi,Office Supplies,,16.464,
