Date,Country,City,State_City,Category,Consumer,Corporate,Home_Office
"05 September, 2016",United States,Johnson City,Tennessee_Johnson City,Office Supplies,119.802,,
"05 September, 2016",United States,Johnson City,Tennessee_Johnson City,Technology,108.784,,
"15 November, 2014",United States,Johnson City,Tennessee_Johnson City,Office Supplies,362.176,,
"14 January, 2017",United States,Johnson City,Tennessee_Johnson City,Technology,111.984,,
"14 January, 2017",United States,Johnson City,Tennessee_Johnson City,Office Supplies,63.102,,
