Date,Country,City,State_City,Category,Consumer,Corporate,Home_Office
"31 October, 2014",United States,Cranston,Rhode Island_Cranston,Furniture,2023.016,,
"24 June, 2017",United States,Cranston,Rhode Island_Cranston,Office Supplies,102.93,,
"08 October, 2017",United States,Cranston,Rhode Island_Cranston,Office Supplies,,42.76,
"31 October, 2014",United States,Cranston,Rhode Island_Cranston,Office Supplies,93.49,,
"08 December, 2017",United States,Cranston,Rhode Island_Cranston,Office Supplies,,,592.74
"23 October, 2017",United States,Cranston,Rhode Island_Cranston,Office Supplies,,45.66,
"23 October, 2017",United States,Cranston,Rhode Island_Cranston,Furniture,,1124.32,
