Date,Country,City,State_City,Category,Consumer,Corporate,Home_Office
"11 October, 2014",United States,Fayetteville,Arkansas_Fayetteville,Office Supplies,,7.31,
"14 December, 2017",United States,Fayetteville,Arkansas_Fayetteville,Technology,,204.55,
"03 December, 2017",United States,Fayetteville,North Carolina_Fayetteville,Office Supplies,98.446,,
"22 September, 2017",United States,Fayetteville,Arkansas_Fayetteville,Office Supplies,691.96,,
"28 October, 2017",United States,Fayetteville,North Carolina_Fayetteville,Furniture,77.952,,
"31 May, 2015",United States,Fayetteville,North Carolina_Fayetteville,Office Supplies,10.272,,
"25 December, 2016",United States,Fayetteville,Arkansas_Fayetteville,Office Supplies,126.21,,
"22 January, 2016",United States,Fayetteville,North Carolina_Fayetteville,Furniture,465.408,,
"27 December, 2015",United States,Fayetteville,Arkansas_Fayetteville,Office Supplies,105.42,,
"09 August, 2016",United States,Fayetteville,North Carolina_Fayetteville,Technology,44.784,,
"27 October, 2014",United States,Fayetteville,North Carolina_Fayetteville,Office Supplies,,,22.32
"15 December, 2016",United States,Fayetteville,Arkansas_Fayetteville,Office Supplies,,,19.44
"06 November, 2017",United States,Fayetteville,North Carolina_Fayetteville,Furniture,28.272,,
"14 April, 2017",United States,Fayetteville,North Carolina_Fayetteville,Furniture,,198.272,
"22 September, 2017",United States,Fayetteville,Arkansas_Fayetteville,Technology,34.95,,
"28 September, 2014",United States,Fayetteville,North Carolina_Fayetteville,Office Supplies,,106.944,
"31 August, 2017",United States,Fayetteville,North Carolina_Fayetteville,Office Supplies,229.544,,
"25 December, 2016",United States,Fayetteville,Arkansas_Fayetteville,Technology,399.98,,
"05 July, 2015",United States,Fayetteville,North Carolina_Fayetteville,Office Supplies,,7.23,
"25 December, 2016",United States,Fayetteville,Arkansas_Fayetteville,Furniture,343.85,,
"28 October, 2017",United States,Fayetteville,North Carolina_Fayetteville,Office Supplies,195.136,,
"27 November, 2015",United States,Fayetteville,Arkansas_Fayetteville,Office Supplies,,,6.24
"09 August, 2016",United States,Fayetteville,North Carolina_Fayetteville,Office Supplies,600.352,,
"02 September, 2014",United States,Fayetteville,Arkansas_Fayetteville,Office Supplies,1793.98,,
"15 August, 2016",United States,Fayetteville,North Carolina_Fayetteville,Furniture,225.296,,
"06 November, 2017",United States,Fayetteville,North Carolina_Fayetteville,Office Supplies,803.096,,
"11 October, 2014",United States,Fayetteville,Arkansas_Fayetteville,Furniture,,8.92,
"22 January, 2016",United States,Fayetteville,North Carolina_Fayetteville,Office Supplies,64.864,,
"05 July, 2015",United States,Fayetteville,North Carolina_Fayetteville,Furniture,,4.928,
