Date,Country,City,State_City,Category,Consumer,Corporate,Home_Office
"16 December, 2016",United States,Apple Valley,California_Apple Valley,Furniture,563.92,,
"04 September, 2017",United States,Apple Valley,California_Apple Valley,Technology,,,43.176
"04 September, 2017",United States,Apple Valley,California_Apple Valley,Office Supplies,,,12.96
"17 July, 2017",United States,Apple Valley,California_Apple Valley,Furniture,,1194.165,
"17 July, 2017",United States,Apple Valley,California_Apple Valley,Office Supplies,,100.86,
"04 June, 2017",United States,Apple Valley,Minnesota_Apple Valley,Office Supplies,8.64,,
"30 March, 2014",United States,Apple Valley,Minnesota_Apple Valley,Office Supplies,129.3,,
