Date,Country,City,State_City,Category,Consumer,Corporate,Home_Office
"15 October, 2015",United States,Amarillo,Texas_Amarillo,Technology,263.88,,
"12 July, 2015",United States,Amarillo,Texas_Amarillo,Technology,307.168,,
"01 October, 2016",United States,Amarillo,Texas_Amarillo,Technology,79.512,,
"01 October, 2016",United States,Amarillo,Texas_Amarillo,Office Supplies,28.352,,
"01 August, 2016",United States,Amarillo,Texas_Amarillo,Office Supplies,,19.648,
"15 October, 2015",United States,Amarillo,Texas_Amarillo,Furniture,2453.43,,
"31 March, 2017",United States,Amarillo,Texas_Amarillo,Furniture,,205.3328,
"02 May, 2016",United States,Amarillo,Texas_Amarillo,Furniture,366.744,,
"07 January, 2016",United States,Amarillo,Texas_Amarillo,Furniture,23.076,,
"07 January, 2016",United States,Amarillo,Texas_Amarillo,Office Supplies,25.92,,
