Date,Country,City,State_City,Category,Consumer,Corporate,Home_Office
"16 April, 2015",United States,Waynesboro,Virginia_Waynesboro,Office Supplies,9.14,,
"16 April, 2015",United States,Waynesboro,Virginia_Waynesboro,Furniture,1720.12,,
"21 June, 2014",United States,Waynesboro,Virginia_Waynesboro,Office Supplies,36.84,,
"21 June, 2014",United States,Waynesboro,Virginia_Waynesboro,Furniture,104.01,,
"13 March, 2016",United States,Waynesboro,Virginia_Waynesboro,Furniture,,,127.88
"13 March, 2016",United States,Waynesboro,Virginia_Waynesboro,Office Supplies,,,206.32
"21 June, 2014",United States,Waynesboro,Virginia_Waynesboro,Technology,284.82,,
"16 April, 2015",United States,Waynesboro,Virginia_Waynesboro,Technology,569.64,,
