Date,Country,City,State_City,Category,Consumer,Corporate,Home_Office
"01 December, 2017",United States,Stockton,California_Stockton,Furniture,,,629.64
"09 December, 2016",United States,Stockton,California_Stockton,Office Supplies,,273.92,
"19 September, 2016",United States,Stockton,California_Stockton,Office Supplies,159.88,,
"10 December, 2017",United States,Stockton,California_Stockton,Technology,95.84,,
"09 September, 2016",United States,Stockton,California_Stockton,Office Supplies,55.36,,
"10 December, 2017",United States,Stockton,California_Stockton,Office Supplies,12.96,,
