Date,Country,City,State_City,Category,Consumer,Corporate,Home_Office
"22 January, 2017",United States,Great Falls,Montana_Great Falls,Office Supplies,,,1189.43
"11 April, 2014",United States,Great Falls,Montana_Great Falls,Office Supplies,87.08,,
"19 July, 2014",United States,Great Falls,Montana_Great Falls,Office Supplies,,,6.096
"11 April, 2014",United States,Great Falls,Montana_Great Falls,Technology,323.024,,
"22 January, 2017",United States,Great Falls,Montana_Great Falls,Technology,,,2999.95
