Date,Country,City,State_City,Category,Consumer,Corporate,Home_Office
"04 July, 2015",United States,Milwaukee,Wisconsin_Milwaukee,Technology,1099.96,,
"27 November, 2017",United States,Milwaukee,Wisconsin_Milwaukee,Furniture,,46.94,
"18 December, 2017",United States,Milwaukee,Wisconsin_Milwaukee,Furniture,,99.95,
"25 July, 2016",United States,Milwaukee,Wisconsin_Milwaukee,Office Supplies,,20.62,
"22 September, 2017",United States,Milwaukee,Wisconsin_Milwaukee,Technology,,185.13,
"25 March, 2017",United States,Milwaukee,Wisconsin_Milwaukee,Furniture,,1986.52,
"18 November, 2017",United States,Milwaukee,Wisconsin_Milwaukee,Furniture,,5.82,
"18 November, 2017",United States,Milwaukee,Wisconsin_Milwaukee,Office Supplies,,137.66,
"25 April, 2015",United States,Milwaukee,Wisconsin_Milwaukee,Office Supplies,330.15,,
"18 December, 2017",United States,Milwaukee,Wisconsin_Milwaukee,Technology,,29.34,
"16 November, 2015",United States,Milwaukee,Wisconsin_Milwaukee,Office Supplies,,,179.82
"26 May, 2016",United States,Milwaukee,Wisconsin_Milwaukee,Furniture,26.94,,
"16 November, 2015",United States,Milwaukee,Wisconsin_Milwaukee,Technology,,,999.96
"31 July, 2017",United States,Milwaukee,Wisconsin_Milwaukee,Office Supplies,,173.4,
"22 September, 2017",United States,Milwaukee,Wisconsin_Milwaukee,Office Supplies,,252.88,
"29 December, 2016",United States,Milwaukee,Wisconsin_Milwaukee,Furniture,754.45,,
"22 February, 2016",United States,Milwaukee,Wisconsin_Milwaukee,Office Supplies,,,490.32
"21 October, 2017",United States,Milwaukee,Wisconsin_Milwaukee,Office Supplies,,60.72,
"02 April, 2016",United States,Milwaukee,Wisconsin_Milwaukee,Furniture,,1454.9,
"25 July, 2016",United States,Milwaukee,Wisconsin_Milwaukee,Technology,,421.8,
"11 November, 2017",United States,Milwaukee,Wisconsin_Milwaukee,Office Supplies,,,18.24
"12 May, 2014",United States,Milwaukee,Wisconsin_Milwaukee,Furniture,34.79,,
"28 August, 2017",United States,Milwaukee,Wisconsin_Milwaukee,Office Supplies,,,113.41
"27 November, 2017",United States,Milwaukee,Wisconsin_Milwaukee,Technology,,143.73,
"20 March, 2015",United States,Milwaukee,Wisconsin_Milwaukee,Office Supplies,,51.84,
"01 April, 2016",United States,Milwaukee,Wisconsin_Milwaukee,Technology,,12.99,
"25 July, 2016",United States,Milwaukee,Wisconsin_Milwaukee,Furniture,,498.76,
"09 August, 2015",United States,Milwaukee,Wisconsin_Milwaukee,Furniture,,,687.4
"05 March, 2017",United States,Milwaukee,Wisconsin_Milwaukee,Office Supplies,25.06,,
"16 November, 2015",United States,Milwaukee,Wisconsin_Milwaukee,Furniture,,,1053.24
"07 September, 2017",United States,Milwaukee,Wisconsin_Milwaukee,Technology,13.48,,
