Date,Country,City,State_City,Category,Consumer,Corporate,Home_Office
"04 November, 2017",United States,Chattanooga,Tennessee_Chattanooga,Technology,239.904,,
"06 February, 2016",United States,Chattanooga,Tennessee_Chattanooga,Furniture,,132.224,
"16 June, 2016",United States,Chattanooga,Tennessee_Chattanooga,Technology,,,91.475
"04 November, 2017",United States,Chattanooga,Tennessee_Chattanooga,Office Supplies,8.492,,
"06 April, 2017",United States,Chattanooga,Tennessee_Chattanooga,Office Supplies,,8.1,
"05 May, 2016",United States,Chattanooga,Tennessee_Chattanooga,Furniture,16.72,,
"29 November, 2017",United States,Chattanooga,Tennessee_Chattanooga,Furniture,491.888,,
