Date,Country,City,State_City,Category,Consumer,Corporate,Home_Office
"25 April, 2017",United States,Chandler,Arizona_Chandler,Office Supplies,8.896,,
"08 April, 2014",United States,Chandler,Arizona_Chandler,Office Supplies,,,49.792
"06 October, 2017",United States,Chandler,Arizona_Chandler,Office Supplies,9.344,,
"21 August, 2017",United States,Chandler,Arizona_Chandler,Office Supplies,,83.88,
"19 September, 2014",United States,Chandler,Arizona_Chandler,Furniture,,73.915,
"24 December, 2017",United States,Chandler,Arizona_Chandler,Furniture,,,850.92
