Date,Country,City,State_City,Category,Consumer,Corporate,Home_Office
"26 July, 2015",United States,Glendale,Arizona_Glendale,Furniture,,266.352,
"08 June, 2017",United States,Glendale,Arizona_Glendale,Office Supplies,107.756,,
"13 April, 2015",United States,Glendale,Arizona_Glendale,Office Supplies,10.744,,
"10 March, 2016",United States,Glendale,Arizona_Glendale,Office Supplies,,104.696,
"12 November, 2017",United States,Glendale,Arizona_Glendale,Furniture,,,227.456
"14 April, 2016",United States,Glendale,Arizona_Glendale,Office Supplies,42.976,,
"12 November, 2017",United States,Glendale,Arizona_Glendale,Technology,,,721.504
"08 April, 2014",United States,Glendale,Arizona_Glendale,Office Supplies,,21.376,
"18 July, 2016",United States,Glendale,Arizona_Glendale,Office Supplies,,33.8,
"09 September, 2017",United States,Glendale,Arizona_Glendale,Office Supplies,6.368,,
"08 June, 2017",United States,Glendale,Arizona_Glendale,Technology,89.544,,
"08 August, 2014",United States,Glendale,Arizona_Glendale,Technology,95.976,,
"12 November, 2017",United States,Glendale,Arizona_Glendale,Office Supplies,,,23.12
"14 April, 2016",United States,Glendale,Arizona_Glendale,Furniture,933.536,,
"08 August, 2014",United States,Glendale,Arizona_Glendale,Furniture,121.376,,
"03 August, 2014",United States,Glendale,Arizona_Glendale,Office Supplies,,,93.024
"21 October, 2017",United States,Glendale,Arizona_Glendale,Office Supplies,8.559,,
"08 March, 2016",United States,Glendale,Arizona_Glendale,Office Supplies,9.702,,
