Date,Country,City,State_City,Category,Consumer,Corporate,Home_Office
"12 February, 2016",United States,Atlanta,Georgia_Atlanta,Office Supplies,1366.04,,
"31 March, 2017",United States,Atlanta,Georgia_Atlanta,Office Supplies,,98.66,
"23 August, 2015",United States,Atlanta,Georgia_Atlanta,Office Supplies,890.52,,
"22 November, 2014",United States,Atlanta,Georgia_Atlanta,Office Supplies,,9.96,
"26 July, 2014",United States,Atlanta,Georgia_Atlanta,Furniture,93.59,,
"31 March, 2017",United States,Atlanta,Georgia_Atlanta,Technology,,2999.95,
"26 November, 2017",United States,Atlanta,Georgia_Atlanta,Office Supplies,,12.84,
"03 November, 2017",United States,Atlanta,Georgia_Atlanta,Office Supplies,,12.39,
"19 May, 2017",United States,Atlanta,Georgia_Atlanta,Technology,445.77,,
"26 July, 2014",United States,Atlanta,Georgia_Atlanta,Office Supplies,162.89,,
"14 November, 2016",United States,Atlanta,Georgia_Atlanta,Office Supplies,13.54,,
"27 September, 2016",United States,Atlanta,Georgia_Atlanta,Office Supplies,31.83,,
"13 September, 2015",United States,Atlanta,Georgia_Atlanta,Office Supplies,69.93,,
"19 May, 2017",United States,Atlanta,Georgia_Atlanta,Office Supplies,482.57,,
"16 March, 2015",United States,Atlanta,Georgia_Atlanta,Office Supplies,6412.77,,
"23 August, 2015",United States,Atlanta,Georgia_Atlanta,Technology,251.91,,
"10 September, 2017",United States,Atlanta,Georgia_Atlanta,Office Supplies,2.78,,
"13 September, 2015",United States,Atlanta,Georgia_Atlanta,Furniture,129.93,,
"14 November, 2016",United States,Atlanta,Georgia_Atlanta,Technology,499.98,,
"26 June, 2016",United States,Atlanta,Georgia_Atlanta,Technology,135.95,,
"25 November, 2017",United States,Atlanta,Georgia_Atlanta,Office Supplies,48.87,,
"31 January, 2016",United States,Atlanta,Georgia_Atlanta,Office Supplies,,,1396.35
"19 May, 2017",United States,Atlanta,Georgia_Atlanta,Furniture,1628.82,,
