Date,Country,City,State_City,Category,Consumer,Corporate,Home_Office
"21 July, 2017",United States,Salem,Virginia_Salem,Office Supplies,368.28,,
"18 December, 2016",United States,Salem,Oregon_Salem,Technology,,,141.456
"31 August, 2017",United States,Salem,Oregon_Salem,Office Supplies,,,6.208
"17 November, 2017",United States,Salem,Virginia_Salem,Office Supplies,35.04,,
"20 March, 2015",United States,Salem,Oregon_Salem,Office Supplies,29.304,,
"08 May, 2015",United States,Salem,Oregon_Salem,Office Supplies,5.248,,
"26 September, 2017",United States,Salem,Oregon_Salem,Office Supplies,,,2.224
"25 June, 2014",United States,Salem,Oregon_Salem,Technology,,263.96,
"08 December, 2014",United States,Salem,Oregon_Salem,Technology,156.6,,
"08 December, 2014",United States,Salem,Oregon_Salem,Office Supplies,109.184,,
"09 May, 2016",United States,Salem,Virginia_Salem,Office Supplies,27.86,,
"18 December, 2016",United States,Salem,Oregon_Salem,Office Supplies,,,91.512
"01 November, 2016",United States,Salem,Virginia_Salem,Office Supplies,,,251.79
"21 July, 2017",United States,Salem,Virginia_Salem,Furniture,311.74,,
"25 June, 2014",United States,Salem,Oregon_Salem,Office Supplies,,80.96,
"20 March, 2016",United States,Salem,Oregon_Salem,Technology,84.784,,
"02 December, 2017",United States,Salem,Virginia_Salem,Furniture,701.96,,
"01 November, 2015",United States,Salem,Oregon_Salem,Office Supplies,7.88,,
"18 December, 2016",United States,Salem,Oregon_Salem,Furniture,,,377.45
"20 March, 2016",United States,Salem,Oregon_Salem,Office Supplies,47.925,,
"09 June, 2017",United States,Salem,Virginia_Salem,Office Supplies,49.12,,
"01 November, 2016",United States,Salem,Virginia_Salem,Technology,,,21.8
"21 July, 2017",United States,Salem,Virginia_Salem,Technology,271.96,,
