Date,Country,City,State_City,Category,Consumer,Corporate,Home_Office
"20 November, 2015",United States,Marion,Ohio_Marion,Furniture,63.824,,
"02 December, 2016",United States,Marion,Iowa_Marion,Office Supplies,,115.84,
"06 December, 2015",United States,Marion,Ohio_Marion,Technology,485.94,,
"29 January, 2017",United States,Marion,Iowa_Marion,Furniture,14.91,,
"20 November, 2015",United States,Marion,Ohio_Marion,Office Supplies,141.552,,
"08 September, 2017",United States,Marion,Ohio_Marion,Technology,,116.832,
"27 December, 2015",United States,Marion,Ohio_Marion,Office Supplies,,19.872,
"06 December, 2015",United States,Marion,Ohio_Marion,Office Supplies,37.376,,
"14 December, 2014",United States,Marion,Ohio_Marion,Furniture,136.53,,
"06 December, 2015",United States,Marion,Ohio_Marion,Furniture,70.686,,
"01 December, 2017",United States,Marion,Ohio_Marion,Furniture,,,7.712
"29 September, 2017",United States,Marion,Ohio_Marion,Office Supplies,,51.168,
"14 December, 2014",United States,Marion,Ohio_Marion,Technology,263.96,,
"14 December, 2014",United States,Marion,Ohio_Marion,Office Supplies,2.624,,
"29 January, 2017",United States,Marion,Iowa_Marion,Office Supplies,121.29,,
"27 December, 2015",United States,Marion,Ohio_Marion,Furniture,,1548.99,
"12 June, 2017",United States,Marion,Ohio_Marion,Technology,63.92,,
"06 April, 2017",United States,Marion,Iowa_Marion,Office Supplies,,,106.32
