Date,Country,City,State_City,Category,Consumer,Corporate,Home_Office
"31 August, 2017",United States,Tempe,Arizona_Tempe,Office Supplies,19.12,,
"10 July, 2015",United States,Tempe,Arizona_Tempe,Office Supplies,3.366,,
"12 November, 2017",United States,Tempe,Arizona_Tempe,Technology,,62.352,
"02 October, 2014",United States,Tempe,Arizona_Tempe,Technology,,555.936,
"18 October, 2016",United States,Tempe,Arizona_Tempe,Furniture,307.92,,
"02 October, 2014",United States,Tempe,Arizona_Tempe,Office Supplies,,42.208,
"13 September, 2014",United States,Tempe,Arizona_Tempe,Office Supplies,,79.4,
