Date,Country,City,State_City,Category,Consumer,Corporate,Home_Office
"23 September, 2016",United States,Lancaster,Ohio_Lancaster,Furniture,,,28
"23 April, 2016",United States,Lancaster,Ohio_Lancaster,Office Supplies,242.56,,
"30 December, 2016",United States,Lancaster,Pennsylvania_Lancaster,Furniture,170.786,,
"09 September, 2014",United States,Lancaster,Ohio_Lancaster,Office Supplies,,,30.816
"26 October, 2017",United States,Lancaster,Pennsylvania_Lancaster,Technology,,61.542,
"27 September, 2016",United States,Lancaster,Ohio_Lancaster,Office Supplies,,2.907,
"03 July, 2017",United States,Lancaster,Ohio_Lancaster,Furniture,,,215.148
"08 September, 2016",United States,Lancaster,California_Lancaster,Office Supplies,,,100.16
"24 November, 2017",United States,Lancaster,Pennsylvania_Lancaster,Technology,,89.988,
"31 December, 2016",United States,Lancaster,Ohio_Lancaster,Office Supplies,156.512,,
"19 March, 2015",United States,Lancaster,California_Lancaster,Office Supplies,10.9,,
"26 October, 2017",United States,Lancaster,Pennsylvania_Lancaster,Office Supplies,,81.438,
"03 November, 2014",United States,Lancaster,Pennsylvania_Lancaster,Office Supplies,286.344,,
"04 November, 2017",United States,Lancaster,Ohio_Lancaster,Office Supplies,,194.352,
"24 September, 2017",United States,Lancaster,Ohio_Lancaster,Technology,,,1169.694
"24 August, 2017",United States,Lancaster,Ohio_Lancaster,Office Supplies,656.64,,
"04 November, 2017",United States,Lancaster,Ohio_Lancaster,Technology,,70.72,
"11 April, 2017",United States,Lancaster,Ohio_Lancaster,Technology,27.12,,
"24 November, 2017",United States,Lancaster,Pennsylvania_Lancaster,Office Supplies,,229.544,
"23 September, 2016",United States,Lancaster,Ohio_Lancaster,Office Supplies,,,24.153
"11 April, 2017",United States,Lancaster,Ohio_Lancaster,Office Supplies,16.768,,
"05 September, 2016",United States,Lancaster,Ohio_Lancaster,Furniture,85.246,,
"26 September, 2014",United States,Lancaster,Ohio_Lancaster,Office Supplies,,,49.6
"29 June, 2015",United States,Lancaster,Pennsylvania_Lancaster,Furniture,20.104,,
"17 March, 2017",United States,Lancaster,California_Lancaster,Office Supplies,17.456,,
"03 July, 2017",United States,Lancaster,Ohio_Lancaster,Office Supplies,,,63.856
"25 November, 2016",United States,Lancaster,Ohio_Lancaster,Technology,4559.961,,
"07 February, 2016",United States,Lancaster,Ohio_Lancaster,Office Supplies,30.352,,
"25 November, 2016",United States,Lancaster,Ohio_Lancaster,Office Supplies,456.588,,
"27 December, 2016",United States,Lancaster,Ohio_Lancaster,Technology,40,,
"09 September, 2014",United States,Lancaster,Ohio_Lancaster,Furniture,,,60.672
"30 March, 2017",United States,Lancaster,Pennsylvania_Lancaster,Office Supplies,5.715,,
"05 September, 2016",United States,Lancaster,Ohio_Lancaster,Office Supplies,17.808,,
"12 November, 2017",United States,Lancaster,Pennsylvania_Lancaster,Office Supplies,221.024,,
"26 September, 2014",United States,Lancaster,Ohio_Lancaster,Technology,,,3.152
"06 April, 2014",United States,Lancaster,Pennsylvania_Lancaster,Office Supplies,,44.91,
"12 December, 2015",United States,Lancaster,California_Lancaster,Furniture,348.928,,
