Date,Country,City,State_City,Category,Consumer,Corporate,Home_Office
"04 December, 2015",United States,Clarksville,Tennessee_Clarksville,Office Supplies,1635.018,,
"23 April, 2017",United States,Clarksville,Tennessee_Clarksville,Furniture,,,465.088
"23 April, 2017",United States,Clarksville,Tennessee_Clarksville,Office Supplies,,,3
"30 September, 2014",United States,Clarksville,Tennessee_Clarksville,Office Supplies,69.216,,
"23 April, 2017",United States,Clarksville,Tennessee_Clarksville,Technology,,,45.408
