Date,Country,City,State_City,Category,Consumer,Corporate,Home_Office
"15 July, 2016",United States,Portland,Oregon_Portland,Furniture,,230.28,
"09 September, 2017",United States,Portland,Oregon_Portland,Office Supplies,,42.28,
"26 September, 2015",United States,Portland,Oregon_Portland,Technology,239.8,,
"03 November, 2016",United States,Portland,Oregon_Portland,Office Supplies,4.158,,
"07 September, 2017",United States,Portland,Oregon_Portland,Office Supplies,37.68,,
"06 November, 2017",United States,Portland,Oregon_Portland,Office Supplies,,,5.682
"07 November, 2014",United States,Portland,Oregon_Portland,Office Supplies,146.688,,
"15 July, 2016",United States,Portland,Oregon_Portland,Office Supplies,,105.52,
"01 October, 2015",United States,Portland,Oregon_Portland,Technology,572.8,,
"09 July, 2017",United States,Portland,Oregon_Portland,Office Supplies,1.08,,
"18 May, 2017",United States,Portland,Oregon_Portland,Technology,344.704,,
"01 November, 2014",United States,Portland,Oregon_Portland,Technology,155.976,,
"14 December, 2015",United States,Portland,Oregon_Portland,Technology,319.968,,
"03 November, 2016",United States,Portland,Oregon_Portland,Technology,179.991,,
"11 December, 2016",United States,Portland,Oregon_Portland,Furniture,,,403.92
"05 October, 2015",United States,Portland,Oregon_Portland,Furniture,357.462,,
"24 August, 2015",United States,Portland,Oregon_Portland,Office Supplies,7.152,,
"07 September, 2017",United States,Portland,Oregon_Portland,Technology,279.944,,
"01 November, 2014",United States,Portland,Oregon_Portland,Office Supplies,443.92,,
"26 September, 2015",United States,Portland,Oregon_Portland,Office Supplies,172.864,,
