Date,Country,City,State_City,Category,Consumer,Corporate,Home_Office
"12 August, 2017",United States,Orlando,Florida_Orlando,Office Supplies,20.736,,
"05 June, 2017",United States,Orlando,Florida_Orlando,Office Supplies,,20.736,
"30 November, 2014",United States,Orlando,Florida_Orlando,Office Supplies,,6.642,
"20 November, 2016",United States,Orlando,Florida_Orlando,Office Supplies,,39.72,
"17 September, 2015",United States,Orlando,Florida_Orlando,Technology,87.168,,
"03 November, 2017",United States,Orlando,Florida_Orlando,Technology,959.984,,
"03 November, 2017",United States,Orlando,Florida_Orlando,Office Supplies,70.758,,
"20 November, 2016",United States,Orlando,Florida_Orlando,Furniture,,289.568,
"20 November, 2016",United States,Orlando,Florida_Orlando,Technology,,244.768,
