Date,Country,City,State_City,Category,Consumer,Corporate,Home_Office
"03 June, 2017",United States,Pembroke Pines,Florida_Pembroke Pines,Technology,820.352,,
"27 November, 2015",United States,Pembroke Pines,Florida_Pembroke Pines,Technology,83.976,,
"27 November, 2015",United States,Pembroke Pines,Florida_Pembroke Pines,Furniture,375.4575,,
"03 June, 2017",United States,Pembroke Pines,Florida_Pembroke Pines,Office Supplies,49.778,,
"03 June, 2017",United States,Pembroke Pines,Florida_Pembroke Pines,Furniture,241.568,,
"03 February, 2017",United States,Pembroke Pines,Florida_Pembroke Pines,Office Supplies,119.178,,
"22 September, 2016",United States,Pembroke Pines,Florida_Pembroke Pines,Office Supplies,24.066,,
