Date,Country,City,State_City,Category,Consumer,Corporate,Home_Office
"14 July, 2016",United States,Huntsville,Alabama_Huntsville,Technology,29,,
"13 April, 2015",United States,Huntsville,Texas_Huntsville,Furniture,821.352,,
"22 March, 2015",United States,Huntsville,Alabama_Huntsville,Office Supplies,,19.56,
"09 June, 2014",United States,Huntsville,Texas_Huntsville,Office Supplies,,,70.368
"02 July, 2016",United States,Huntsville,Texas_Huntsville,Office Supplies,,41.472,
"18 November, 2016",United States,Huntsville,Alabama_Huntsville,Technology,,1319.96,
"25 December, 2017",United States,Huntsville,Alabama_Huntsville,Office Supplies,,,728.8
"25 December, 2017",United States,Huntsville,Alabama_Huntsville,Technology,,,90.48
"09 June, 2014",United States,Huntsville,Texas_Huntsville,Technology,,,71.976
"07 January, 2014",United States,Huntsville,Texas_Huntsville,Office Supplies,10.43,,
"01 January, 2017",United States,Huntsville,Texas_Huntsville,Office Supplies,502.738,,
"13 April, 2015",United States,Huntsville,Texas_Huntsville,Technology,239.976,,
"19 May, 2017",United States,Huntsville,Alabama_Huntsville,Office Supplies,,26.16,
"01 January, 2017",United States,Huntsville,Texas_Huntsville,Furniture,452.164,,
"27 September, 2016",United States,Huntsville,Texas_Huntsville,Furniture,,956.6648,
"10 October, 2014",United States,Huntsville,Texas_Huntsville,Technology,,1475.896,
"25 November, 2016",United States,Huntsville,Alabama_Huntsville,Office Supplies,73.36,,
"07 January, 2014",United States,Huntsville,Texas_Huntsville,Furniture,76.728,,
"16 December, 2014",United States,Huntsville,Texas_Huntsville,Furniture,56.568,,
"05 August, 2016",United States,Huntsville,Alabama_Huntsville,Office Supplies,,197.05,
"16 December, 2014",United States,Huntsville,Texas_Huntsville,Office Supplies,36.288,,
"11 May, 2014",United States,Huntsville,Texas_Huntsville,Furniture,,1212.96,
"02 July, 2016",United States,Huntsville,Texas_Huntsville,Furniture,,528.43,
"10 October, 2014",United States,Huntsville,Texas_Huntsville,Office Supplies,,12.878,
"23 March, 2017",United States,Huntsville,Texas_Huntsville,Office Supplies,143.728,,
