Date,Country,City,State_City,Category,Consumer,Corporate,Home_Office
"06 December, 2016",United States,Hempstead,New York_Hempstead,Technology,,479.984,
"06 December, 2016",United States,Hempstead,New York_Hempstead,Office Supplies,,1191.096,
"04 December, 2015",United States,Hempstead,New York_Hempstead,Technology,39.96,,
"16 June, 2014",United States,Hempstead,New York_Hempstead,Office Supplies,115.952,,
"04 December, 2015",United States,Hempstead,New York_Hempstead,Furniture,754.614,,
"29 September, 2017",United States,Hempstead,New York_Hempstead,Office Supplies,,7.98,
