Date,Country,City,State_City,Category,Consumer,Corporate,Home_Office
"20 September, 2016",United States,Grand Rapids,Michigan_Grand Rapids,Office Supplies,83.7,,
"22 September, 2016",United States,Grand Rapids,Michigan_Grand Rapids,Office Supplies,35.56,,
"09 December, 2017",United States,Grand Rapids,Michigan_Grand Rapids,Office Supplies,54.9,,
"29 December, 2017",United States,Grand Rapids,Michigan_Grand Rapids,Office Supplies,,209.7,
"23 December, 2016",United States,Grand Rapids,Michigan_Grand Rapids,Office Supplies,,24.85,
"22 September, 2016",United States,Grand Rapids,Michigan_Grand Rapids,Technology,97.98,,
"23 August, 2014",United States,Grand Rapids,Michigan_Grand Rapids,Office Supplies,,,19.44
