Date,Country,City,State_City,Category,Consumer,Corporate,Home_Office
"30 April, 2016",United States,Scottsdale,Arizona_Scottsdale,Furniture,,111.888,
"27 November, 2016",United States,Scottsdale,Arizona_Scottsdale,Technology,271.992,,
"13 March, 2016",United States,Scottsdale,Arizona_Scottsdale,Office Supplies,,,157.92
"23 November, 2014",United States,Scottsdale,Arizona_Scottsdale,Office Supplies,23.472,,
"13 March, 2016",United States,Scottsdale,Arizona_Scottsdale,Technology,,,203.184
"06 November, 2015",United States,Scottsdale,Arizona_Scottsdale,Office Supplies,11.481,,
"19 January, 2014",United States,Scottsdale,Arizona_Scottsdale,Office Supplies,197.124,,
"16 October, 2017",United States,Scottsdale,Arizona_Scottsdale,Office Supplies,,307.776,
"19 January, 2014",United States,Scottsdale,Arizona_Scottsdale,Furniture,181.47,,
