Date,Country,City,State_City,Category,Consumer,Corporate,Home_Office
"26 May, 2016",United States,Fort Worth,Texas_Fort Worth,Furniture,388.43,,
"06 May, 2017",United States,Fort Worth,Texas_Fort Worth,Furniture,,623.4648,
"08 December, 2015",United States,Fort Worth,Texas_Fort Worth,Office Supplies,,,360.712
"27 December, 2014",United States,Fort Worth,Texas_Fort Worth,Office Supplies,4.984,,
"06 May, 2017",United States,Fort Worth,Texas_Fort Worth,Office Supplies,,783.74,
"26 May, 2016",United States,Fort Worth,Texas_Fort Worth,Office Supplies,24.72,,
"08 December, 2015",United States,Fort Worth,Texas_Fort Worth,Technology,,,1718.4
"14 October, 2014",United States,Fort Worth,Texas_Fort Worth,Office Supplies,3.16,,
"14 October, 2014",United States,Fort Worth,Texas_Fort Worth,Technology,1999.96,,
"09 December, 2016",United States,Fort Worth,Texas_Fort Worth,Office Supplies,,18.72,
"27 April, 2017",United States,Fort Worth,Texas_Fort Worth,Furniture,,220.2656,
"07 March, 2016",United States,Fort Worth,Texas_Fort Worth,Technology,,21.072,
"27 April, 2017",United States,Fort Worth,Texas_Fort Worth,Office Supplies,,33.12,
"22 November, 2015",United States,Fort Worth,Texas_Fort Worth,Office Supplies,,,71.354
"26 May, 2016",United States,Fort Worth,Texas_Fort Worth,Technology,63.992,,
"11 May, 2014",United States,Fort Worth,Texas_Fort Worth,Furniture,66.112,,
"21 November, 2015",United States,Fort Worth,Texas_Fort Worth,Office Supplies,,39.608,
"26 April, 2017",United States,Fort Worth,Texas_Fort Worth,Furniture,1.988,,
"11 May, 2014",United States,Fort Worth,Texas_Fort Worth,Technology,158.904,,
