Date,Country,City,State_City,Category,Consumer,Corporate,Home_Office
"26 September, 2016",United States,Tallahassee,Florida_Tallahassee,Technology,,,431.976
"04 December, 2015",United States,Tallahassee,Florida_Tallahassee,Office Supplies,8.226,,
"23 August, 2017",United States,Tallahassee,Florida_Tallahassee,Office Supplies,219.664,,
"12 November, 2017",United States,Tallahassee,Florida_Tallahassee,Office Supplies,26.72,,
"05 May, 2016",United States,Tallahassee,Florida_Tallahassee,Office Supplies,,,93.248
"23 August, 2017",United States,Tallahassee,Florida_Tallahassee,Furniture,2.784,,
"28 May, 2016",United States,Tallahassee,Florida_Tallahassee,Furniture,,390.272,
"15 August, 2016",United States,Tallahassee,Florida_Tallahassee,Technology,705.544,,
"27 October, 2017",United States,Tallahassee,Florida_Tallahassee,Office Supplies,,68.967,
"23 August, 2017",United States,Tallahassee,Florida_Tallahassee,Technology,4367.896,,
"09 June, 2016",United States,Tallahassee,Florida_Tallahassee,Technology,695.7,,
"28 May, 2016",United States,Tallahassee,Florida_Tallahassee,Office Supplies,,62.192,
"05 May, 2016",United States,Tallahassee,Florida_Tallahassee,Technology,,,177.48
