Date,Country,City,State_City,Category,Consumer,Corporate,Home_Office
"05 May, 2016",United States,Murfreesboro,Tennessee_Murfreesboro,Office Supplies,,14.352,
"27 December, 2015",United States,Murfreesboro,Tennessee_Murfreesboro,Furniture,,184.456,
"27 December, 2015",United States,Murfreesboro,Tennessee_Murfreesboro,Office Supplies,,22.512,
"27 December, 2015",United States,Murfreesboro,Tennessee_Murfreesboro,Technology,,77.472,
"25 September, 2015",United States,Murfreesboro,Tennessee_Murfreesboro,Office Supplies,,22.549,
"03 November, 2017",United States,Murfreesboro,Tennessee_Murfreesboro,Furniture,,15.992,
