Date,Country,City,State_City,Category,Consumer,Corporate,Home_Office
"01 June, 2014",United States,Little Rock,Arkansas_Little Rock,Technology,881.93,,
"06 June, 2016",United States,Little Rock,Arkansas_Little Rock,Technology,530.16,,
"01 June, 2014",United States,Little Rock,Arkansas_Little Rock,Furniture,22.2,,
"17 August, 2014",United States,Little Rock,Arkansas_Little Rock,Technology,,339.96,
"01 May, 2016",United States,Little Rock,Arkansas_Little Rock,Office Supplies,140.52,,
"17 August, 2014",United States,Little Rock,Arkansas_Little Rock,Office Supplies,,144.83,
"23 December, 2017",United States,Little Rock,Arkansas_Little Rock,Technology,,494.97,
"23 December, 2017",United States,Little Rock,Arkansas_Little Rock,Office Supplies,,657.9,
"06 June, 2016",United States,Little Rock,Arkansas_Little Rock,Office Supplies,148.71,,
"20 October, 2017",United States,Little Rock,Arkansas_Little Rock,Office Supplies,199.17,,
