Date,Country,City,State_City,Category,Consumer,Corporate,Home_Office
"08 September, 2017",United States,Dublin,Ohio_Dublin,Technology,,9.096,
"01 June, 2017",United States,Dublin,Ohio_Dublin,Technology,158.376,,
"29 April, 2017",United States,Dublin,Ohio_Dublin,Furniture,,1048.35,
"24 December, 2015",United States,Dublin,Ohio_Dublin,Furniture,72.704,,
"16 June, 2017",United States,Dublin,Ohio_Dublin,Technology,479.952,,
"24 December, 2015",United States,Dublin,Ohio_Dublin,Office Supplies,75.232,,
"01 June, 2017",United States,Dublin,Ohio_Dublin,Office Supplies,31.542,,
"24 December, 2015",United States,Dublin,Ohio_Dublin,Technology,479.988,,
"16 June, 2017",United States,Dublin,Ohio_Dublin,Office Supplies,23.92,,
"13 November, 2017",United States,Dublin,California_Dublin,Technology,22,,
