Date,Country,City,State_City,Category,Consumer,Corporate,Home_Office
"06 August, 2014",United States,Columbia,South Carolina_Columbia,Technology,62.91,,
"21 August, 2017",United States,Columbia,Maryland_Columbia,Office Supplies,,,277.4
"23 May, 2015",United States,Columbia,South Carolina_Columbia,Office Supplies,,186.69,
"09 November, 2017",United States,Columbia,Maryland_Columbia,Office Supplies,,2187.16,
"21 September, 2015",United States,Columbia,South Carolina_Columbia,Furniture,1690.04,,
"22 July, 2016",United States,Columbia,Maryland_Columbia,Furniture,,27.42,
"21 September, 2015",United States,Columbia,South Carolina_Columbia,Office Supplies,1198.24,,
"11 February, 2014",United States,Columbia,Missouri_Columbia,Furniture,393.83,,
"25 May, 2015",United States,Columbia,Tennessee_Columbia,Technology,,467.04,
"21 August, 2017",United States,Columbia,Maryland_Columbia,Furniture,,,117.08
"21 December, 2017",United States,Columbia,South Carolina_Columbia,Office Supplies,23.88,,
"31 December, 2014",United States,Columbia,Missouri_Columbia,Office Supplies,,29.68,
"17 March, 2016",United States,Columbia,Maryland_Columbia,Furniture,971.5,,
"14 October, 2017",United States,Columbia,Maryland_Columbia,Office Supplies,,,37.66
"16 July, 2016",United States,Columbia,South Carolina_Columbia,Office Supplies,,123.2,
"12 August, 2017",United States,Columbia,Maryland_Columbia,Furniture,,1779.9,
"14 September, 2016",United States,Columbia,South Carolina_Columbia,Office Supplies,,,25.92
"17 October, 2016",United States,Columbia,Missouri_Columbia,Office Supplies,,,1927.59
"04 November, 2017",United States,Columbia,Tennessee_Columbia,Office Supplies,,,9.664
"28 November, 2014",United States,Columbia,South Carolina_Columbia,Office Supplies,,144.74,
"09 November, 2017",United States,Columbia,Maryland_Columbia,Technology,,826.62,
"17 March, 2016",United States,Columbia,Maryland_Columbia,Office Supplies,1101.85,,
"28 May, 2017",United States,Columbia,South Carolina_Columbia,Furniture,301.96,,
"16 July, 2016",United States,Columbia,South Carolina_Columbia,Technology,,75.98,
"01 July, 2016",United States,Columbia,South Carolina_Columbia,Office Supplies,85.5,,
"07 April, 2014",United States,Columbia,South Carolina_Columbia,Office Supplies,,122.97,
"20 September, 2014",United States,Columbia,Maryland_Columbia,Furniture,527.16,,
"11 February, 2014",United States,Columbia,Missouri_Columbia,Office Supplies,141.44,,
"20 December, 2014",United States,Columbia,Tennessee_Columbia,Office Supplies,69.432,,
"18 March, 2016",United States,Columbia,Tennessee_Columbia,Office Supplies,871.8,,
"28 February, 2015",United States,Columbia,Tennessee_Columbia,Furniture,551.264,,
"22 July, 2016",United States,Columbia,Maryland_Columbia,Office Supplies,,94.92,
"17 October, 2016",United States,Columbia,Missouri_Columbia,Technology,,,449.97
"21 September, 2015",United States,Columbia,South Carolina_Columbia,Technology,743.68,,
"12 August, 2017",United States,Columbia,Maryland_Columbia,Office Supplies,,237.42,
"16 August, 2017",United States,Columbia,Tennessee_Columbia,Office Supplies,80.564,,
"13 March, 2017",United States,Columbia,Maryland_Columbia,Office Supplies,174.3,,
"17 April, 2016",United States,Columbia,Tennessee_Columbia,Furniture,,79.12,
"31 December, 2014",United States,Columbia,Missouri_Columbia,Technology,,47.53,
"09 September, 2017",United States,Columbia,Tennessee_Columbia,Furniture,14.136,,
"04 March, 2014",United States,Columbia,South Carolina_Columbia,Office Supplies,354.9,,
"07 April, 2014",United States,Columbia,South Carolina_Columbia,Technology,,629.95,
"28 November, 2014",United States,Columbia,South Carolina_Columbia,Furniture,,397.6,
"09 September, 2017",United States,Columbia,Tennessee_Columbia,Office Supplies,444.848,,
"20 December, 2014",United States,Columbia,Tennessee_Columbia,Furniture,662.88,,
"16 October, 2017",United States,Columbia,Tennessee_Columbia,Technology,,18.528,
"20 September, 2014",United States,Columbia,Maryland_Columbia,Technology,59.98,,
"16 October, 2017",United States,Columbia,Tennessee_Columbia,Furniture,,1875.258,
"21 December, 2014",United States,Columbia,Tennessee_Columbia,Office Supplies,,,18.24
"21 February, 2015",United States,Columbia,Maryland_Columbia,Office Supplies,2541.98,,
