Date,Country,City,State_City,Category,Consumer,Corporate,Home_Office
"12 September, 2014",United States,New Rochelle,New York_New Rochelle,Technology,,,69.99
"11 November, 2014",United States,New Rochelle,New York_New Rochelle,Office Supplies,,,277.57
"18 September, 2016",United States,New Rochelle,New York_New Rochelle,Furniture,692.502,,
"20 June, 2017",United States,New Rochelle,New York_New Rochelle,Office Supplies,51.312,,
"18 July, 2014",United States,New Rochelle,New York_New Rochelle,Office Supplies,13.904,,
"20 June, 2017",United States,New Rochelle,New York_New Rochelle,Technology,149.95,,
