Date,Country,City,State_City,Category,Consumer,Corporate,Home_Office
"19 November, 2017",United States,Westminster,California_Westminster,Technology,31.968,,
"14 July, 2017",United States,Westminster,California_Westminster,Technology,611.346,,
"14 July, 2017",United States,Westminster,California_Westminster,Office Supplies,81.328,,
"07 August, 2017",United States,Westminster,California_Westminster,Technology,763.64,,
"14 July, 2017",United States,Westminster,California_Westminster,Furniture,295.53,,
"04 May, 2017",United States,Westminster,California_Westminster,Office Supplies,243.16,,
"07 August, 2017",United States,Westminster,California_Westminster,Office Supplies,1540.74,,
"07 August, 2017",United States,Westminster,California_Westminster,Furniture,258.934,,
