Date,Country,City,State_City,Category,Consumer,Corporate,Home_Office
"18 November, 2016",United States,Concord,California_Concord,Office Supplies,61.12,,
"14 January, 2016",United States,Concord,North Carolina_Concord,Office Supplies,89.568,,
"14 January, 2016",United States,Concord,North Carolina_Concord,Furniture,315.776,,
"22 September, 2017",United States,Concord,New Hampshire_Concord,Office Supplies,,,67.4
"08 April, 2014",United States,Concord,California_Concord,Furniture,,,99.592
"12 February, 2014",United States,Concord,California_Concord,Furniture,129.568,,
"28 May, 2017",United States,Concord,New Hampshire_Concord,Furniture,,247.44,
"17 January, 2016",United States,Concord,New Hampshire_Concord,Furniture,,,322.59
"08 April, 2014",United States,Concord,California_Concord,Technology,,,399.96
"29 August, 2016",United States,Concord,New Hampshire_Concord,Office Supplies,,,27.93
"06 August, 2017",United States,Concord,New Hampshire_Concord,Technology,,,824.95
"14 October, 2014",United States,Concord,New Hampshire_Concord,Office Supplies,,292.82,
"03 December, 2015",United States,Concord,New Hampshire_Concord,Office Supplies,,,184.66
"21 July, 2017",United States,Concord,California_Concord,Office Supplies,,3.52,
"12 December, 2014",United States,Concord,California_Concord,Furniture,43.31,,
"17 January, 2016",United States,Concord,New Hampshire_Concord,Technology,,,401.96
"19 October, 2015",United States,Concord,New Hampshire_Concord,Office Supplies,34.44,,
"28 January, 2015",United States,Concord,North Carolina_Concord,Furniture,4297.644,,
"25 September, 2015",United States,Concord,New Hampshire_Concord,Office Supplies,68.62,,
"15 April, 2017",United States,Concord,North Carolina_Concord,Office Supplies,15.552,,
"21 July, 2016",United States,Concord,North Carolina_Concord,Office Supplies,6.264,,
"03 July, 2017",United States,Concord,New Hampshire_Concord,Furniture,102.3,,
"21 July, 2016",United States,Concord,North Carolina_Concord,Furniture,363.92,,
"23 June, 2014",United States,Concord,North Carolina_Concord,Office Supplies,23.12,,
"03 September, 2017",United States,Concord,California_Concord,Furniture,239.666,,
"21 July, 2017",United States,Concord,California_Concord,Technology,,1626.192,
"06 August, 2017",United States,Concord,New Hampshire_Concord,Office Supplies,,,252.52
