Date,Country,City,State_City,Category,Consumer,Corporate,Home_Office
"06 September, 2015",United States,Lafayette,Louisiana_Lafayette,Furniture,85.98,,
"24 September, 2015",United States,Lafayette,Louisiana_Lafayette,Furniture,517.5,,
"23 January, 2014",United States,Lafayette,Indiana_Lafayette,Office Supplies,5.94,,
"13 October, 2017",United States,Lafayette,Louisiana_Lafayette,Office Supplies,36.99,,
"04 April, 2014",United States,Lafayette,Louisiana_Lafayette,Office Supplies,,264.95,
"30 May, 2017",United States,Lafayette,Louisiana_Lafayette,Furniture,249.97,,
"17 February, 2017",United States,Lafayette,Louisiana_Lafayette,Technology,29.16,,
"13 October, 2017",United States,Lafayette,Louisiana_Lafayette,Furniture,1504.52,,
"21 December, 2017",United States,Lafayette,Indiana_Lafayette,Office Supplies,375.34,,
"04 April, 2014",United States,Lafayette,Louisiana_Lafayette,Technology,,99.98,
"06 August, 2017",United States,Lafayette,Louisiana_Lafayette,Furniture,161.14,,
"09 July, 2017",United States,Lafayette,Indiana_Lafayette,Furniture,,,526.45
"02 October, 2016",United States,Lafayette,Indiana_Lafayette,Technology,,17499.95,
"24 July, 2016",United States,Lafayette,Louisiana_Lafayette,Office Supplies,73.2,,
"24 December, 2017",United States,Lafayette,Louisiana_Lafayette,Furniture,232.88,,
"19 May, 2016",United States,Lafayette,Indiana_Lafayette,Office Supplies,,21.4,
"24 December, 2017",United States,Lafayette,Louisiana_Lafayette,Technology,479.97,,
"29 March, 2017",United States,Lafayette,Indiana_Lafayette,Office Supplies,81.4,,
"02 October, 2016",United States,Lafayette,Indiana_Lafayette,Office Supplies,,836.79,
"21 March, 2017",United States,Lafayette,Indiana_Lafayette,Office Supplies,283.18,,
"30 May, 2017",United States,Lafayette,Louisiana_Lafayette,Office Supplies,3.89,,
"19 December, 2017",United States,Lafayette,Louisiana_Lafayette,Office Supplies,1665.62,,
