Date,Country,City,State_City,Category,Consumer,Corporate,Home_Office
"11 March, 2016",United States,Vineland,New Jersey_Vineland,Furniture,244.006,,
"12 May, 2017",United States,Vineland,New Jersey_Vineland,Technology,87.4,,
"26 December, 2016",United States,Vineland,New Jersey_Vineland,Office Supplies,,26.49,
"26 December, 2016",United States,Vineland,New Jersey_Vineland,Furniture,,212.94,
"12 May, 2017",United States,Vineland,New Jersey_Vineland,Furniture,42.85,,
"12 May, 2017",United States,Vineland,New Jersey_Vineland,Office Supplies,23.16,,
"06 July, 2015",United States,Vineland,New Jersey_Vineland,Office Supplies,,11.12,
