Date,Country,City,State_City,Category,Consumer,Corporate,Home_Office
"01 June, 2017",United States,Toledo,Ohio_Toledo,Office Supplies,,17.48,
"22 December, 2017",United States,Toledo,Ohio_Toledo,Technology,629.958,,
"16 April, 2015",United States,Toledo,Ohio_Toledo,Technology,,118.782,
"22 December, 2017",United States,Toledo,Ohio_Toledo,Office Supplies,1.641,,
"16 April, 2015",United States,Toledo,Ohio_Toledo,Office Supplies,,120.422,
"10 November, 2016",United States,Toledo,Ohio_Toledo,Office Supplies,53.696,,
"09 January, 2016",United States,Toledo,Ohio_Toledo,Furniture,,15.168,
"14 April, 2017",United States,Toledo,Ohio_Toledo,Office Supplies,118.32,,
"11 September, 2016",United States,Toledo,Ohio_Toledo,Office Supplies,,,59.948
"09 September, 2017",United States,Toledo,Ohio_Toledo,Office Supplies,28.83,,
"15 November, 2015",United States,Toledo,Ohio_Toledo,Office Supplies,,166.92,
"30 November, 2017",United States,Toledo,Ohio_Toledo,Office Supplies,,,663.936
"12 January, 2015",United States,Toledo,Ohio_Toledo,Office Supplies,,10.368,
"24 November, 2014",United States,Toledo,Ohio_Toledo,Furniture,35.168,,
"07 December, 2017",United States,Toledo,Ohio_Toledo,Technology,127.984,,
"24 November, 2014",United States,Toledo,Ohio_Toledo,Technology,1502.376,,
"08 April, 2014",United States,Toledo,Ohio_Toledo,Furniture,172.11,,
"25 July, 2016",United States,Toledo,Ohio_Toledo,Office Supplies,,243.88,
"12 January, 2015",United States,Toledo,Ohio_Toledo,Technology,,379.066,
