Date,Country,City,State_City,Category,Consumer,Corporate,Home_Office
"23 October, 2015",United States,Lakeland,Florida_Lakeland,Office Supplies,10.688,,
"19 March, 2014",United States,Lakeland,Florida_Lakeland,Office Supplies,,71.538,
"21 October, 2017",United States,Lakeland,Florida_Lakeland,Furniture,,,729.648
"19 March, 2014",United States,Lakeland,Florida_Lakeland,Technology,,494.216,
"11 June, 2015",United States,Lakeland,Florida_Lakeland,Office Supplies,,1743.568,
"11 June, 2015",United States,Lakeland,Florida_Lakeland,Furniture,,1172.592,
"19 March, 2014",United States,Lakeland,Florida_Lakeland,Furniture,,25.008,
"11 June, 2015",United States,Lakeland,Florida_Lakeland,Technology,,249.584,
"23 October, 2015",United States,Lakeland,Florida_Lakeland,Technology,67.768,,
"12 August, 2016",United States,Lakeland,Florida_Lakeland,Furniture,,562.2925,
"02 May, 2014",United States,Lakeland,Florida_Lakeland,Technology,479.984,,
