Date,Country,City,State_City,Category,Consumer,Corporate,Home_Office
"20 December, 2016",United States,Fremont,Nebraska_Fremont,Office Supplies,33.9,,
"21 December, 2017",United States,Fremont,Nebraska_Fremont,Furniture,,,15.92
"05 July, 2017",United States,Fremont,Nebraska_Fremont,Technology,,79.96,
"09 December, 2016",United States,Fremont,Nebraska_Fremont,Office Supplies,,79.8,
"26 December, 2017",United States,Fremont,Nebraska_Fremont,Office Supplies,,750.68,
"01 June, 2017",United States,Fremont,Nebraska_Fremont,Office Supplies,,53.9,
"01 October, 2017",United States,Fremont,Nebraska_Fremont,Office Supplies,104.85,,
