Date,Country,City,State_City,Category,Consumer,Corporate,Home_Office
"02 January, 2015",United States,Medina,Ohio_Medina,Furniture,,452.45,
"02 January, 2015",United States,Medina,Ohio_Medina,Office Supplies,,23.68,
"02 November, 2014",United States,Medina,Ohio_Medina,Office Supplies,19.242,,
"02 November, 2014",United States,Medina,Ohio_Medina,Technology,590.196,,
"26 December, 2015",United States,Medina,Ohio_Medina,Furniture,51.588,,
"02 January, 2015",United States,Medina,Ohio_Medina,Technology,,1340.566,
