Date,Country,City,State_City,Category,Consumer,Corporate,Home_Office
"15 September, 2015",United States,Coral Springs,Florida_Coral Springs,Furniture,,71.68,
"24 March, 2015",United States,Coral Springs,Florida_Coral Springs,Office Supplies,,6.992,
"01 May, 2017",United States,Coral Springs,Florida_Coral Springs,Office Supplies,4.608,,
"05 November, 2015",United States,Coral Springs,Florida_Coral Springs,Office Supplies,387.136,,
"15 September, 2015",United States,Coral Springs,Florida_Coral Springs,Office Supplies,,40.224,
"01 May, 2017",United States,Coral Springs,Florida_Coral Springs,Furniture,314.352,,
