Date,Country,City,State_City,Category,Consumer,Corporate,Home_Office
"07 June, 2016",United States,Bakersfield,California_Bakersfield,Office Supplies,,,9.514
"02 September, 2017",United States,Bakersfield,California_Bakersfield,Technology,201.584,,
"06 May, 2016",United States,Bakersfield,California_Bakersfield,Furniture,41.6,,
"02 September, 2017",United States,Bakersfield,California_Bakersfield,Office Supplies,83.4,,
"29 September, 2017",United States,Bakersfield,California_Bakersfield,Office Supplies,179.512,,
"07 August, 2015",United States,Bakersfield,California_Bakersfield,Office Supplies,,,19.152
"29 September, 2017",United States,Bakersfield,California_Bakersfield,Furniture,124.534,,
"17 July, 2015",United States,Bakersfield,California_Bakersfield,Furniture,195.466,,
"10 April, 2016",United States,Bakersfield,California_Bakersfield,Office Supplies,,36.16,
"03 November, 2017",United States,Bakersfield,California_Bakersfield,Furniture,486.368,,
