Date,Country,City,State_City,Category,Consumer,Corporate,Home_Office
"28 May, 2017",United States,Cleveland,Ohio_Cleveland,Office Supplies,,13.872,
"10 December, 2015",United States,Cleveland,Ohio_Cleveland,Technology,25.488,,
"27 December, 2014",United States,Cleveland,Ohio_Cleveland,Office Supplies,118.16,,
"20 April, 2017",United States,Cleveland,Ohio_Cleveland,Technology,,,122.382
"08 May, 2016",United States,Cleveland,Ohio_Cleveland,Office Supplies,1052.232,,
"25 September, 2016",United States,Cleveland,Ohio_Cleveland,Office Supplies,642.016,,
"24 November, 2016",United States,Cleveland,Ohio_Cleveland,Office Supplies,,,40.752
"09 September, 2017",United States,Cleveland,Ohio_Cleveland,Office Supplies,25.92,,
"21 June, 2017",United States,Cleveland,Ohio_Cleveland,Office Supplies,41.256,,
"29 May, 2015",United States,Cleveland,Ohio_Cleveland,Office Supplies,,,85.056
"21 July, 2017",United States,Cleveland,Ohio_Cleveland,Technology,,,210.564
"09 September, 2017",United States,Cleveland,Ohio_Cleveland,Furniture,66.112,,
"21 June, 2017",United States,Cleveland,Ohio_Cleveland,Furniture,17.92,,
"08 May, 2016",United States,Cleveland,Ohio_Cleveland,Technology,58.112,,
"24 March, 2016",United States,Cleveland,Ohio_Cleveland,Furniture,301.47,,
"20 April, 2017",United States,Cleveland,Ohio_Cleveland,Office Supplies,,,857.244
"24 March, 2016",United States,Cleveland,Ohio_Cleveland,Office Supplies,18.656,,
"18 May, 2014",United States,Cleveland,Ohio_Cleveland,Technology,779.796,,
"19 November, 2017",United States,Cleveland,Ohio_Cleveland,Office Supplies,59.913,,
"27 January, 2015",United States,Cleveland,Ohio_Cleveland,Furniture,181.986,,
"24 December, 2014",United States,Cleveland,Ohio_Cleveland,Furniture,30.36,,
"22 January, 2016",United States,Cleveland,Ohio_Cleveland,Technology,,,165.552
"21 July, 2017",United States,Cleveland,Ohio_Cleveland,Office Supplies,,,256.25
"24 November, 2016",United States,Cleveland,Ohio_Cleveland,Technology,,,139.96
"18 December, 2015",United States,Cleveland,Ohio_Cleveland,Office Supplies,,,20.736
"25 August, 2017",United States,Cleveland,Ohio_Cleveland,Office Supplies,25.696,,
"02 September, 2017",United States,Cleveland,Ohio_Cleveland,Furniture,,15.072,
"27 January, 2015",United States,Cleveland,Ohio_Cleveland,Technology,587.346,,
"14 May, 2017",United States,Cleveland,Ohio_Cleveland,Office Supplies,87.994,,
"28 May, 2017",United States,Cleveland,Ohio_Cleveland,Furniture,,115.96,
"27 December, 2014",United States,Cleveland,Ohio_Cleveland,Furniture,182.352,,
