Date,Country,City,State_City,Category,Consumer,Corporate,Home_Office
"22 November, 2015",United States,Cambridge,Massachusetts_Cambridge,Office Supplies,,,77.06
"11 March, 2017",United States,Cambridge,Massachusetts_Cambridge,Technology,,,63.88
"01 October, 2015",United States,Cambridge,Massachusetts_Cambridge,Technology,,,311.98
"01 October, 2015",United States,Cambridge,Massachusetts_Cambridge,Office Supplies,,,22.45
"11 March, 2017",United States,Cambridge,Massachusetts_Cambridge,Furniture,,,26.72
