Date,Country,City,State_City,Category,Consumer,Corporate,Home_Office
"16 September, 2015",United States,Newport News,Virginia_Newport News,Office Supplies,31.12,,
"11 September, 2016",United States,Newport News,Virginia_Newport News,Technology,1599.92,,
"11 September, 2016",United States,Newport News,Virginia_Newport News,Office Supplies,11.09,,
"21 October, 2014",United States,Newport News,Virginia_Newport News,Office Supplies,,197.54,
"24 May, 2016",United States,Newport News,Virginia_Newport News,Office Supplies,,,261.1
"21 October, 2014",United States,Newport News,Virginia_Newport News,Furniture,,591.32,
"04 May, 2017",United States,Newport News,Virginia_Newport News,Office Supplies,629.86,,
