Date,Country,City,State_City,Category,Consumer,Corporate,Home_Office
"28 May, 2015",United States,Freeport,New York_Freeport,Office Supplies,60.87,,
"05 May, 2014",United States,Freeport,Illinois_Freeport,Office Supplies,,45.248,
"28 November, 2015",United States,Freeport,New York_Freeport,Furniture,322.59,,
"13 October, 2017",United States,Freeport,Illinois_Freeport,Furniture,10.476,,
"13 October, 2017",United States,Freeport,Illinois_Freeport,Office Supplies,160.096,,
"25 September, 2015",United States,Freeport,New York_Freeport,Furniture,102.582,,
"25 September, 2015",United States,Freeport,New York_Freeport,Office Supplies,20.04,,
"28 November, 2014",United States,Freeport,New York_Freeport,Office Supplies,17.248,,
