Date,Country,City,State_City,Category,Consumer,Corporate,Home_Office
"11 September, 2017",United States,Santa Ana,California_Santa Ana,Office Supplies,,19.44,
"27 December, 2016",United States,Santa Ana,California_Santa Ana,Office Supplies,,,20.16
"26 May, 2016",United States,Santa Ana,California_Santa Ana,Office Supplies,51.3,,
"22 September, 2017",United States,Santa Ana,California_Santa Ana,Office Supplies,21.96,,
"26 May, 2016",United States,Santa Ana,California_Santa Ana,Furniture,484.704,,
"29 November, 2015",United States,Santa Ana,California_Santa Ana,Office Supplies,,,56.3
"26 May, 2016",United States,Santa Ana,California_Santa Ana,Technology,583.144,,
"08 September, 2016",United States,Santa Ana,California_Santa Ana,Furniture,146.04,,
"14 May, 2017",United States,Santa Ana,California_Santa Ana,Technology,1399.93,,
"11 September, 2017",United States,Santa Ana,California_Santa Ana,Technology,,143.952,
"04 September, 2017",United States,Santa Ana,California_Santa Ana,Office Supplies,421.1,,
"14 May, 2017",United States,Santa Ana,California_Santa Ana,Furniture,18.28,,
