Date,Country,City,State_City,Category,Consumer,Corporate,Home_Office
"22 October, 2017",United States,Fort Collins,Colorado_Fort Collins,Office Supplies,3.168,,
"23 September, 2017",United States,Fort Collins,Colorado_Fort Collins,Technology,47.984,,
"22 October, 2017",United States,Fort Collins,Colorado_Fort Collins,Furniture,579.136,,
"23 September, 2017",United States,Fort Collins,Colorado_Fort Collins,Office Supplies,,,14.352
"02 September, 2017",United States,Fort Collins,Colorado_Fort Collins,Office Supplies,11.696,,
"23 September, 2017",United States,Fort Collins,Colorado_Fort Collins,Furniture,180.588,,
"22 August, 2016",United States,Fort Collins,Colorado_Fort Collins,Furniture,,,98.328
