Date,Country,City,State_City,Category,Consumer,Corporate,Home_Office
"29 June, 2017",United States,Minneapolis,Minnesota_Minneapolis,Office Supplies,374.48,,
"31 May, 2015",United States,Minneapolis,Minnesota_Minneapolis,Furniture,2567.84,,
"31 January, 2015",United States,Minneapolis,Minnesota_Minneapolis,Furniture,53.34,,
"08 May, 2015",United States,Minneapolis,Minnesota_Minneapolis,Office Supplies,43.98,,
"06 November, 2017",United States,Minneapolis,Minnesota_Minneapolis,Office Supplies,,,40.28
"23 September, 2014",United States,Minneapolis,Minnesota_Minneapolis,Office Supplies,9900.19,,
"18 November, 2014",United States,Minneapolis,Minnesota_Minneapolis,Office Supplies,,67.15,
"14 November, 2017",United States,Minneapolis,Minnesota_Minneapolis,Office Supplies,,,15.28
"18 December, 2016",United States,Minneapolis,Minnesota_Minneapolis,Furniture,,18.84,
"22 June, 2014",United States,Minneapolis,Minnesota_Minneapolis,Office Supplies,663.75,,
"08 May, 2015",United States,Minneapolis,Minnesota_Minneapolis,Technology,377.97,,
"13 February, 2017",United States,Minneapolis,Minnesota_Minneapolis,Office Supplies,90.64,,
"09 June, 2016",United States,Minneapolis,Minnesota_Minneapolis,Furniture,,,692.94
"08 May, 2015",United States,Minneapolis,Minnesota_Minneapolis,Furniture,123.96,,
"03 October, 2017",United States,Minneapolis,Minnesota_Minneapolis,Office Supplies,1793.98,,
"31 January, 2015",United States,Minneapolis,Minnesota_Minneapolis,Office Supplies,45.92,,
