Date,Country,City,State_City,Category,Consumer,Corporate,Home_Office
"30 December, 2014",United States,Laredo,Texas_Laredo,Office Supplies,,15.27,
"05 November, 2016",United States,Laredo,Texas_Laredo,Office Supplies,11.84,,
"30 December, 2014",United States,Laredo,Texas_Laredo,Technology,,594.344,
"13 October, 2016",United States,Laredo,Texas_Laredo,Office Supplies,30.446,,
"09 January, 2014",United States,Laredo,Texas_Laredo,Technology,31.2,,
"09 January, 2014",United States,Laredo,Texas_Laredo,Office Supplies,9.344,,
"13 October, 2016",United States,Laredo,Texas_Laredo,Technology,191.976,,
"13 October, 2016",United States,Laredo,Texas_Laredo,Furniture,139.92,,
