Date,Country,City,State_City,Category,Consumer,Corporate,Home_Office
"20 December, 2014",United States,Tucson,Arizona_Tucson,Technology,71.976,,
"20 December, 2014",United States,Tucson,Arizona_Tucson,Office Supplies,230.368,,
"22 March, 2014",United States,Tucson,Arizona_Tucson,Furniture,,314.352,
"23 July, 2014",United States,Tucson,Arizona_Tucson,Office Supplies,17.4,,
"20 December, 2014",United States,Tucson,Arizona_Tucson,Furniture,294.32,,
"19 December, 2016",United States,Tucson,Arizona_Tucson,Furniture,,455.97,
"03 September, 2015",United States,Tucson,Arizona_Tucson,Furniture,,238.152,
"23 January, 2017",United States,Tucson,Arizona_Tucson,Technology,,,95.984
"10 November, 2017",United States,Tucson,Arizona_Tucson,Furniture,,899.136,
"19 December, 2016",United States,Tucson,Arizona_Tucson,Office Supplies,,15.654,
"10 November, 2017",United States,Tucson,Arizona_Tucson,Office Supplies,,38.388,
"23 July, 2014",United States,Tucson,Arizona_Tucson,Technology,1502.976,,
"18 July, 2014",United States,Tucson,Arizona_Tucson,Furniture,,,259.136
"22 March, 2014",United States,Tucson,Arizona_Tucson,Office Supplies,,74.352,
"06 May, 2017",United States,Tucson,Arizona_Tucson,Office Supplies,84.416,,
"06 December, 2015",United States,Tucson,Arizona_Tucson,Furniture,206.112,,
"24 June, 2014",United States,Tucson,Arizona_Tucson,Furniture,4.272,,
"10 November, 2017",United States,Tucson,Arizona_Tucson,Technology,,537.53,
"06 December, 2015",United States,Tucson,Arizona_Tucson,Office Supplies,551.6,,
"23 January, 2017",United States,Tucson,Arizona_Tucson,Office Supplies,,,4.938
"24 September, 2015",United States,Tucson,Arizona_Tucson,Technology,35.12,,
"14 July, 2016",United States,Tucson,Arizona_Tucson,Technology,,380.864,
