Date,Country,City,State_City,Category,Consumer,Corporate,Home_Office
"07 March, 2015",United States,Newark,Delaware_Newark,Technology,,,707.82
"24 September, 2017",United States,Newark,Ohio_Newark,Furniture,103.056,,
"26 August, 2014",United States,Newark,Delaware_Newark,Technology,,,149.97
"08 July, 2017",United States,Newark,Delaware_Newark,Furniture,,123.9,
"17 March, 2016",United States,Newark,Delaware_Newark,Technology,129.98,,
"07 November, 2015",United States,Newark,Delaware_Newark,Office Supplies,,33.48,
"03 May, 2016",United States,Newark,Ohio_Newark,Technology,789.433,,
"17 November, 2017",United States,Newark,Delaware_Newark,Technology,10499.97,,
"20 October, 2016",United States,Newark,Ohio_Newark,Office Supplies,7.152,,
"03 May, 2016",United States,Newark,Ohio_Newark,Furniture,51.968,,
"13 November, 2015",United States,Newark,Delaware_Newark,Technology,467.95,,
"12 November, 2017",United States,Newark,Ohio_Newark,Technology,,370.782,
"13 January, 2014",United States,Newark,Ohio_Newark,Office Supplies,40.846,,
"27 December, 2017",United States,Newark,Ohio_Newark,Office Supplies,,13.248,
"05 December, 2016",United States,Newark,Delaware_Newark,Furniture,,13.4,
"27 November, 2015",United States,Newark,Delaware_Newark,Technology,,188.94,
"21 November, 2015",United States,Newark,Ohio_Newark,Furniture,396.802,,
"25 October, 2015",United States,Newark,Delaware_Newark,Furniture,,291.1,
"08 July, 2017",United States,Newark,Delaware_Newark,Office Supplies,,203.86,
"23 September, 2014",United States,Newark,Delaware_Newark,Office Supplies,,11.12,
"03 March, 2016",United States,Newark,Delaware_Newark,Technology,479.95,,
"17 November, 2014",United States,Newark,Delaware_Newark,Office Supplies,,2992.08,
"22 October, 2014",United States,Newark,Ohio_Newark,Furniture,,,93.888
"15 December, 2015",United States,Newark,Ohio_Newark,Furniture,262.864,,
"08 July, 2017",United States,Newark,Delaware_Newark,Technology,,141.9,
"21 October, 2016",United States,Newark,Delaware_Newark,Office Supplies,,7.92,
"25 February, 2016",United States,Newark,Ohio_Newark,Office Supplies,46.72,,
"13 November, 2015",United States,Newark,Delaware_Newark,Office Supplies,42.28,,
"12 January, 2015",United States,Newark,Delaware_Newark,Office Supplies,,465.18,
"26 August, 2014",United States,Newark,Delaware_Newark,Office Supplies,20.72,,8.64
"02 January, 2015",United States,Newark,Delaware_Newark,Office Supplies,,115.4,
"02 March, 2017",United States,Newark,Delaware_Newark,Office Supplies,,185.52,
"17 March, 2016",United States,Newark,Delaware_Newark,Office Supplies,32.54,,
"14 July, 2014",United States,Newark,Delaware_Newark,Office Supplies,,,39.48
"07 November, 2016",United States,Newark,Ohio_Newark,Technology,,119.976,
"27 December, 2017",United States,Newark,Ohio_Newark,Technology,,164.388,
"16 June, 2016",United States,Newark,Delaware_Newark,Office Supplies,9.45,,
"12 June, 2015",United States,Newark,Delaware_Newark,Office Supplies,29.9,,
"03 March, 2016",United States,Newark,Delaware_Newark,Office Supplies,614.3,,
"25 October, 2015",United States,Newark,Delaware_Newark,Technology,,158.99,
"19 June, 2017",United States,Newark,Ohio_Newark,Furniture,,798.9,
"13 November, 2015",United States,Newark,Delaware_Newark,Furniture,299.97,,
"20 November, 2017",United States,Newark,Ohio_Newark,Furniture,82.256,,
"30 November, 2017",United States,Newark,Delaware_Newark,Office Supplies,155.94,,
"21 December, 2014",United States,Newark,Delaware_Newark,Office Supplies,17.28,,
"29 February, 2016",United States,Newark,Ohio_Newark,Office Supplies,111.104,,
"05 June, 2016",United States,Newark,Delaware_Newark,Office Supplies,386.48,,
"28 April, 2014",United States,Newark,Ohio_Newark,Office Supplies,,211.576,
"21 November, 2015",United States,Newark,Ohio_Newark,Office Supplies,15.88,,
"17 June, 2014",United States,Newark,Delaware_Newark,Technology,65.97,,
"14 November, 2016",United States,Newark,Delaware_Newark,Office Supplies,16.45,,
"15 December, 2015",United States,Newark,Ohio_Newark,Technology,3927.342,,
"13 May, 2017",United States,Newark,Delaware_Newark,Office Supplies,,,299.52
"05 December, 2016",United States,Newark,Delaware_Newark,Office Supplies,,114.67,
"02 March, 2017",United States,Newark,Delaware_Newark,Furniture,,441.96,
"07 March, 2015",United States,Newark,Delaware_Newark,Office Supplies,,,99.72
"03 May, 2016",United States,Newark,Ohio_Newark,Office Supplies,201.64,,
"20 November, 2016",United States,Newark,Delaware_Newark,Office Supplies,128.4,,
"07 November, 2017",United States,Newark,Delaware_Newark,Office Supplies,100.94,,
"21 July, 2016",United States,Newark,Ohio_Newark,Office Supplies,,195.92,
"26 August, 2014",United States,Newark,Delaware_Newark,Furniture,10.68,,
"14 November, 2016",United States,Newark,Delaware_Newark,Furniture,19.92,,
"19 June, 2017",United States,Newark,Ohio_Newark,Technology,,122.328,
"17 November, 2014",United States,Newark,Delaware_Newark,Furniture,,124.41,
