Date,Country,City,State_City,Category,Consumer,Corporate,Home_Office
"14 March, 2014",United States,Chesapeake,Virginia_Chesapeake,Furniture,,,1139.92
"08 September, 2014",United States,Chesapeake,Virginia_Chesapeake,Office Supplies,45,,
"11 February, 2014",United States,Chesapeake,Virginia_Chesapeake,Technology,234.45,,
"08 September, 2014",United States,Chesapeake,Virginia_Chesapeake,Technology,209.97,,
"06 February, 2014",United States,Chesapeake,Virginia_Chesapeake,Office Supplies,,15,
"05 September, 2016",United States,Chesapeake,Virginia_Chesapeake,Furniture,1652.94,,
"18 April, 2016",United States,Chesapeake,Virginia_Chesapeake,Office Supplies,203.92,,
"05 September, 2016",United States,Chesapeake,Virginia_Chesapeake,Office Supplies,25.06,,
"01 December, 2015",United States,Chesapeake,Virginia_Chesapeake,Office Supplies,,125.64,
"17 December, 2017",United States,Chesapeake,Virginia_Chesapeake,Furniture,504.9,,
"06 February, 2014",United States,Chesapeake,Virginia_Chesapeake,Technology,,306.56,
"14 November, 2014",United States,Chesapeake,Virginia_Chesapeake,Office Supplies,32.4,,
"11 February, 2014",United States,Chesapeake,Virginia_Chesapeake,Office Supplies,17.46,,
"18 April, 2016",United States,Chesapeake,Virginia_Chesapeake,Technology,29.56,,
"11 February, 2014",United States,Chesapeake,Virginia_Chesapeake,Furniture,1256.22,,
"02 November, 2015",United States,Chesapeake,Virginia_Chesapeake,Office Supplies,197.72,,
