Date,Country,City,State_City,Category,Consumer,Corporate,Home_Office
"31 December, 2014",United States,Watertown,New York_Watertown,Furniture,,1573.488,
"02 September, 2014",United States,Watertown,New York_Watertown,Furniture,70.71,,
"02 September, 2014",United States,Watertown,New York_Watertown,Office Supplies,19.9,,
"17 August, 2017",United States,Watertown,New York_Watertown,Office Supplies,,895.92,
"27 June, 2017",United States,Watertown,New York_Watertown,Furniture,,,191.646
"14 November, 2017",United States,Watertown,New York_Watertown,Office Supplies,,96.36,
"17 August, 2017",United States,Watertown,New York_Watertown,Furniture,,462.564,
"11 May, 2014",United States,Watertown,New York_Watertown,Office Supplies,,35.91,
"10 December, 2016",United States,Watertown,New York_Watertown,Office Supplies,698.5,,
