Date,Country,City,State_City,Category,Consumer,Corporate,Home_Office
"11 December, 2016",United States,Smyrna,Tennessee_Smyrna,Office Supplies,6.672,,
"18 June, 2015",United States,Smyrna,Tennessee_Smyrna,Furniture,,643.136,
"05 February, 2016",United States,Smyrna,Georgia_Smyrna,Office Supplies,,,1227.01
"24 January, 2017",United States,Smyrna,Georgia_Smyrna,Office Supplies,5.67,,
"05 February, 2016",United States,Smyrna,Georgia_Smyrna,Technology,,,589.68
"05 February, 2016",United States,Smyrna,Georgia_Smyrna,Furniture,,,258.82
"18 June, 2015",United States,Smyrna,Tennessee_Smyrna,Office Supplies,,26.865,
"22 September, 2016",United States,Smyrna,Tennessee_Smyrna,Technology,,63.936,
"22 September, 2016",United States,Smyrna,Tennessee_Smyrna,Office Supplies,,40.776,
"08 April, 2016",United States,Smyrna,Georgia_Smyrna,Office Supplies,17.92,,
"28 June, 2015",United States,Smyrna,Georgia_Smyrna,Office Supplies,,,260.31
"22 September, 2017",United States,Smyrna,Georgia_Smyrna,Office Supplies,30.9,,
"20 January, 2014",United States,Smyrna,Tennessee_Smyrna,Office Supplies,,67.194,
