Date,Country,City,State_City,Category,Consumer,Corporate,Home_Office
"16 November, 2016",United States,Carlsbad,New Mexico_Carlsbad,Office Supplies,28.4,,
"17 December, 2016",United States,Carlsbad,New Mexico_Carlsbad,Office Supplies,,24.904,
"17 November, 2016",United States,Carlsbad,New Mexico_Carlsbad,Office Supplies,10.776,,
"16 June, 2017",United States,Carlsbad,New Mexico_Carlsbad,Office Supplies,,,228.28
"22 December, 2017",United States,Carlsbad,New Mexico_Carlsbad,Office Supplies,,59.94,
"22 December, 2017",United States,Carlsbad,New Mexico_Carlsbad,Technology,,67.04,
