Date,Country,City,State_City,Category,Consumer,Corporate,Home_Office
"24 December, 2015",United States,Colorado Springs,Colorado_Colorado Springs,Office Supplies,14.04,,
"24 December, 2015",United States,Colorado Springs,Colorado_Colorado Springs,Furniture,590.058,,
"20 May, 2016",United States,Colorado Springs,Colorado_Colorado Springs,Office Supplies,,,40.635
"24 April, 2016",United States,Colorado Springs,Colorado_Colorado Springs,Furniture,,,1325.76
"26 December, 2014",United States,Colorado Springs,Colorado_Colorado Springs,Furniture,,749.12,
"11 December, 2015",United States,Colorado Springs,Colorado_Colorado Springs,Office Supplies,130.096,,
"08 December, 2015",United States,Colorado Springs,Colorado_Colorado Springs,Office Supplies,,15.696,
"26 December, 2014",United States,Colorado Springs,Colorado_Colorado Springs,Office Supplies,,106.152,
"11 December, 2015",United States,Colorado Springs,Colorado_Colorado Springs,Furniture,541.862,,
"11 December, 2015",United States,Colorado Springs,Colorado_Colorado Springs,Technology,58.08,,
"24 April, 2016",United States,Colorado Springs,Colorado_Colorado Springs,Office Supplies,,,18.66
"26 December, 2016",United States,Colorado Springs,Colorado_Colorado Springs,Office Supplies,11.328,,
"06 January, 2015",United States,Colorado Springs,Colorado_Colorado Springs,Office Supplies,,31.538,
"21 December, 2015",United States,Colorado Springs,Colorado_Colorado Springs,Office Supplies,,60.984,
