Date,Country,City,State_City,Category,Consumer,Corporate,Home_Office
"16 June, 2015",United States,Grand Prairie,Texas_Grand Prairie,Furniture,197.372,,
"01 December, 2017",United States,Grand Prairie,Texas_Grand Prairie,Furniture,317.058,,
"31 December, 2015",United States,Grand Prairie,Texas_Grand Prairie,Furniture,14.76,,
"16 July, 2016",United States,Grand Prairie,Texas_Grand Prairie,Office Supplies,,57.24,
"04 November, 2017",United States,Grand Prairie,Texas_Grand Prairie,Office Supplies,,,23.68
"31 December, 2015",United States,Grand Prairie,Texas_Grand Prairie,Office Supplies,3.656,,
"01 December, 2017",United States,Grand Prairie,Texas_Grand Prairie,Technology,219.8,,
"20 December, 2014",United States,Grand Prairie,Texas_Grand Prairie,Office Supplies,19.432,,
"03 October, 2016",United States,Grand Prairie,Texas_Grand Prairie,Furniture,,38.08,
"16 June, 2015",United States,Grand Prairie,Texas_Grand Prairie,Office Supplies,55.968,,
"20 December, 2014",United States,Grand Prairie,Texas_Grand Prairie,Technology,65.44,,
