Date,Country,City,State_City,Category,Consumer,Corporate,Home_Office
"02 April, 2014",United States,Athens,Georgia_Athens,Technology,1049.93,,
"22 May, 2016",United States,Athens,Georgia_Athens,Office Supplies,14.73,,
"17 November, 2017",United States,Athens,Georgia_Athens,Technology,,286.09,
"06 January, 2014",United States,Athens,Georgia_Athens,Office Supplies,,12.78,
"26 August, 2016",United States,Athens,Georgia_Athens,Furniture,186.54,,
"02 April, 2014",United States,Athens,Georgia_Athens,Office Supplies,170.74,,
