Date,Country,City,State_City,Category,Consumer,Corporate,Home_Office
"07 April, 2014",United States,Mobile,Alabama_Mobile,Furniture,8.96,,
"26 November, 2016",United States,Mobile,Alabama_Mobile,Technology,,3040,
"15 September, 2015",United States,Mobile,Alabama_Mobile,Technology,59.97,,
"26 November, 2016",United States,Mobile,Alabama_Mobile,Office Supplies,,196.41,
"29 September, 2016",United States,Mobile,Alabama_Mobile,Office Supplies,88.86,,
"15 September, 2015",United States,Mobile,Alabama_Mobile,Furniture,1858.82,,
"29 September, 2016",United States,Mobile,Alabama_Mobile,Technology,209.97,,
