Date,Country,City,State_City,Category,Consumer,Corporate,Home_Office
"01 March, 2014",United States,El Paso,Texas_El Paso,Furniture,425.802,,
"31 December, 2014",United States,El Paso,Texas_El Paso,Office Supplies,,49.568,
"15 December, 2014",United States,El Paso,Texas_El Paso,Furniture,763.28,,
"11 July, 2014",United States,El Paso,Texas_El Paso,Office Supplies,10.368,,
"07 September, 2015",United States,El Paso,Texas_El Paso,Furniture,47.516,,
"23 February, 2014",United States,El Paso,Texas_El Paso,Office Supplies,,,11.364
"02 January, 2017",United States,El Paso,Texas_El Paso,Furniture,913.43,,
"01 March, 2014",United States,El Paso,Texas_El Paso,Office Supplies,148.392,,
"26 November, 2016",United States,El Paso,Texas_El Paso,Office Supplies,17.856,,
"02 January, 2017",United States,El Paso,Texas_El Paso,Office Supplies,409.32,,
"15 June, 2014",United States,El Paso,Texas_El Paso,Office Supplies,36.544,,
"15 December, 2014",United States,El Paso,Texas_El Paso,Technology,40.68,,
"30 November, 2017",United States,El Paso,Texas_El Paso,Technology,,95.976,
"11 July, 2014",United States,El Paso,Texas_El Paso,Technology,575.968,,
