Date,Country,City,State_City,Category,Consumer,Corporate,Home_Office
"12 September, 2016",United States,Roseville,Michigan_Roseville,Office Supplies,,68.52,
"16 November, 2017",United States,Roseville,California_Roseville,Furniture,17.31,,
"26 June, 2016",United States,Roseville,Michigan_Roseville,Office Supplies,,,547.97
"10 November, 2015",United States,Roseville,Minnesota_Roseville,Office Supplies,,,1585.91
"09 November, 2015",United States,Roseville,California_Roseville,Office Supplies,,,2.48
"10 November, 2015",United States,Roseville,Minnesota_Roseville,Furniture,,,29.22
"09 September, 2017",United States,Roseville,Michigan_Roseville,Office Supplies,17.48,,
"10 November, 2015",United States,Roseville,Minnesota_Roseville,Technology,,,549.99
"23 November, 2017",United States,Roseville,Michigan_Roseville,Office Supplies,4.36,,
"15 August, 2017",United States,Roseville,Minnesota_Roseville,Office Supplies,,50.4,
"13 October, 2016",United States,Roseville,California_Roseville,Furniture,43.12,,
"14 March, 2015",United States,Roseville,California_Roseville,Office Supplies,19.44,,
"21 July, 2016",United States,Roseville,California_Roseville,Office Supplies,,423.05,
"13 October, 2016",United States,Roseville,California_Roseville,Office Supplies,213.076,,
"16 November, 2016",United States,Roseville,California_Roseville,Office Supplies,8.32,,
"11 March, 2014",United States,Roseville,California_Roseville,Office Supplies,7.98,,
