Date,Country,City,State_City,Category,Consumer,Corporate,Home_Office
"08 August, 2015",United States,Lawrence,Massachusetts_Lawrence,Office Supplies,601.44,,
"23 April, 2017",United States,Lawrence,Indiana_Lawrence,Technology,155.34,,
"07 May, 2014",United States,Lawrence,Massachusetts_Lawrence,Furniture,1066.57,,
"09 December, 2016",United States,Lawrence,Massachusetts_Lawrence,Office Supplies,125.81,,
"21 November, 2015",United States,Lawrence,Indiana_Lawrence,Office Supplies,30.67,,
"07 May, 2014",United States,Lawrence,Massachusetts_Lawrence,Office Supplies,24.78,,
"31 August, 2017",United States,Lawrence,Indiana_Lawrence,Office Supplies,638.73,,
"10 September, 2017",United States,Lawrence,Massachusetts_Lawrence,Office Supplies,,14.88,
"21 November, 2015",United States,Lawrence,Indiana_Lawrence,Technology,477.44,,
"26 December, 2015",United States,Lawrence,Massachusetts_Lawrence,Office Supplies,22.2,,
"05 November, 2016",United States,Lawrence,Indiana_Lawrence,Office Supplies,,,196.33
"21 May, 2014",United States,Lawrence,Massachusetts_Lawrence,Office Supplies,,,711.68
"30 April, 2015",United States,Lawrence,Massachusetts_Lawrence,Technology,,209.5,
"19 October, 2017",United States,Lawrence,Massachusetts_Lawrence,Furniture,,56.56,
"19 October, 2017",United States,Lawrence,Massachusetts_Lawrence,Office Supplies,,32.7,
"14 December, 2017",United States,Lawrence,Massachusetts_Lawrence,Furniture,,,526.582
"22 September, 2016",United States,Lawrence,Indiana_Lawrence,Office Supplies,35.88,,
"17 January, 2015",United States,Lawrence,Massachusetts_Lawrence,Office Supplies,,6.68,
"30 April, 2015",United States,Lawrence,Massachusetts_Lawrence,Office Supplies,,6.48,
"09 November, 2015",United States,Lawrence,Indiana_Lawrence,Office Supplies,,,10.74
"14 December, 2017",United States,Lawrence,Massachusetts_Lawrence,Technology,,,1199.98
"30 April, 2015",United States,Lawrence,Massachusetts_Lawrence,Furniture,,65.18,
"24 September, 2017",United States,Lawrence,Massachusetts_Lawrence,Technology,,829.83,
"28 September, 2014",United States,Lawrence,Massachusetts_Lawrence,Office Supplies,,46.26,
"14 December, 2017",United States,Lawrence,Massachusetts_Lawrence,Office Supplies,,,116.84
"20 September, 2015",United States,Lawrence,Massachusetts_Lawrence,Office Supplies,37.68,,
"19 August, 2017",United States,Lawrence,Massachusetts_Lawrence,Office Supplies,19.44,387.99,
