Date,Country,City,State_City,Category,Consumer,Corporate,Home_Office
"22 September, 2016",United States,Parma,Ohio_Parma,Office Supplies,,,63.968
"15 October, 2014",United States,Parma,Ohio_Parma,Furniture,183.372,,
"15 October, 2014",United States,Parma,Ohio_Parma,Office Supplies,7.968,,
"12 November, 2016",United States,Parma,Ohio_Parma,Furniture,3461.248,,
"20 June, 2017",United States,Parma,Ohio_Parma,Office Supplies,36.352,,
"12 November, 2016",United States,Parma,Ohio_Parma,Office Supplies,126.848,,
