Date,Country,City,State_City,Category,Consumer,Corporate,Home_Office
"08 April, 2016",United States,Troy,Ohio_Troy,Office Supplies,,,129.976
"22 April, 2014",United States,Troy,New York_Troy,Office Supplies,,257.752,
"04 April, 2016",United States,Troy,New York_Troy,Furniture,,,82.64
"10 November, 2016",United States,Troy,Ohio_Troy,Office Supplies,31.104,,
"17 February, 2017",United States,Troy,Ohio_Troy,Office Supplies,,,5.715
"04 April, 2016",United States,Troy,New York_Troy,Technology,,,89.97
"11 December, 2015",United States,Troy,Ohio_Troy,Office Supplies,10.332,,
"04 April, 2016",United States,Troy,New York_Troy,Office Supplies,,,31.02
"30 April, 2015",United States,Troy,Ohio_Troy,Technology,1022.97,,
"06 December, 2015",United States,Troy,Ohio_Troy,Office Supplies,,,14.832
"28 June, 2015",United States,Troy,Ohio_Troy,Furniture,,482.94,
"17 February, 2017",United States,Troy,Ohio_Troy,Technology,,,57.594
"02 November, 2015",United States,Troy,New York_Troy,Furniture,109.764,,
"17 June, 2016",United States,Troy,New York_Troy,Furniture,319.41,,
"17 February, 2017",United States,Troy,Ohio_Troy,Furniture,,,1385.544
"17 June, 2016",United States,Troy,New York_Troy,Technology,30,,
"29 July, 2017",United States,Troy,New York_Troy,Office Supplies,60.12,,
"27 October, 2016",United States,Troy,New York_Troy,Furniture,40.2,,
"28 June, 2015",United States,Troy,Ohio_Troy,Office Supplies,,15.552,
"17 June, 2016",United States,Troy,New York_Troy,Office Supplies,305.68,,
"09 October, 2016",United States,Troy,Ohio_Troy,Technology,,23.976,
