Date,Country,City,State_City,Category,Consumer,Corporate,Home_Office
"05 December, 2014",United States,Alexandria,Virginia_Alexandria,Office Supplies,24.56,,
"26 January, 2014",United States,Alexandria,Virginia_Alexandria,Office Supplies,,,526.04
"26 January, 2014",United States,Alexandria,Virginia_Alexandria,Technology,,,343.33
"19 November, 2017",United States,Alexandria,Virginia_Alexandria,Office Supplies,25.06,,
"26 January, 2014",United States,Alexandria,Virginia_Alexandria,Furniture,,,75.24
"14 April, 2016",United States,Alexandria,Virginia_Alexandria,Office Supplies,81.2,,
"04 January, 2015",United States,Alexandria,Virginia_Alexandria,Furniture,,192.22,
"05 April, 2014",United States,Alexandria,Virginia_Alexandria,Office Supplies,,4222.93,
"05 April, 2014",United States,Alexandria,Virginia_Alexandria,Technology,,28.99,
