Date,Country,City,State_City,Category,Consumer,Corporate,Home_Office
"05 December, 2014",United States,Decatur,Illinois_Decatur,Technology,,408.744,
"02 April, 2017",United States,Decatur,Alabama_Decatur,Office Supplies,14.94,,
"31 May, 2016",United States,Decatur,Illinois_Decatur,Furniture,223.143,,
"16 February, 2017",United States,Decatur,Illinois_Decatur,Furniture,608.25,,
"13 June, 2015",United States,Decatur,Alabama_Decatur,Office Supplies,,76.32,
"13 June, 2015",United States,Decatur,Alabama_Decatur,Technology,,899.97,
"03 June, 2014",United States,Decatur,Illinois_Decatur,Furniture,61.544,,
"22 May, 2014",United States,Decatur,Alabama_Decatur,Technology,180.93,,
"31 May, 2016",United States,Decatur,Illinois_Decatur,Office Supplies,28.864,,
"08 April, 2014",United States,Decatur,Alabama_Decatur,Furniture,,1215.92,
"03 June, 2014",United States,Decatur,Illinois_Decatur,Office Supplies,148.632,,
"27 December, 2014",United States,Decatur,Alabama_Decatur,Technology,,498,
"27 December, 2014",United States,Decatur,Alabama_Decatur,Office Supplies,,23.92,
"26 September, 2016",United States,Decatur,Illinois_Decatur,Office Supplies,8.928,,
"26 September, 2016",United States,Decatur,Illinois_Decatur,Furniture,747.558,,
"16 November, 2014",United States,Decatur,Illinois_Decatur,Furniture,37.296,,
"13 November, 2017",United States,Decatur,Alabama_Decatur,Technology,239.92,,
"09 February, 2015",United States,Decatur,Illinois_Decatur,Technology,479.952,,
"16 February, 2017",United States,Decatur,Illinois_Decatur,Office Supplies,96.752,,
"05 December, 2014",United States,Decatur,Illinois_Decatur,Office Supplies,,24.816,
"05 April, 2014",United States,Decatur,Illinois_Decatur,Office Supplies,,101.728,
"12 June, 2016",United States,Decatur,Alabama_Decatur,Office Supplies,,224.9,
"24 June, 2017",United States,Decatur,Illinois_Decatur,Office Supplies,,193.266,
