Date,Country,City,State_City,Category,Consumer,Corporate,Home_Office
"04 September, 2016",United States,Knoxville,Tennessee_Knoxville,Office Supplies,131.104,,
"05 July, 2014",United States,Knoxville,Tennessee_Knoxville,Office Supplies,,4.368,
"21 March, 2014",United States,Knoxville,Tennessee_Knoxville,Furniture,251.328,,
"05 September, 2017",United States,Knoxville,Tennessee_Knoxville,Technology,89.568,,
"20 October, 2014",United States,Knoxville,Tennessee_Knoxville,Office Supplies,,98.352,
"05 September, 2017",United States,Knoxville,Tennessee_Knoxville,Office Supplies,87.512,,
"02 October, 2017",United States,Knoxville,Tennessee_Knoxville,Office Supplies,,,82.332
"01 December, 2016",United States,Knoxville,Tennessee_Knoxville,Office Supplies,4.704,,
"19 May, 2017",United States,Knoxville,Tennessee_Knoxville,Furniture,,314.352,
"20 October, 2014",United States,Knoxville,Tennessee_Knoxville,Furniture,,328.59,
"17 March, 2017",United States,Knoxville,Tennessee_Knoxville,Office Supplies,,,4.608
"21 March, 2014",United States,Knoxville,Tennessee_Knoxville,Office Supplies,59.2,,
"02 October, 2017",United States,Knoxville,Tennessee_Knoxville,Furniture,,,2355.34
"11 November, 2017",United States,Knoxville,Tennessee_Knoxville,Furniture,88.92,,
"19 May, 2017",United States,Knoxville,Tennessee_Knoxville,Office Supplies,,27.888,
