Date,Country,City,State_City,Category,Consumer,Corporate,Home_Office
"10 June, 2017",United States,Thousand Oaks,California_Thousand Oaks,Office Supplies,,14.7,
"15 October, 2017",United States,Thousand Oaks,California_Thousand Oaks,Furniture,,22.72,
"22 March, 2015",United States,Thousand Oaks,California_Thousand Oaks,Technology,15.984,,
"06 December, 2015",United States,Thousand Oaks,California_Thousand Oaks,Office Supplies,,,32.75
"15 October, 2017",United States,Thousand Oaks,California_Thousand Oaks,Office Supplies,,152.65,
