Date,Country,City,State_City,Category,Consumer,Corporate,Home_Office
"05 November, 2015",United States,Lakewood,Ohio_Lakewood,Office Supplies,34.418,,
"21 June, 2014",United States,Lakewood,New Jersey_Lakewood,Office Supplies,3.76,,
"16 April, 2016",United States,Lakewood,New Jersey_Lakewood,Office Supplies,,25.3,
"19 March, 2017",United States,Lakewood,New Jersey_Lakewood,Office Supplies,,8.94,
"17 April, 2016",United States,Lakewood,California_Lakewood,Furniture,257.499,,
"25 September, 2017",United States,Lakewood,Ohio_Lakewood,Office Supplies,,24.448,
"16 April, 2016",United States,Lakewood,New Jersey_Lakewood,Technology,,9099.93,
"15 September, 2017",United States,Lakewood,New Jersey_Lakewood,Office Supplies,,81.96,
"12 August, 2014",United States,Lakewood,New Jersey_Lakewood,Office Supplies,,196.21,
"21 October, 2017",United States,Lakewood,Ohio_Lakewood,Office Supplies,,,171.848
"13 October, 2014",United States,Lakewood,New Jersey_Lakewood,Furniture,,245.98,
"07 November, 2016",United States,Lakewood,New Jersey_Lakewood,Office Supplies,14.96,,
"20 May, 2017",United States,Lakewood,California_Lakewood,Furniture,,,525.252
"20 May, 2017",United States,Lakewood,California_Lakewood,Technology,,,343.2
"09 October, 2017",United States,Lakewood,Ohio_Lakewood,Furniture,,45.888,
"02 December, 2017",United States,Lakewood,Ohio_Lakewood,Technology,,151.188,
"04 December, 2015",United States,Lakewood,California_Lakewood,Office Supplies,16.9,,
"12 October, 2017",United States,Lakewood,New Jersey_Lakewood,Technology,45,,
"21 June, 2014",United States,Lakewood,New Jersey_Lakewood,Technology,1322.93,,
"16 March, 2017",United States,Lakewood,Ohio_Lakewood,Technology,,,445.44
"30 March, 2017",United States,Lakewood,California_Lakewood,Furniture,94.2,,
"15 September, 2017",United States,Lakewood,New Jersey_Lakewood,Furniture,,560.36,
"02 October, 2015",United States,Lakewood,New Jersey_Lakewood,Technology,,90,
"07 April, 2016",United States,Lakewood,New Jersey_Lakewood,Office Supplies,,37.94,
"26 June, 2015",United States,Lakewood,Ohio_Lakewood,Office Supplies,,,43.056
"23 September, 2014",United States,Lakewood,Ohio_Lakewood,Office Supplies,,,28.8
"02 December, 2017",United States,Lakewood,Ohio_Lakewood,Office Supplies,,19.728,
"12 October, 2017",United States,Lakewood,New Jersey_Lakewood,Furniture,2195.38,,
"18 November, 2017",United States,Lakewood,Ohio_Lakewood,Office Supplies,,38.864,
"19 October, 2014",United States,Lakewood,California_Lakewood,Technology,,,321.552
"04 December, 2015",United States,Lakewood,California_Lakewood,Furniture,25.08,,
"16 April, 2016",United States,Lakewood,New Jersey_Lakewood,Furniture,,9.96,
"30 July, 2017",United States,Lakewood,Ohio_Lakewood,Office Supplies,,,76.776
"13 October, 2014",United States,Lakewood,New Jersey_Lakewood,Office Supplies,,18.94,
"22 August, 2014",United States,Lakewood,Ohio_Lakewood,Office Supplies,,,3.912
"18 August, 2017",United States,Lakewood,Ohio_Lakewood,Office Supplies,10.782,,
"01 June, 2014",United States,Lakewood,New Jersey_Lakewood,Office Supplies,,,334.68
"15 September, 2017",United States,Lakewood,New Jersey_Lakewood,Technology,,395.94,
"21 October, 2016",United States,Lakewood,Ohio_Lakewood,Furniture,,661.176,
"02 October, 2015",United States,Lakewood,New Jersey_Lakewood,Office Supplies,,145.97,
"12 October, 2017",United States,Lakewood,New Jersey_Lakewood,Office Supplies,17.9,,
