Date,Country,City,State_City,Category,Consumer,Corporate,Home_Office
"13 December, 2016",United States,Riverside,California_Riverside,Office Supplies,9.84,,
"10 November, 2017",United States,Riverside,California_Riverside,Office Supplies,,,7.8
"13 December, 2015",United States,Riverside,California_Riverside,Office Supplies,,147.44,
"13 March, 2016",United States,Riverside,California_Riverside,Office Supplies,,,51.184
"20 July, 2014",United States,Riverside,California_Riverside,Office Supplies,,560.49,
"07 December, 2015",United States,Riverside,California_Riverside,Office Supplies,,12.96,
"20 July, 2014",United States,Riverside,California_Riverside,Technology,,41.94,
"01 August, 2016",United States,Riverside,California_Riverside,Technology,,1039.728,
"01 August, 2016",United States,Riverside,California_Riverside,Office Supplies,,45.96,
"24 April, 2016",United States,Riverside,California_Riverside,Office Supplies,3.984,,
"21 October, 2016",United States,Riverside,California_Riverside,Office Supplies,22.92,,
