Date,Country,City,State_City,Category,Consumer,Corporate,Home_Office
"18 December, 2016",United States,Morristown,New Jersey_Morristown,Office Supplies,,1793.98,
"17 September, 2017",United States,Morristown,New Jersey_Morristown,Technology,480,,
"22 January, 2016",United States,Morristown,New Jersey_Morristown,Office Supplies,7.56,,
"23 November, 2015",United States,Morristown,New Jersey_Morristown,Office Supplies,2643.06,,
"17 September, 2017",United States,Morristown,New Jersey_Morristown,Office Supplies,34.05,,
"14 April, 2017",United States,Morristown,New Jersey_Morristown,Furniture,,74.45,
