Date,Country,City,State_City,Category,Consumer,Corporate,Home_Office
"25 July, 2015",United States,Montgomery,Alabama_Montgomery,Office Supplies,,98.46,
"18 October, 2014",United States,Montgomery,Alabama_Montgomery,Office Supplies,,275.97,
"29 May, 2016",United States,Montgomery,Alabama_Montgomery,Technology,979.95,,
"08 September, 2015",United States,Montgomery,Alabama_Montgomery,Furniture,,21.36,
"29 May, 2016",United States,Montgomery,Alabama_Montgomery,Office Supplies,22.75,,
"25 July, 2015",United States,Montgomery,Alabama_Montgomery,Furniture,,358.58,
"28 November, 2014",United States,Montgomery,Alabama_Montgomery,Office Supplies,14.67,,
"18 October, 2014",United States,Montgomery,Alabama_Montgomery,Technology,,1394.95,
"18 October, 2014",United States,Montgomery,Alabama_Montgomery,Furniture,,545.88,
"02 October, 2017",United States,Montgomery,Alabama_Montgomery,Furniture,,10.16,
