Date,Country,City,State_City,Category,Consumer,Corporate,Home_Office
"06 February, 2015",United States,Wilmington,Delaware_Wilmington,Furniture,1552.74,,
"12 June, 2016",United States,Wilmington,Delaware_Wilmington,Furniture,47.04,,
"15 July, 2017",United States,Wilmington,Delaware_Wilmington,Furniture,310.443,,
"11 July, 2015",United States,Wilmington,Delaware_Wilmington,Furniture,,199.836,
"03 March, 2014",United States,Wilmington,North Carolina_Wilmington,Office Supplies,19.456,,
"16 April, 2014",United States,Wilmington,North Carolina_Wilmington,Office Supplies,,39.072,
"23 November, 2015",United States,Wilmington,Delaware_Wilmington,Technology,307.98,,
"05 October, 2015",United States,Wilmington,Delaware_Wilmington,Office Supplies,,77.55,
"31 July, 2017",United States,Wilmington,Delaware_Wilmington,Office Supplies,,,872.5
"11 July, 2015",United States,Wilmington,Delaware_Wilmington,Office Supplies,,221.06,
"19 November, 2014",United States,Wilmington,Delaware_Wilmington,Furniture,,1025.88,
"22 September, 2017",United States,Wilmington,Delaware_Wilmington,Technology,391.98,,
"25 November, 2015",United States,Wilmington,North Carolina_Wilmington,Office Supplies,13.12,,
"12 June, 2016",United States,Wilmington,Delaware_Wilmington,Office Supplies,372.42,,
"06 February, 2015",United States,Wilmington,Delaware_Wilmington,Office Supplies,5.68,,
"28 April, 2017",United States,Wilmington,North Carolina_Wilmington,Office Supplies,28.08,,
"30 May, 2016",United States,Wilmington,North Carolina_Wilmington,Office Supplies,3.282,,
"30 June, 2014",United States,Wilmington,North Carolina_Wilmington,Office Supplies,310.688,,
"25 April, 2014",United States,Wilmington,North Carolina_Wilmington,Technology,302.376,,
"12 June, 2016",United States,Wilmington,Delaware_Wilmington,Technology,68.04,,
"23 November, 2015",United States,Wilmington,Delaware_Wilmington,Office Supplies,112.66,,
"11 July, 2015",United States,Wilmington,Delaware_Wilmington,Technology,,716,
"19 November, 2014",United States,Wilmington,Delaware_Wilmington,Office Supplies,,245.54,
"15 July, 2017",United States,Wilmington,Delaware_Wilmington,Office Supplies,26.55,,
"09 October, 2017",United States,Wilmington,North Carolina_Wilmington,Office Supplies,10.816,,
"03 November, 2017",United States,Wilmington,North Carolina_Wilmington,Office Supplies,16.272,,
