Date,Country,City,State_City,Category,Consumer,Corporate,Home_Office
"19 May, 2017",United States,Mount Vernon,New York_Mount Vernon,Technology,,607.95,
"30 June, 2017",United States,Mount Vernon,New York_Mount Vernon,Office Supplies,,1085.42,
"29 September, 2017",United States,Mount Vernon,New York_Mount Vernon,Office Supplies,74.89,,
"30 November, 2014",United States,Mount Vernon,New York_Mount Vernon,Office Supplies,62.28,,
"13 October, 2014",United States,Mount Vernon,New York_Mount Vernon,Office Supplies,,7.752,
"19 May, 2017",United States,Mount Vernon,New York_Mount Vernon,Office Supplies,,281.34,
