Date,Country,City,State_City,Category,Consumer,Corporate,Home_Office
"14 December, 2015",United States,Jackson,Mississippi_Jackson,Office Supplies,,56.3,
"01 December, 2015",United States,Jackson,Michigan_Jackson,Office Supplies,,,41.62
"16 January, 2017",United States,Jackson,Michigan_Jackson,Furniture,302.67,,
"24 October, 2017",United States,Jackson,Mississippi_Jackson,Office Supplies,11.68,,
"09 December, 2016",United States,Jackson,Michigan_Jackson,Office Supplies,61.929,,
"20 November, 2017",United States,Jackson,Tennessee_Jackson,Furniture,209.568,,
"05 July, 2014",United States,Jackson,Mississippi_Jackson,Technology,479.97,,
"25 July, 2016",United States,Jackson,Mississippi_Jackson,Office Supplies,73.39,,
"31 May, 2014",United States,Jackson,Mississippi_Jackson,Technology,773.7,,
"16 January, 2017",United States,Jackson,Michigan_Jackson,Office Supplies,5500.03,,
"25 July, 2016",United States,Jackson,Mississippi_Jackson,Furniture,2430.08,,
"22 December, 2017",United States,Jackson,Tennessee_Jackson,Technology,46.864,,
"21 August, 2017",United States,Jackson,Mississippi_Jackson,Furniture,866.4,,
"30 April, 2014",United States,Jackson,Mississippi_Jackson,Technology,47.79,,
"10 December, 2017",United States,Jackson,Mississippi_Jackson,Office Supplies,,,45.84
"25 November, 2016",United States,Jackson,Michigan_Jackson,Office Supplies,,17.3,
"05 July, 2014",United States,Jackson,Mississippi_Jackson,Office Supplies,34.06,,
"20 December, 2016",United States,Jackson,Mississippi_Jackson,Office Supplies,,,15.42
"13 June, 2016",United States,Jackson,Michigan_Jackson,Technology,,,377.97
"08 August, 2016",United States,Jackson,Mississippi_Jackson,Office Supplies,,,23.34
"28 May, 2016",United States,Jackson,Mississippi_Jackson,Office Supplies,185.88,,
"25 August, 2017",United States,Jackson,Tennessee_Jackson,Office Supplies,13.152,,
"26 November, 2015",United States,Jackson,Tennessee_Jackson,Furniture,,692.472,
"14 December, 2015",United States,Jackson,Mississippi_Jackson,Furniture,,6.16,
"09 December, 2016",United States,Jackson,Michigan_Jackson,Technology,70.88,,
"25 November, 2016",United States,Jackson,Michigan_Jackson,Technology,,160,
"12 December, 2016",United States,Jackson,Michigan_Jackson,Office Supplies,,,40.76
"08 March, 2016",United States,Jackson,Michigan_Jackson,Office Supplies,,221.044,
"10 December, 2015",United States,Jackson,Michigan_Jackson,Office Supplies,,6.51,
"14 February, 2016",United States,Jackson,Mississippi_Jackson,Office Supplies,264.18,,
"21 January, 2017",United States,Jackson,Michigan_Jackson,Technology,,,1135.913
"15 March, 2016",United States,Jackson,Mississippi_Jackson,Office Supplies,,,365.44
"15 May, 2016",United States,Jackson,Mississippi_Jackson,Office Supplies,,,612.14
"20 December, 2016",United States,Jackson,Mississippi_Jackson,Furniture,,,18.92
"10 December, 2017",United States,Jackson,Mississippi_Jackson,Technology,,,638.94
"21 January, 2017",United States,Jackson,Michigan_Jackson,Office Supplies,,,103.92
"12 December, 2016",United States,Jackson,Michigan_Jackson,Technology,,,657.93
"22 December, 2017",United States,Jackson,Tennessee_Jackson,Furniture,934.956,,
"22 December, 2017",United States,Jackson,Tennessee_Jackson,Office Supplies,108.528,,
"21 October, 2016",United States,Jackson,Tennessee_Jackson,Office Supplies,111.672,,
"25 November, 2016",United States,Jackson,Michigan_Jackson,Furniture,,1568.61,
"02 September, 2017",United States,Jackson,Michigan_Jackson,Office Supplies,,,352.38
"10 December, 2015",United States,Jackson,Michigan_Jackson,Furniture,,993.92,
"14 December, 2016",United States,Jackson,Mississippi_Jackson,Furniture,133.38,,
"20 December, 2016",United States,Jackson,Mississippi_Jackson,Technology,66.3,,
"30 November, 2017",United States,Jackson,Mississippi_Jackson,Office Supplies,173.8,,
"12 December, 2016",United States,Jackson,Michigan_Jackson,Furniture,,,33.48
"04 May, 2014",United States,Jackson,Michigan_Jackson,Office Supplies,46.8,,
"02 September, 2017",United States,Jackson,Michigan_Jackson,Technology,,,3128.58
"24 November, 2014",United States,Jackson,Michigan_Jackson,Office Supplies,,508.62,
"31 October, 2015",United States,Jackson,Michigan_Jackson,Office Supplies,,,70.12
"17 March, 2014",United States,Jackson,Mississippi_Jackson,Office Supplies,,103.5,
"14 September, 2017",United States,Jackson,Michigan_Jackson,Office Supplies,19.05,,
