Date,Country,City,State_City,Category,Consumer,Corporate,Home_Office
"22 February, 2014",United States,Moreno Valley,California_Moreno Valley,Office Supplies,19.44,,
"08 September, 2015",United States,Moreno Valley,California_Moreno Valley,Office Supplies,68.28,,
"26 January, 2015",United States,Moreno Valley,California_Moreno Valley,Office Supplies,,182.72,
"22 December, 2016",United States,Moreno Valley,California_Moreno Valley,Furniture,884.68,,
"27 December, 2014",United States,Moreno Valley,California_Moreno Valley,Office Supplies,,,107.346
