Date,Country,City,State_City,Category,Consumer,Corporate,Home_Office
"01 November, 2014",United States,Long Beach,New York_Long Beach,Office Supplies,701.88,,
"20 July, 2016",United States,Long Beach,New York_Long Beach,Technology,89.95,,
"10 December, 2016",United States,Long Beach,California_Long Beach,Office Supplies,,,80.28
"08 September, 2014",United States,Long Beach,New York_Long Beach,Office Supplies,,16.78,
"04 September, 2017",United States,Long Beach,New York_Long Beach,Technology,91.96,,
"25 September, 2016",United States,Long Beach,California_Long Beach,Technology,524.712,,
"09 April, 2015",United States,Long Beach,California_Long Beach,Furniture,369.912,,
"11 September, 2017",United States,Long Beach,California_Long Beach,Furniture,,,2054.272
"01 November, 2014",United States,Long Beach,New York_Long Beach,Furniture,31.68,,
"30 March, 2014",United States,Long Beach,New York_Long Beach,Office Supplies,49.65,,
"25 September, 2016",United States,Long Beach,California_Long Beach,Furniture,483.136,,
"18 February, 2015",United States,Long Beach,California_Long Beach,Furniture,35.544,,
"12 June, 2016",United States,Long Beach,New York_Long Beach,Office Supplies,145.5,,
"14 September, 2016",United States,Long Beach,New York_Long Beach,Office Supplies,673.568,,
"06 June, 2014",United States,Long Beach,New York_Long Beach,Office Supplies,,166.684,
"17 May, 2015",United States,Long Beach,New York_Long Beach,Office Supplies,87.1,,
"19 February, 2016",United States,Long Beach,New York_Long Beach,Office Supplies,,34.38,
"11 September, 2017",United States,Long Beach,California_Long Beach,Office Supplies,,,35.14
"07 August, 2017",United States,Long Beach,New York_Long Beach,Office Supplies,116.48,,
"18 February, 2015",United States,Long Beach,California_Long Beach,Office Supplies,61.06,,
"20 September, 2015",United States,Long Beach,New York_Long Beach,Office Supplies,,85.848,
"19 September, 2014",United States,Long Beach,California_Long Beach,Office Supplies,,7.16,
"03 November, 2015",United States,Long Beach,New York_Long Beach,Furniture,,1448.82,
"25 September, 2016",United States,Long Beach,California_Long Beach,Office Supplies,51.24,,
"18 November, 2017",United States,Long Beach,New York_Long Beach,Technology,74.95,,
"28 December, 2017",United States,Long Beach,California_Long Beach,Furniture,,340.704,
"21 June, 2014",United States,Long Beach,New York_Long Beach,Technology,1214.85,,
"14 September, 2016",United States,Long Beach,New York_Long Beach,Technology,437.85,,
"07 July, 2017",United States,Long Beach,New York_Long Beach,Office Supplies,17.472,,
"19 November, 2016",United States,Long Beach,New York_Long Beach,Office Supplies,53.49,,
"23 July, 2017",United States,Long Beach,New York_Long Beach,Office Supplies,,41.4,
"04 November, 2014",United States,Long Beach,California_Long Beach,Office Supplies,,2.94,
"18 September, 2015",United States,Long Beach,California_Long Beach,Office Supplies,187.94,,
"06 June, 2014",United States,Long Beach,New York_Long Beach,Furniture,,991.764,
"08 March, 2015",United States,Long Beach,New York_Long Beach,Office Supplies,,19.44,
"10 March, 2016",United States,Long Beach,New York_Long Beach,Furniture,176.784,,
"07 January, 2017",United States,Long Beach,California_Long Beach,Office Supplies,332.8,,
"23 June, 2015",United States,Long Beach,California_Long Beach,Office Supplies,5.43,,
"08 June, 2014",United States,Long Beach,New York_Long Beach,Office Supplies,1745.36,,
"31 May, 2015",United States,Long Beach,New York_Long Beach,Office Supplies,,,7.56
"23 June, 2015",United States,Long Beach,California_Long Beach,Technology,361.56,,
