Date,Country,City,State_City,Category,Consumer,Corporate,Home_Office
"28 August, 2016",United States,Cincinnati,Ohio_Cincinnati,Office Supplies,,18.432,
"03 September, 2016",United States,Cincinnati,Ohio_Cincinnati,Office Supplies,,30.96,
"25 September, 2017",United States,Cincinnati,Ohio_Cincinnati,Office Supplies,10.608,,
"03 February, 2017",United States,Cincinnati,Ohio_Cincinnati,Office Supplies,290.781,,
"29 June, 2014",United States,Cincinnati,Ohio_Cincinnati,Office Supplies,32.76,,
"25 September, 2017",United States,Cincinnati,Ohio_Cincinnati,Technology,119.96,,
"09 December, 2017",United States,Cincinnati,Ohio_Cincinnati,Office Supplies,,94.784,
"14 May, 2016",United States,Cincinnati,Ohio_Cincinnati,Furniture,79.384,,
"05 October, 2015",United States,Cincinnati,Ohio_Cincinnati,Technology,53.04,,
"12 May, 2017",United States,Cincinnati,Ohio_Cincinnati,Office Supplies,5.904,,
"24 November, 2014",United States,Cincinnati,Ohio_Cincinnati,Office Supplies,2.624,,
"30 May, 2016",United States,Cincinnati,Ohio_Cincinnati,Technology,,839.988,
"20 November, 2016",United States,Cincinnati,Ohio_Cincinnati,Office Supplies,32.751,,
